:020000040800F2
:1000000000000220AD6F0008456D00084D6D00082E
:10001000556D00085D6D0008656D0008000000006A
:1000200000000000000000000000000071EA00086D
:100030006D6D000800000000C1EC00087B6D000839
:10004000FD6F0008FD6F0008FD6F0008FD6F0008E0
:10005000FD6F0008956D0008FD6F0008FD6F00083A
:10006000FD6F0008FD6F0008FD6F0008FD6F0008C0
:10007000FD6F0008FD6F0008FD6F0008FD6F0008B0
:10008000FD6F0008FD6F0008A56D0008FD6F0008FA
:10009000FD6F0008FD6F0008FD6F0008FD6F000890
:1000A000FD6F0008FD6F0008FD6F0008C16D0008BE
:1000B000FD6F0008FD6F0008D56D0008FD6F00089A
:1000C000FD6F0008FD6F0008FD6F0008FD6F000860
:1000D000FD6F0008FD6F0008FD6F0008E96D000866
:1000E000FD6F0008FD6F0008FD6F0008FD6F000840
:1000F000FD6F0008FD6F0008FD6F0008FD6F000830
:10010000FD6F0008FD6F0008FD6F0008FD6F00081F
:10011000FD6F0008FD6F0008FD6F0008FD6F00080F
:10012000FD6F0008FD6F0008FD6F0008FD6F0008FF
:10013000FD6F0008FD6F0008FD6F0008FD6F0008EF
:10014000FD6F0008FD6F0008FD6F0008FD6F0008DF
:10015000FD6F0008FD6F0008FD6F0008FD6F0008CF
:10016000FD6F0008FD6F0008FD6F0008FD6F0008BF
:10017000FD6F0008FD6F0008FD6F00080000000023
:08018000FD6F0008FD6F00088F
:1001900010B5054C237833B9044B13B10448AFF3C1
:1001A00000800123237010BD180300200000000010
:1001B000D82C010808B5034B1BB103490348AFF322
:1001C000008008BD000000001C030020D82C01089E
:1001D00001F0FF01102A2BDB10F0070F08D010F8F8
:1001E000013B013A8B422DD010F0070F42B3F6D1FC
:1001F000F0B441EA012141EA014122F007047FF015
:1002000000070023F0E80256083C85EA010586EA6B
:10021000010685FA47F5A3FA87F586FA47F6A5FAA7
:1002200087F68EB9EED1F0BC01F0FF0102F00702B3
:1002300032B110F8013B013A83EA010313B1F8D15E
:100240000020704701387047002D06BF354603383F
:10025000073815F0010F07D1013015F4807F02BF78
:10026000013015F4C03F0130F0BC0138704700BFC9
:10027000034613F8012B002AFBD1181A01387047E6
:1002800081F0004102E000BF83F0004330B54FEA47
:1002900041044FEA430594EA050F08BF90EA020FB4
:1002A0001FBF54EA000C55EA020C7FEA645C7FEA47
:1002B000655C00F0E2804FEA5454D4EB5555B8BF6A
:1002C0006D420CDD2C4480EA020281EA030382EADB
:1002D000000083EA010180EA020281EA0303362D6D
:1002E00088BF30BD11F0004F4FEA01314FF4801C40
:1002F0004CEA113102D0404261EB410113F0004F52
:100300004FEA03334CEA133302D0524263EB430308
:1003100094EA050F00F0A780A4F10104D5F1200EA6
:100320000DDB02FA0EFC22FA05F2801841F1000101
:1003300003FA0EF2801843FA05F359410EE0A5F1D5
:1003400020050EF1200E012A03FA0EFC28BF4CF006
:10035000020C43FA05F3C01851EBE37101F00045BC
:1003600007D54FF0000EDCF1000C7EEB00006EEBC9
:100370000101B1F5801F1BD3B1F5001F0CD3490853
:100380005FEA30004FEA3C0C04F101044FEA4452AA
:1003900012F5800F80F09A80BCF1004F08BF5FEA31
:1003A000500C50F1000041EB045141EA050130BD11
:1003B0005FEA4C0C404141EB0101013C28BFB1F523
:1003C000801FE9D291F0000F04BF01460020B1FA6E
:1003D00081F308BF2033A3F10B03B3F120020CDA41
:1003E0000C3208DD02F1140CC2F10C0201FA0CF01F
:1003F00021FA02F10CE002F11402D8BFC2F1200C84
:1004000001FA02F120FA0CFCDCBF41EA0C01904039
:10041000E41AA2BF01EB0451294330BD6FEA040482
:100420001F3C1CDA0C340EDC04F11404C4F120026D
:1004300020FA04F001FA02F340EA030021FA04F37F
:1004400045EA030130BDC4F10C04C4F1200220FAD6
:1004500002F001FA04F340EA0300294630BD21FA14
:1004600004F0294630BD94F0000F83F4801306BFDA
:1004700081F480110134013D4EE77FEA645C18BFCE
:100480007FEA655C29D094EA050F08BF90EA020F65
:1004900005D054EA000C04BF1946104630BD91EA5D
:1004A000030F1EBF0021002030BD5FEA545C05D160
:1004B0004000494128BF41F0004130BD14F580049F
:1004C0003CBF01F5801130BD01F0004545F0FE4113
:1004D00041F470014FF0000030BD7FEA645C1ABF48
:1004E000194610467FEA655C1CBF0B46024650EA7F
:1004F000013406BF52EA033591EA030F41F40021AB
:1005000030BD00BF90F0000F04BF0021704730B530
:100510004FF4806404F132044FF000054FF0000105
:1005200050E700BF90F0000F04BF0021704730B5C6
:100530004FF4806404F1320410F0004548BF40429B
:100540004FF000013EE700BF42004FEAE2014FEAF0
:1005500031014FEA02701FBF12F07F4393F07F4FCB
:1005600081F06051704732F07F4208BF704793F0CE
:100570007F4F04BF41F40021704730B54FF46074E1
:1005800001F0004521F000411CE700BF50EA0102E4
:1005900008BF704730B54FF000050AE050EA01028D
:1005A00008BF704730B511F0004502D5404261EBFD
:1005B00041014FF4806404F132045FEA915C3FF43E
:1005C000D8AE4FF003025FEADC0C18BF03325FEADB
:1005D000DC0C18BF033202EBDC02C2F1200300FA8C
:1005E00003FC20FA02F001FA03FE40EA0E0021FAB1
:1005F00002F11444BDE600BF70B54FF0FF0C4CF49F
:10060000E06C1CEA11541DBF1CEA135594EA0C0F50
:1006100095EA0C0F00F0DEF82C4481EA030621EA8B
:100620004C5123EA4C5350EA013518BF52EA0335C6
:1006300041F4801143F4801338D0A0FB02CE4FF078
:100640000005E1FB02E506F00042E0FB03E54FF0A8
:100650000006E1FB03569CF0000F18BF4EF0010EA0
:10066000A4F1FF04B6F5007F64F5407404D25FEA9C
:100670004E0E6D4146EB060642EAC62141EA55514F
:100680004FEAC52040EA5E504FEACE2EB4F1FD0C91
:1006900088BFBCF5E06F1ED8BEF1004F08BF5FEA0F
:1006A000500E50F1000041EB045170BD06F00046C1
:1006B00046EA010140EA020081EA0301B4EB5C046E
:1006C000C2BFD4EB0C0541EA045170BD41F4801166
:1006D0004FF0000E013C00F3AB8014F1360FDEBF8B
:1006E000002001F0004170BDC4F10004203C35DA67
:1006F0000C341BDC04F11404C4F1200500FA05F3EA
:1007000020FA04F001FA05F240EA020001F000428A
:1007100021F0004110EBD37021FA04F642EB060100
:100720005EEA430E08BF20EAD37070BDC4F10C042A
:10073000C4F1200500FA04F320FA05F001FA04F2EE
:1007400040EA020001F0004110EBD37041F10001DA
:100750005EEA430E08BF20EAD37070BDC4F12005E5
:1007600000FA05F24EEA020E20FA04F301FA05F24D
:1007700043EA020321FA04F001F0004121FA04F2F5
:1007800020EA020000EBD3705EEA430E08BF20EAC5
:10079000D37070BD94F0000F0FD101F000464000FF
:1007A00041EB010111F4801F08BF013CF7D041EA81
:1007B000060195F0000F18BF704703F00046520085
:1007C00043EB030313F4801F08BF013DF7D043EA56
:1007D0000603704794EA0C0F0CEA135518BF95EA0C
:1007E0000C0F0CD050EA410618BF52EA4306D1D193
:1007F00081EA030101F000414FF0000070BD50EAB2
:10080000410606BF1046194652EA430619D094EA3B
:100810000C0F02D150EA013613D195EA0C0F05D125
:1008200052EA03361CBF104619460AD181EA030179
:1008300001F0004141F0FE4141F470014FF0000031
:1008400070BD41F0FE4141F4780170BD70B54FF0CC
:10085000FF0C4CF4E06C1CEA11541DBF1CEA13554C
:1008600094EA0C0F95EA0C0F00F0A7F8A4EB05042E
:1008700081EA030E52EA03354FEA013100F0888025
:100880004FEA03334FF0805545EA131343EA1263EE
:100890004FEA022245EA111545EA10654FEA0026A3
:1008A0000EF000419D4208BF964244F1FD0404F55C
:1008B000407402D25B084FEA3202B61A65EB0305B8
:1008C0005B084FEA32024FF480104FF4002CB6EB75
:1008D000020E75EB030E22BFB61A754640EA0C00F5
:1008E0005B084FEA3202B6EB020E75EB030E22BF35
:1008F000B61A754640EA5C005B084FEA3202B6EB76
:10090000020E75EB030E22BFB61A754640EA9C0034
:100910005B084FEA3202B6EB020E75EB030E22BF04
:10092000B61A754640EADC0055EA060E18D04FEAC2
:10093000051545EA16754FEA06164FEAC30343EA62
:1009400052734FEAC2025FEA1C1CC0D111F4801F2F
:100950000BD141EA00014FF000004FF0004CB6E728
:1009600011F4801F04BF01430020B4F1FD0C88BFC7
:10097000BCF5E06F3FF6AFAEB5EB030C04BFB6EBD2
:10098000020C5FEA500C50F1000041EB045170BDC5
:100990000EF0004E4EEA113114EB5C04C2BFD4EBF2
:1009A0000C0541EA045170BD41F480114FF0000E76
:1009B000013C90E645EA060E8DE60CEA135594EAF2
:1009C0000C0F08BF95EA0C0F3FF43BAF94EA0C0FF5
:1009D0000AD150EA01347FF434AF95EA0C0F7FF46A
:1009E00025AF104619462CE795EA0C0F06D152EABE
:1009F00003353FF4FDAE1046194622E750EA4106A2
:100A000018BF52EA43067FF4C5AE50EA41047FF4B2
:100A10000DAF52EA43057FF4EBAE12E74FF0FF3C17
:100A200006E000BF4FF0010C02E000BF4FF0010CE8
:100A30004DF804CD4FEA410C7FEA6C5C4FEA430C61
:100A400018BF7FEA6C5C1BD001B050EA410C0CBFB0
:100A500052EA430C91EA030F02BF90EA020F002012
:100A6000704710F1000F91EA030F58BF994208BF79
:100A700090422CBFD8176FEAE37040F00100704736
:100A80004FEA410C7FEA6C5C02D150EA013C07D18D
:100A90004FEA430C7FEA6C5CD6D152EA033CD3D0D8
:100AA0005DF8040B704700BF8446104662468C46D2
:100AB0001946634600E000BF01B5FFF7B7FF002805
:100AC00048BF10F1000F01BD4DF808EDFFF7F4FF2E
:100AD0000CBF012000205DF808FB00BF4DF808EDB9
:100AE000FFF7EAFF34BF012000205DF808FB00BFDC
:100AF0004DF808EDFFF7E0FF94BF012000205DF8FE
:100B000008FB00BF4DF808EDFFF7CEFF94BF0120B2
:100B100000205DF808FB00BF4DF808EDFFF7C4FFAB
:100B200034BF012000205DF808FB00BF4FEA410CF4
:100B30007FEA6C5C02D150EA013C0AD14FEA430CD7
:100B40007FEA6C5C02D152EA033C02D14FF0000014
:100B500070474FF0010070474FEA410212F5001252
:100B600015D211D56FF47873B3EB625212D94FEAF4
:100B7000C12343F0004343EA505311F0004F23FADE
:100B800002F018BF404270474FF00000704750EA33
:100B9000013005D111F0004008BF6FF000407047F0
:100BA0004FF00000704700BF4A0011D212F500124A
:100BB00011D20DD56FF47873B3EB62520ED44FEAB5
:100BC000C12343F0004343EA505323FA02F0704735
:100BD0004FF00000704750EA013002D14FF0FF3073
:100BE00070474FF0000070474FEA4102B2F1E04316
:100BF00024BFB3F5001CDCF1FE5C0DD901F0004C04
:100C00004FEAC0024CEA5070B2F1004F40EB830053
:100C100008BF20F00100704711F0804F21D113F17F
:100C20003872BCBF01F00040704741F480114FEAB8
:100C30005252C2F11802C2F1200C10FA0CF320FA41
:100C400002F018BF40F001004FEAC1234FEAD3235E
:100C500003FA0CFC40EA0C0023FA02F34FEA4303C8
:100C6000CCE77FEA625307D150EA01331EBF4FF051
:100C7000FE4040F44000704701F0004040F0FE406C
:100C800040F40000704700BF53B94AB9002908BFBB
:100C900000281CBF4FF0FF314FF0FF3000F06AB961
:100CA000ADF1080C6DE904CE00F006F8DDF804E0C3
:100CB000DDE9022304B070472DE9F047089D0C469A
:100CC000002B4ED194468C458646B2FA82F262D908
:100CD0004AB1C2F12003914020FA03F30CFA02FC5E
:100CE000194300FA02FE4FEA1C471FFA8CF6B1FBCB
:100CF000F7F44FEA1E4307FB141143EA014304FBD8
:100D000006F199420AD91CEB030304F1FF3080F08D
:100D10001281994240F20F81023C6344591A1FFA32
:100D20008EF3B1FBF7F007FB101143EA014300FB20
:100D300006F69E420AD91CEB030300F1FF3180F056
:100D4000FC809E4240F2F980634402389B1B40EADB
:100D5000044000211DB1D3400022C5E90032BDE8A6
:100D6000F0878B4205D90DB1C5E900010021084685
:100D7000F5E7B3FA83F1002946D1A34202D39042AA
:100D8000C0F0F080861A64EB03030120002DE6D04A
:100D9000C5E90063E3E7002A40F09080A1EB0C0472
:100DA0004FEA1C481FFA8CF70121B4FBF8F64FEA12
:100DB0001E4308FB164443EA044307FB06F098422F
:100DC00008D91CEB030306F1FF3402D2984200F26B
:100DD000CD8026461C1A1FFA8EF3B4FBF8F008FBF0
:100DE000104443EA044300FB07F79F4208D91CEB79
:100DF000030300F1FF3402D29F4200F2B08020468C
:100E0000DB1B40EA0640A5E7C1F120068B4022FA31
:100E100006F71F4320FA06FC04FA01F343EA0C0329
:100E2000F44000FA01F8380C4FEA1349B4FBF0FE25
:100E30001FFA87FC00FB1E4449EA04440EFB0CF930
:100E4000A14502FA01F20AD93C190EF1FF3A80F0ED
:100E50008480A14540F28180AEF1020E3C44A4EBB7
:100E600009041FFA83F9B4FBF0F300FB134449EAC9
:100E7000044403FB0CFCA44507D93C1903F1FF30E3
:100E800067D2A44565D9023B3C4443EA0E40A0FB2F
:100E90000293A4EB0C049C42CE469C4651D34ED008
:100EA00055B1B8EB0E0364EB0C0404FA06F6CB4024
:100EB0001E43CC40C5E90064002150E7C2F1200385
:100EC00020FA03F10CFA02FC24FA03F394400C43D9
:100ED0004FEA1C4800FA02FE1FFA8CF7B3FBF8F049
:100EE00008FB1031230C43EA014300FB07F1994250
:100EF00008D91CEB030300F1FF362CD299422AD902
:100F0000023863445B1AA4B2B3FBF8F108FB113357
:100F100044EA034401FB07F3A34208D91CEB040491
:100F200001F1FF3613D2A34211D902396444E41A05
:100F300041EA004139E70446F0E6084606E7C845BD
:100F4000AED2B9EB020E63EB070C0138A8E73146CD
:100F5000EDE7034699E73046D4E7D6467FE763449A
:100F600002384DE70646234608460FE7023E634433
:100F700030E700BF704700BF80B58AB004AFF860AB
:100F80000B467A60FB720023FB757B68DBB21B01AA
:100F9000DBB27B75FB7A002B01D1682300E069236B
:100FA000BB75BB7D9BB25B0099B20A230293012300
:100FB000019307F11503009301237F22F86807F0DE
:100FC0008BFA0346FB75FB7D18461837BD4680BD7E
:100FD00080B588B004AF7860084611461A460346CB
:100FE000FB700B46BB7013467B700023FB73FB78D2
:100FF000002B01D1682300E06923BB73BB7B9BB24C
:101000005B0099B2BB789AB20A2302930123019341
:101010007B1C00930123786807F05EFA0346FB739C
:10102000FB7B18461037BD4680BD80B584B000AF4D
:1010300078600B46FB701346BB700023FB73FB7894
:10104000002219467868FFF797FF0346FB73F9788B
:10105000802306227868FFF7BBFF0346FB73C82096
:1010600006F040F8F978012306227868FFF7B0FF10
:101070000346FB73F978382307227868FFF7A8FF47
:101080000346FB73FB78022219467868FFF774FF6A
:101090000346FB73BB785B005BB243F019035BB2A2
:1010A000DBB2F97801227868FFF792FF0346FB7301
:1010B000F978042300227868FFF78AFF0346FB7360
:1010C000FB78002219467868FFF756FF0346FB734A
:1010D000F97802230F227868FFF77AFF0346FB7343
:1010E00000BF1037BD4680BD80B582B000AF05F0AF
:1010F00087FF00F065F900F043FD00F06DFC00F0A3
:1011000035FC00F02DFB00F011FD00F089FA00F035
:101110007BFB00F057FA00F0B1F900F0C9FB00F0DA
:10112000FFF905F073FA032200216C48FFF77DFFF9
:101130006B4B64221A706A4B00225A80694B002262
:101140001A70684B00225A70674B1A78654B9A7078
:1011500000237B600CE064233B7000237B80614AAA
:101160007B689B0013443A685A607B6801337B605C
:101170005D4B1B781A467B689342ECDB9FED5B1A54
:10118000DFED5B0AB0EE040A5A4801F0C1F99FEDA9
:10119000581ADFED570AB0EE040A574801F0B8F9C3
:1011A0009FED531ADFED520AB7EE080A534801F0DB
:1011B000AFF9534B1B781A46524953480AF0E7FAE5
:1011C0000C21524808F02CFD0021514808F028FD60
:1011D00004214F4808F024FD3C214E4809F0B4F8A2
:1011E0004A4B1B6848221A644FF4967005F07AFF48
:1011F0000BF09AFA484A002148480BF0DFFA034600
:10120000474A1360474A002147480BF0D7FA034684
:10121000464A1360464A002146480BF0CFFA03467F
:10122000454A1360454A002145480BF0C7FA03467A
:10123000444A1360444A002144480BF0BFFA034675
:10124000434A1360434A002143480BF0B7FA034670
:10125000424A1360424A002142480BF0AFFA03466B
:10126000414A1360414A002141480BF0A7FA034666
:10127000404A1360404A002140480BF09FFA034661
:101280003F4A13603F4A00213F480BF097FA03465C
:101290003E4A13603E4A00213E480BF08FFA034657
:1012A0003D4A13603D4A00213D480BF087FA034652
:1012B0003C4A13603C4A00213C480BF07FFA03464D
:1012C0003B4A13603B4A00213B480BF077FA034648
:1012D0003A4A13600BF04CFA00BFFDE7C40300204C
:1012E000840600205006002001000020CDCC4C3F99
:1012F00000000000D0060020BC060020E40600200C
:101300000000002044060020C8050020180400202A
:101310008005002060040020182E0108493D0008C7
:101320000C0600203C2E0108193E00081006002083
:10133000602E01085943000814060020842E01087D
:101340003944000818060020A82E0108B1460008FC
:101350001C060020CC2E0108014C000820060020AD
:10136000F02E0108FD4C000824060020142F01086F
:10137000F950000828060020382F0108F55400080D
:101380002C0600205C2F0108F158000830060020D0
:10139000802F0108F15C000834060020A42F01080A
:1013A0004961000838060020C82F0108C5610008FF
:1013B0003C060020EC2F01083160000840060020A8
:1013C00080B594B000AF07F1200330220021184609
:1013D0000EF063FD07F10C0300221A605A609A6058
:1013E000DA601A610023BB60224B1B6C214A43F078
:1013F000805313641F4B1B6C03F08053BB60BB68AE
:1014000000237B601C4B1B681B4A43F48043136022
:10141000194B1B6803F480437B607B6802233B62AB
:101420000123FB6210233B630023BB6307F120030E
:10143000184607F0F5FE0346002B01D004F03AFFF2
:101440000F23FB6000233B6100237B610023BB6112
:101450000023FB6107F10C030021184608F058F93E
:101460000346002B01D004F025FF00BF5037BD46D6
:1014700080BD00BF003802400070004080B584B0DD
:1014800000AF3B4600221A605A609A60DA60214B36
:10149000214A1A601F4B00225A601E4B00229A609C
:1014A0001C4B00221A611B4B00221A76194B00229A
:1014B00083F82020174B0022DA62164B174A9A62F3
:1014C000144B0022DA60134B0122DA61114B002227
:1014D00083F830200F4B01225A610E4805F026FE9A
:1014E0000346002B01D004F0E5FE0B233B600123F3
:1014F0007B600023BB603B461946064806F026F990
:101500000346002B01D004F0D5FE00BF1037BD46C6
:1015100080BD00BF34030020002001400100000F07
:1015200080B584B000AF3B4600221A605A609A60D2
:10153000DA60214B214A1A601F4B00225A601E4B71
:1015400000229A601C4B00221A611B4B00221A7663
:10155000194B002283F82020174B0022DA62164B29
:10156000174A9A62144B0022DA60134B0122DA61A7
:10157000114B002283F830200F4B01225A610E4894
:1015800005F0D4FD0346002B01D004F093FE0E239A
:101590003B6001237B600023BB603B461946064845
:1015A00006F0D4F80346002B01D004F083FE00BF00
:1015B0001037BD4680BD00BF7C03002000210140E4
:1015C0000100000F80B500AF124B134A1A60114B97
:1015D000124A5A600F4B00229A600E4B0022DA60CA
:1015E0000C4B4FF480421A610A4B00225A61094B9E
:1015F00000229A61074B0022DA61064B00221A6230
:10160000044806F025FE0346002B01D004F052FEEC
:1016100000BF80BDC403002000540040A08601002C
:1016200080B596B000AF07F1480300221A605A60F7
:101630009A60DA6007F1400300221A605A6007F1ED
:10164000240300221A605A609A60DA601A615A61B3
:101650009A613B1D2022002118460EF01EFC3E4BD5
:101660003E4A1A603C4B4FF4A0725A603A4B00223B
:101670009A60394B4FF47A72DA60374B00221A6164
:10168000354B00225A61344B80229A61324808F06F
:101690001FFA0346002B01D004F00CFE4FF48053D8
:1016A000BB6407F1480319462B4809F041F903468A
:1016B000002B01D004F0FEFD274808F058FA03463D
:1016C000002B01D004F0F6FD00233B6400237B6473
:1016D00007F140031946204809F098FE0346002B05
:1016E00001D004F0E7FD60237B620023BB6200238E
:1016F000FB6200237B630023BB630023FB6307F1D2
:1017000024030C221946144809F050F80346002B14
:1017100001D004F0CFFD00237B600023BB600023D9
:10172000FB6000233B6100237B614FF40053BB61EE
:1017300000233B623B1D1946074809F0E3FE0346C0
:10174000002B01D004F0B6FD034805F071FA00BF8C
:101750005837BD4680BD00BF18040020000001407E
:1017600080B58CB000AF07F10C032422002118468D
:101770000EF093FB3B1D00221A605A60214B4FF084
:1017800080421A601F4B00225A601E4B00229A6052
:101790001C4B4FF6FF72DA601A4B00221A61194B8C
:1017A00000229A610323FB6000233B6101237B61DC
:1017B0000023BB610A23FB6100233B6201237B62A0
:1017C0000023BB620A23FB6207F10C0319460D4894
:1017D00008F014FD0346002B01D004F06BFD00233C
:1017E0007B600023BB603B1D1946064809F00EFED6
:1017F0000346002B01D004F05DFD00BF3037BD462D
:1018000080BD00BF6004002080B58CB000AF07F140
:101810000C032422002118460EF03FFB3B1D002242
:101820001A605A60204B214A1A601F4B00225A60EE
:101830001D4B00229A601C4B4FF6FF72DA601A4B68
:1018400000221A61184B00229A610323FB600023D7
:101850003B6101237B610023BB610A23FB61002301
:101860003B6201237B620023BB620A23FB6207F118
:101870000C0319460C4808F0C1FC0346002B01D0AC
:1018800004F018FD00237B600023BB603B1D19465C
:10189000054809F0BBFD0346002B01D004F00AFD0A
:1018A00000BF3037BD4680BDA804002000040040C2
:1018B00080B586B000AF07F1100300221A605A60AD
:1018C0003B4600221A605A609A60DA60254B264A2D
:1018D0001A60244B0F225A60224B00229A60214B3F
:1018E0004FF6FF72DA601F4B00221A611D4B002277
:1018F0009A611C4808F05CFA0346002B01D004F002
:10190000D9FC00233B6100237B6107F110031946DA
:10191000144809F07BFD0346002B01D004F0CAFCFB
:1019200000233B6001237B600023BB600023FB603E
:101930003B46042219460B4808F09CFE0346002B48
:1019400001D004F0B7FC3B4600221946054808F0D8
:1019500091FE0346002B01D004F0ACFC00BF183709
:10196000BD4680BDF00400200008004080B582B074
:1019700000AF3B4600221A605A60154B154A1A60A8
:10198000134B00225A60124B00229A60104B4FF604
:10199000FF72DA600E4B00229A610D4808F098F849
:1019A0000346002B01D004F085FC00233B6000239C
:1019B0007B603B461946064809F028FD0346002B8C
:1019C00001D004F077FC00BF0837BD4680BD00BFE2
:1019D000380500200010004080B596B000AF07F138
:1019E000480300221A605A609A60DA6007F14003E7
:1019F00000221A605A6007F1240300221A605A601C
:101A00009A60DA601A615A619A613B1D20220021B6
:101A100018460EF042FA434B434A1A60414B0022EB
:101A20005A60404B00229A603E4B41F61F42DA60FA
:101A30003C4B00221A613B4B00225A61394B002279
:101A40009A61384808F044F80346002B01D004F0AE
:101A500031FC4FF48053BB6407F148031946314809
:101A600008F066FF0346002B01D004F023FC2D484C
:101A700008F07DF80346002B01D004F01BFC002386
:101A80003B6400237B6407F140031946254809F0B5
:101A9000BDFC0346002B01D004F00CFC60237B62EC
:101AA0000023BB620023FB6200233B6300237B63B4
:101AB0000023BB630023FB6307F1240300221946C4
:101AC000184808F073FE0346002B01D004F0F2FB27
:101AD00007F1240304221946124808F067FE034662
:101AE000002B01D004F0E6FB00237B600023BB60E9
:101AF0000023FB6000233B6100237B614FF4005314
:101B0000BB6100233B623B1D1946064809F0FAFC05
:101B10000346002B01D004F0CDFB00BF5837BD4673
:101B200080BD00BF800500200004014080B500AFEB
:101B3000114B124A1A60104B4FF4E1325A600E4BAF
:101B400000229A600C4B0022DA600B4B00221A61D3
:101B5000094B0C225A61084B00229A61064B002265
:101B6000DA61054809F034FD0346002B01D004F08A
:101B7000A1FB00BF80BD00BFC80500200048004099
:101B800080B58CB000AF07F11C0300221A605A60C8
:101B90009A60DA601A610023BB615B4B1B6B5A4A87
:101BA00043F010031363584B1B6B03F01003BB612E
:101BB000BB6900237B61544B1B6B534A43F080038A
:101BC0001363514B1B6B03F080037B617B69002324
:101BD0003B614D4B1B6B4C4A43F0040313634A4B70
:101BE0001B6B03F004033B613B690023FB60464B26
:101BF0001B6B454A43F001031363434B1B6B03F01C
:101C00000103FB60FB680023BB603F4B1B6B3E4A3C
:101C100043F0020313633C4B1B6B03F00203BB60F6
:101C2000BB6800237B60384B1B6B374A43F00803CB
:101C30001363354B1B6B03F008037B607B6800224A
:101C40004FF4BC61314806F0E9FA00223C213048EB
:101C500006F0E4FA00224FF482612E4806F0DEFA24
:101C600000224FF400512C4806F0D8FA4FF4BC6320
:101C7000FB6101233B6200237B620023BB6207F10F
:101C80001C031946214806F02DF93C23FB61012372
:101C90003B6200237B620223BB6207F11C031946EF
:101CA0001B4806F01FF94FF48263FB6101233B627E
:101CB00000237B620023BB6207F11C031946154811
:101CC00006F010F94FF48073FB614FF404133B628C
:101CD00000237B6207F11C0319460F4806F002F946
:101CE0004FF40053FB6101233B6200237B6200231E
:101CF000BB6207F11C031946074806F0F3F800BF62
:101D00003037BD4680BD00BF0038024000100240A1
:101D10000000024000040240000C024080B58AB07E
:101D200000AF786040F6FF7304229249924809F0B0
:101D30009CFC904B9B78A3F1300213469B0013440C
:101D40005B001A468B4BDB78303B13447B62894B3C
:101D50005B782F2B0CD9874B5B78392B08D8854BB8
:101D60005B78303B642202FB03F37A6A13447B62A4
:101D7000824B00221A707F4B1B78532B59D17D4B1D
:101D80005B78542B55D17E4B1B6800225A637C4BE9
:101D90001B6800229A637B4B1A787B4B1A70794B35
:101DA0000B221A70794B4FF000021A60784B002218
:101DB0001A80784800F0CDFB774800F0CAFB7748DE
:101DC00000F0C7FB764B00221A80764B1A78754BD1
:101DD0005B789A4212D1744B64221A70724B0022C3
:101DE0005A80724A0F2172480DF0C0FF4FF6FF7300
:101DF00006227049604809F038FC08E3694B5B78BB
:101E0000694A68499B000B445B681360654B5B78CB
:101E10000133644A927893FBF2F101FB02F29B1AC0
:101E2000DAB2604B5A70644A0F2161480DF09EFF90
:101E3000EDE2504B1B78462B3DD14E4B5B78572B38
:101E400003D04C4B5B78532B35D14A4B9B782D2BD1
:101E500005D1484BDB782D2B01D1012300E0002375
:101E6000DAB2464B1A70434B5B78532B14BF0123F5
:101E70000023DBB21A46514B1A704A4B1B78494A71
:101E80009B00134401221A71464B1B787A6A91B267
:101E9000444A9B0013440A46DA80424B1B780133C4
:101EA000404A927893FBF2F101FB02F29B1ADAB2FC
:101EB0003C4B1A70ABE22F4B1B78422B3DD12D4B84
:101EC0005B78572B03D02B4B5B78532B35D1294BA9
:101ED0009B782D2B05D1274BDB782D2B01D10123AE
:101EE00000E00023DAB2254B1A70224B5B78532BAB
:101EF00014BF01230023DBB21A46304B1A70294B62
:101F00001B78284A9B00134402221A71254B1B7828
:101F10007A6A91B2234A9B0013440A46DA80214B25
:101F20001B7801331F4A927893FBF2F101FB02F216
:101F30009B1ADAB21B4B1A7069E20E4B1B78462BC8
:101F40005DD10C4B5B784C2B59D10A4B9B782D2BD8
:101F500005D1084BDB782D2B01D1012300E00023B4
:101F6000DAB2064B1A70054B1B78002B28D00321E0
:101F700027E000BF44060020C80500209806002086
:101F8000800500203401002035010020A00600203B
:101F9000A6060020D0060020BC060020E406002093
:101FA000B406002050060020840600209C2D010865
:101FB00088060020A42D0108AC2D01083601002060
:101FC00007218D4B1B788C4A9B0013440A461A71DB
:101FD000894B1B787A6A91B2874A9B0013440A4660
:101FE000DA80854B1B780133834A927893FBF2F1B8
:101FF00001FB02F29B1ADAB27F4B1A7007E27F4BA9
:102000001B78462B36D17D4B5B78522B32D17B4BE4
:102010009B782D2B05D1794BDB782D2B01D101231A
:1020200000E00023DAB2764B1A70754B1B78002B58
:1020300001D0042100E008216F4B1B786E4A9B0001
:1020400013440A461A716C4B1B787A6A91B26A4A39
:102050009B0013440A46DA80674B1B780133664ABB
:10206000927893FBF2F101FB02F29B1ADAB2624B17
:102070001A70CCE1614B1B78422B36D15F4B5B78F9
:102080004C2B32D15D4B9B782D2B05D15B4BDB78F4
:102090002D2B01D1012300E00023DAB2584B1A7036
:1020A000574B1B78002B01D0052100E00921524B32
:1020B0001B78514A9B0013440A461A714E4B1B78F9
:1020C0007A6A91B24C4A9B0013440A46DA804A4B22
:1020D0001B780133484A927893FBF2F101FB02F23C
:1020E0009B1ADAB2444B1A7091E1444B1B78422B95
:1020F00036D1424B5B78522B32D1404B9B782D2B03
:1021000005D13E4BDB782D2B01D1012300E00023CC
:10211000DAB23B4B1A703A4B1B78002B01D00621E8
:1021200000E00A21344B1B78334A9B0013440A46D3
:102130001A71314B1B787A6A91B22F4A9B00134473
:102140000A46DA802C4B1B7801332B4A927893FB9A
:10215000F2F101FB02F29B1ADAB2274B1A7056E138
:10216000264B1B78542B21D1244B5B784C2B1DD153
:10217000214B1B78204A9B0013440B221A711E4BE3
:102180001B787A6A91B21C4A9B0013440A46DA8093
:10219000194B1B780133184A927893FBF2F101FB3B
:1021A00002F29B1ADAB2144B1A7030E1134B1B780F
:1021B000542B27D1114B5B78522B23D10E4B1B781C
:1021C0000D4A9B0013440C221A710B4B1B787A6A40
:1021D00091B2094A9B0013440A46DA80064B1B78E9
:1021E0000133054A927893FBF2F101FB02F29B1A4C
:1021F000DAB2014B1A700AE15006002044060020B2
:10220000980600206F4B1B78492B21D16D4B5B78D2
:10221000522B1DD16C4B1B786B4A9B0013440D2233
:102220001A71694B1B787A6A91B2674A9B00134412
:102230000A46DA80644B1B780133634A927893FB39
:10224000F2F101FB02F29B1ADAB25F4B1A70DEE088
:102250005C4B1B78442B21D15A4B5B78542B1DD1FE
:10226000594B1B78584A9B0013440E221A71564B47
:102270001B787A6A91B2544A9B0013440A46DA806A
:10228000514B1B780133504A927893FBF2F101FBDA
:1022900002F29B1ADAB24C4B1A70B8E0494B1B7829
:1022A0005A2B21D1474B5B785A2B1DD1464B1B78BB
:1022B000454A9B0013440F221A71434B1B787A6ADC
:1022C00091B2414A9B0013440A46DA803E4B1B7888
:1022D00001333D4A927893FBF2F101FB02F29B1A23
:1022E000DAB2394B1A7092E0364B1B78572B21D15A
:1022F000344B5B78582B1DD1334B1B78324A9B00F3
:10230000134410221A71304B1B787A6A91B22E4A0C
:102310009B0013440A46DA802B4B1B7801332A4A70
:10232000927893FBF2F101FB02F29B1ADAB2264B90
:102330001A706CE0234B1B78572B21D1214B5B7813
:102340004E2B1DD1204B1B781F4A9B00134411229A
:102350001A711D4B1B787A6A91B21B4A9B00134479
:102360000A46DA80184B1B780133174A927893FBA0
:10237000F2F101FB02F29B1ADAB2134B1A7046E03B
:10238000104B1B78412B21D10F4B1B780E4A9B0021
:10239000134458221A710C4B1B787A6A91B20A4A7C
:1023A0009B0013440A46DA80074B1B780133064A28
:1023B000927893FBF2F101FB02F29B1ADAB2024B24
:1023C0001A7024E04406002050060020454B1B787C
:1023D000432B1CD1444B1B78434A9B001344592286
:1023E0001A71414B1B787A6A91B23F4A9B001344A1
:1023F0000A46DA803C4B1B7801333B4A927893FBC8
:10240000F2F101FB02F29B1ADAB2374B1A70364B2B
:102410001A78354B5B789A4219D0334B5B78334A44
:1024200031499B000B445B6813602F4B5B78013391
:102430002D4A927893FBF2F101FB02F29B1ADAB279
:10244000294B5A702A4A0F212A480DF08FFC2A4B3B
:102450001B685B68294B1B781A462249264809F0FD
:1024600096F9204B1B7887F823301E4B5B7887F852
:1024700022301C4B9B782D2B08D11A4BDB78312B4B
:1024800004D11F4B4FF0FF321A600DE0154B5B88F3
:10249000BB830023BB7707F11C0318460CF0C4FE76
:1024A00003461A46164B1A60164A97F823301370E3
:1024B000154A97F822301370134B1B781A46104BAD
:1024C0001B6807F1080011490DF084FC07F10803AF
:1024D0001A460A21002004F067F800BF2837BD46DD
:1024E00080BD00BF44060020500600208406002066
:1024F000AC2D010888060020C8050020000000203F
:10250000380700203D0700203C070020B42D0108BB
:1025100080B485B000AFF86087ED020AC7ED010A0C
:1025200087ED001AFB68BA681A60FB687A685A601F
:10253000FB683A689A60FB684FF00002DA60FB685B
:102540004FF000021A6100BF1437BD465DF8047BEE
:10255000704780B483B000AF78607B684FF00002B2
:10256000DA607B684FF000021A6100BF0C37BD468D
:102570005DF8047B7047000080B586B004AF034669
:10258000FB714FF6FF73029302230193A94B009353
:1025900001233722D021A84806F098F8A54B1B78D4
:1025A0001B021AB2A34B5B781BB213431AB2A34BA4
:1025B0001A80A34B1B681B6803F01003102B01D17A
:1025C000012201E04FF0FF329E4B1A709B4BB3F992
:1025D000003013F1040F04DB984BB3F900300B2BE0
:1025E00007DD964BB3F9003007EE903AF8EEE77A44
:1025F00001E0DFED957A954B93ED007A77EE877ADF
:10260000924BC3ED007AFB79002B64D1904B93ED94
:10261000007A8E4BD3ED007A27EE277A8C4BD3EDE0
:10262000016A8B4BD3ED047A66EEA77A37EE277AF0
:10263000874BD3ED026A864B93ED036A834BD3ED50
:10264000007A76EE677A66EEA77A77EE277AFDEE65
:10265000E77A17EE902A7F4B1A607C4B1B687C4A06
:10266000D3607B4B93ED047A784BD3ED007A77EE11
:10267000277A774BC3ED047A764B1B68B3F5167F48
:1026800006DC744B1B68744A9342B8BF134601E0E2
:102690004FF416736F4A13606A4B93F900309AB285
:1026A0006C4B1B689BB212FB03F39BB203F5966362
:1026B0009AB26A4B1A80634B93F900309AB2654B19
:1026C0001B689BB212FB03F39BB2C3F596639AB2ED
:1026D000634B1A80EFE0FB79022B65D1614B93EDE0
:1026E000007A5A4BD3ED007A27EE277A5D4BD3ED73
:1026F000016A5C4BD3ED047A66EEA77A37EE277A4F
:10270000584BD3ED026A574B93ED036A4F4BD3ED11
:10271000007A76EE677A66EEA77A77EE277AFDEE94
:10272000E77A17EE902A4B4B1A60484B1B684D4ACC
:10273000D3604C4B93ED047A444BD3ED007A77EEA3
:10274000277A484BC3ED047A424B1B68B3F52F7FC1
:1027500006DC404B1B68444A9342B8BF134601E075
:102760004FF42F733B4A1360364B93F900309AB203
:10277000384B1B689BB212FB03F39BB203F6B833D2
:102780009AB2364B1A802F4B93F900309AB2314BE4
:102790001B689BB212FB03F39BB2C3F53B63083388
:1027A0009AB22F4B1A8086E0FB79012B40F0838090
:1027B0002E4B93ED007A254BD3ED007A27EE277A46
:1027C0002A4BD3ED016A294BD3ED047A66EEA77A42
:1027D00037EE277A254BD3ED026A244B93ED036A3B
:1027E0001A4BD3ED007A76EE677A66EEA77A77EE2B
:1027F000277AFDEEE77A17EE902A164B1A60134BF4
:102800001B681A4AD360194B93ED047A0F4BD3ED32
:10281000007A77EE277A154BC3ED047A0D4B1B68CF
:10282000B3F52F7F24DC0B4B1B680F4A9342B8BFD4
:1028300013461FE0A4060020C4030020A6060020C3
:10284000600400203E01002000000000A0060020DF
:10285000D006002048070020A8FDFFFFA8060020A2
:10286000AA060020E406002044FDFFFFBC0600206D
:102870004FF42F73174A1360174B93F900309AB235
:10288000144B1B689BB212FB03F39BB203F6FC03D1
:102890009AB2124B1A80104B93F900309AB20D4B3A
:1028A0001B689BB212FB03F39BB2C3F50F630C339F
:1028B0009AB20B4B1A80094B1A880A4B1B685A6351
:1028C000074B1A88074B1B689A6300BF0837BD4641
:1028D00080BD00BF480700203E010020A806002060
:1028E000AA0600208005002080B586B004AF03460C
:1028F0003960FB714FF6FF730293022301939B4BE8
:10290000009301233722D021994805F0DFFE974B31
:102910001B781B021AB2954B5B781BB213431AB299
:10292000944B1A80944B1B681B6803F01003102B08
:1029300001D1012201E04FF0FF32904B1A708D4B14
:10294000B3F9003013F1040F04DB8A4BB3F9003004
:102950000B2B07DD874BB3F9003007EE903AF8EE0A
:10296000E77A01E0DFED867A864B93ED007A77EE29
:10297000877A844BC3ED007AFB79012B65D1824BBA
:1029800093ED007A7F4BD3ED007A27EE277A7E4BCA
:10299000D3ED016A7C4BD3ED047A66EEA77A37EE6D
:1029A000277A794BD3ED026A774B93ED036A754B27
:1029B000D3ED007A76EE677A66EEA77A77EE277A1D
:1029C000FDEEE77A17EE902A704B1A606D4B1B688C
:1029D0006D4AD3606C4B93ED047A6A4BD3ED007A69
:1029E00077EE277A684BC3ED047A684B1B68B3F522
:1029F0002F7F06DC654B1B68654A9342B8BF1346C0
:102A000001E04FF42F73614A13605C4B93F900307F
:102A10009AB25E4B1B689BB212FB03F39BB203F6A8
:102A2000FC039AB25B4B1A80544B93F900309AB274
:102A3000564B1B689BB212FB03F39BB2C3F50F63AB
:102A40000C339AB2544B1A8067E0FB79022B64D1A5
:102A5000524B93ED007A4B4BD3ED007A27EE277A59
:102A60004E4BD3ED016A4D4BD3ED047A66EEA77A57
:102A700037EE277A494BD3ED026A484B93ED036A50
:102A8000404BD3ED007A76EE677A66EEA77A77EE62
:102A9000277AFDEEE77A17EE902A3C4B1A60394B05
:102AA0001B683E4AD3603D4B93ED047A354BD3ED22
:102AB000007A77EE277A394BC3ED047A334B1B68E3
:102AC000B3F52F7F06DC314B1B68314A9342B8BF08
:102AD000134601E04FF42F732C4A1360274B93F9F0
:102AE00000309AB2294B1B689BB212FB03F39BB2D6
:102AF00003F6B8339AB2274B1A80204B93F9003073
:102B00009AB2224B1B689BB212FB03F39BB2C3F534
:102B10003B6308339AB2204B1A801E4B1B8807EE8A
:102B2000903AB8EEE77A3B68D3ED007A67EE277A01
:102B30001B4B1B68FCEEE77A17EE902A5A63164B84
:102B40001B8807EE903AB8EEE77A3B68D3ED007A3F
:102B500067EE277A124B1B68FCEEE77A17EE902A95
:102B60009A6300BF0837BD4680BD00BFA4060020A1
:102B7000C4030020A6060020600400203E010020BF
:102B800000000000A0060020BC060020480700202E
:102B900044FDFFFFA8060020AA060020E40600204E
:102BA000800500200000000080B584B000AF786090
:102BB0000B46FB701346BB70A14B4FF000021A602E
:102BC000A04B00221A80A048FFF7C3FC9F48FFF7E4
:102BD000C0FC9F48FFF7BDFC9E4B00221A807B681B
:102BE0001B681846FDF7B0FC8FA3D3E90023FDF75F
:102BF00003FD02460B46104619468DA3D3E9002378
:102C0000FDF742FB02460B46104619464FF0000204
:102C1000914BFDF71BFE02460B46104619464FF03E
:102C200000028E4BFDF7E8FC02460B4610461946A3
:102C30004FF000028A4BFDF727FB02460B46104679
:102C40001946FDF7B1FF03469AB2864B1A8004F08D
:102C50003DFA0346844A1360FB78002B0CBF012326
:102C60000023DBB21A460421804805F0D7FAFB782E
:102C7000002B14BF01230023DBB21A4608217B4836
:102C800005F0CCFAFB78002B0CBF01230023DBB24C
:102C90001A462021754805F0C1FAFB78002B14BFB5
:102CA00001230023DBB21A461021704805F0B6FA62
:102CB0006F4B1B685B6A9AB26E4B1A806C4B1B6839
:102CC0005B6AFB606A4B1B681B6803F01003102BE8
:102CD00017D1684B1B881A46FB68934206D8654B90
:102CE0001A88FB689BB2D31A9BB207E0614B1A8823
:102CF000FB689BB2D31A9BB2013B9BB25E4A138026
:102D000016E05C4B1B881A46FB68934206D3FB68AF
:102D10009AB2584B1B88D31A9BB207E0FB689AB251
:102D2000544B1B88D31A9BB2013B9BB2524A13806F
:102D3000FB689AB24F4B1A80464B1A884E4B1B8841
:102D400013449AB2434B1A80424B1A88454B1B8856
:102D50009A4280F0A88004F0B9F90246424B1B6801
:102D6000D31A092BAAD9BB78002B03D10020FFF777
:102D700003FC92E0374B1B881A463A4B1B88D31A48
:102D8000002BB8BF5B423D4A82FB0312D211DB1716
:102D9000D31A07EE903AF8EEE77A394BC3ED007A92
:102DA000BB78012B1ED1364BD3ED007AB7EE007AFB
:102DB000F4EEC77AF1EE10FA02DD4FF07E530EE02A
:102DC0002F4BD3ED007AB6EE087AF4EEC77AF1EE27
:102DD00010FA02D54FF07D5301E0294B1B68284AB9
:102DE000136055E0BB78022B52D1254BD3ED007A0E
:102DF000B7EE007AF4EEC77AF1EE10FA02DD4FF08A
:102E00007E5343E01E4B1B681846FDF79DFB0AA34B
:102E1000D3E90023FDF762FE0346002B34D0194BA3
:102E200034E000BFAFF300802AB266FCAC66F23F2C
:102E3000F82625BBD4E3EE3F9A9999999999D93F01
:102E4000A0060020A6060020D0060020BC06002018
:102E5000E4060020B40600200000344000A09440A6
:102E600000002440B6060020AC060020000002400E
:102E700060040020BA060020B80600206757192118
:102E800038010020CDCCCC3E0D4B1B680C4A1360A2
:102E9000BB780B491846FFF727FD04F017F90346E6
:102EA000084A13600AE700BF074B1B6800225A63F9
:102EB000054B1B6800229A6300BF1037BD4680BDDA
:102EC00038010020AC060020800500200000000032
:102ED00080B582B000AF78600B46FB70AA4B4FF014
:102EE00000021A60A94B00221A80A948FFF731FBA3
:102EF000A848FFF72EFBA848FFF72BFBA74BA84AD3
:102F00001A600421A74806F0A3FF04F0DFF8034687
:102F1000A54A136001221021A44805F07FF9A14BB6
:102F20001B6800225A629F4B1B685B6A092BFAD907
:102F3000002210219D4805F071F99A4B1B68DA6850
:102F4000984B1B6842F00402DA600A2009F0C8FCC2
:102F50007B6893ED007A914BD3ED007A77EE677A38
:102F6000FDEEE77A17EE903A002B0EDB7B6893EDCF
:102F7000007A8A4BD3ED007A77EE677AFDEEE77A36
:102F800017EE903A002B40F3E7807B6893ED007AD0
:102F9000824BD3ED007AB4EEE77AF1EE10FA94BFEB
:102FA00001230023DBB283F00103DBB2DBB21A465C
:102FB00004217F4805F032F97B6893ED007A774B66
:102FC000D3ED007AB4EEE77AF1EE10FA94BF012364
:102FD0000023DBB21A460821754805F01FF97B680B
:102FE00093ED007A6D4BD3ED007AB4EEE77AF1EE13
:102FF00010FA94BF01230023DBB283F00103DBB29C
:10300000DBB21A4620216A4805F008F97B6893ED87
:10301000007A624BD3ED007AB4EEE77AF1EE10FA63
:1030200094BF01230023DBB21A461021604805F04B
:10303000F5F804F04BF802465B4B1B68D31A132BD0
:103040007FF668AFFB78012B3FD1544B93ED007AAC
:103050007B68D3ED007A77EE677AFDEEE77A17EEBC
:10306000903A002BB8BF5B42524A82FB03121A44CB
:10307000D210DB17D31A07EE903AF8EEE77A4E4BF0
:10308000C3ED007A4C4BD3ED007AB7EE007AF4EE44
:10309000C77AF1EE10FA02DD4FF07E530EE0464B98
:1030A000D3ED007AB6EE087AF4EEC77AF1EE10FAB4
:1030B00002D54FF07D5301E03F4B1B683E4A136041
:1030C0003D490120FFF710FC40E0344B93ED007ABE
:1030D0007B68D3ED007A77EE677AFDEEE77A17EE3C
:1030E000903A002BB8BF5B42324A82FB03121A446B
:1030F000D210DB17D31A07EE903AF8EEE77A2E4B90
:10310000C3ED007A2C4BD3ED007AB7EE007AF4EEE3
:10311000C77AF1EE10FA02DD4FF07E5310E0264B35
:103120001B681846FDF710FA15A3D3E90023FDF735
:10313000D5FC0346002B01D0204B01E01E4B1B6841
:103140001D4A13601C490220FFF7CEFB03F0BEFFAF
:103150000346154A1360DDE600BF194B1B680022C9
:103160005A63174B1B6800229A6304210D4806F02E
:1031700097FF00BF0837BD4680BD00BFAFF300809A
:103180009A9999999999D93FA0060020A6060020FE
:10319000D0060020BC060020E40600200007002026
:1031A00000007A44F0040020AC0600200004024035
:1031B000000002408988888838010020CDCCCC3EB0
:1031C000800500200000000080B582B000AF78606C
:1031D000A14B00221A80A14B00221A60A04BA14AE9
:1031E0001A6003F073FF03469F4A13609F4803F081
:1031F000E1FF14219D4804F0E2F89C4804F07AFABB
:103200000246964B1B681344944A1360924B1B88EA
:103210000133974A82FB03125111DA178A1A64218B
:1032200001FB02F29A1A92B28B4B1A808A4B1B88CE
:10323000632B29D1894B1B68874A1288B3FBF2F3B1
:103240001846FDF75FF97EA3D3E90023FDF71CF8CC
:1032500002460B467CA1D1E90001FDF7F7FA0246D0
:103260000B4610461946FDF7BFFC03467C4A136027
:103270007A4B1B68784A1288B3FBF2F39AB27D4B03
:103280001A80764B00221A607B68D3ED007AF5EE47
:10329000C07AF1EE10FA1CDD7B6893ED007A704B7A
:1032A000D3ED007A77EE677AFDEEE77A17EE903A83
:1032B000002B0EDB7B6893ED007A694BD3ED007A2F
:1032C00077EE677AFDEEE77A17EE903A002B40F33F
:1032D000A4807B6893ED007A614BD3ED007AB4EE65
:1032E000E77AF1EE10FA94BF01230023DBB283F0FA
:1032F0000103DBB2DBB21A4604215F4804F08EFF03
:103300007B6893ED007A564BD3ED007AB4EEE77A02
:10331000F1EE10FA94BF01230023DBB21A46082114
:10332000554804F07BFF7B6893ED007A4C4BD3ED5E
:10333000007AB4EEE77AF1EE10FA94BF012300238D
:10334000DBB283F00103DBB2DBB21A4620214A482C
:1033500004F064FF7B6893ED007A414BD3ED007A73
:10336000B4EEE77AF1EE10FA94BF01230023DBB24A
:103370001A461021404804F051FF03F0A7FE024610
:10338000394B1B68D31A092B7FF630AF344B93EDC2
:10339000007A7B68D3ED007A77EE677AFDEEE77A04
:1033A00017EE903A002BB8BF5B42344A82FB0312FF
:1033B0001A44D210DB17D31A07EE903AF8EEE77AE8
:1033C0002F4BC3ED007A2E4BD3ED007AB7EE007A87
:1033D000F4EEC77AF1EE10FA02DD4FF07E5310E002
:1033E000274B1B681846FDF7AFF819A3D3E9002354
:1033F000FDF774FB0346002B01D0224B01E0204B6C
:103400001B681F4A13601E490220FFF76DFA03F084
:103410005DFE0346144A1360E8E600BF1A4B1B68C2
:1034200000225A63184B1B6800229A630F4803F06E
:1034300093FF00BF0837BD4680BD00BFAFF30080DB
:10344000D32357FBC546704066834C32340BD940BA
:10345000333333333333D33F0407002008070020CE
:10346000FC06002000007A44AC0600203403002053
:103470001F85EB51F80600200000024089888888EB
:10348000380100209A99993E800500200000000034
:10349000B0B5A0B004AF7860554B4FF000021A6091
:1034A000544B00221A8003F011FE0346524A136067
:1034B00002F088FF03F00AFE02464F4B1B68D31A46
:1034C000092BF7D94FF6FF730293022301934B4B5D
:1034D000009301233722D021494805F0F7F8474BE4
:1034E0001B781B021AB2454B5B781BB213431AB20E
:1034F000404B1A803E4B1B681846FDF725F80446E2
:103500000D463C4BB3F900301846FDF70BF834A3D9
:10351000D3E90023FDF79AF902460B4610461946F7
:1035200031A3D3E90023FDF767F802460B46204696
:103530002946FCF7ABFE02460B4610461946FDF73E
:1035400053FB03462A4A1360294B93ED007A7B68AC
:10355000D3ED007A77EE677AFDEEE77A17EE903AD0
:10356000002B0DDB224B93ED007A7B68D3ED007AC4
:1035700077EE677AFDEEE77A17EE903A002B18DDCA
:1035800003F0A4FD03461C4A1360194B1B68184640
:10359000FCF7DAFF02460B4607F10C0019490CF064
:1035A00019FC07F10C031A460021002002F0FCFF71
:1035B00080E700BF144B1B6800225A63124B1B6844
:1035C00000229A63114B1B6848221A644FF49670CC
:1035D00003F088FD00BF7037BD46B0BDAFF300807B
:1035E00066666666666630407B14AE47E17A843F65
:1035F000A0060020A6060020AC060020A40600209D
:10360000C4030020D02D01088005002018040020EC
:10361000B0B586B004AF7860494B4FF000021A6035
:10362000484B00221A8003F051FD0346464A1360BE
:1036300003F04CFD0246444B1B68D31A092BF7D903
:103640004FF6FF73029302230193404B0093012333
:103650003722D0213E4805F039F83C4B1B781B023D
:103660001AB23A4B5B781BB213431AB2354B1A802D
:10367000334B1B681846FCF767FF04460D46314B79
:10368000B3F900301846FCF74DFF29A3D3E9002316
:10369000FDF7DCF802460B461046194626A3D3E98F
:1036A0000023FCF7A9FF02460B4620462946FCF7FB
:1036B000EDFD02460B4610461946FDF795FA034606
:1036C0001F4A13601E4B93ED007A7B68D3ED007A9E
:1036D00077EE677AFDEEE77A17EE903A002B0DDB76
:1036E000174B93ED007A7B68D3ED007A77EE677A1B
:1036F000FDEEE77A17EE903A002B05DD03F0E6FCCD
:103700000346114A136093E700BF124B1B68002267
:103710005A63104B1B6800229A630F4B1B684822A8
:103720001A64C82003F0DEFC00BF0837BD46B0BDF8
:1037300066666666666630407B14AE47E17A843F13
:10374000A0060020A6060020AC060020A40600204B
:10375000C4030020800500201804002080B500AFBD
:10376000164B174A1A60174B1B6873221A644FF4E2
:10377000967003F0B7FC00220421134804F04EFDBC
:1037800001220821104804F049FD002220210E48A2
:1037900004F044FD012210210B4804F03FFD0B4BC7
:1037A0001B6840F6B8325A63084B1B684FF44872E6
:1037B0009A630248FFF76CFE00BF80BD9C060020A4
:1037C0000000ACC218040020000002408005002068
:1037D00080B500AF164B174A1A60174B1B6873224F
:1037E0001A644FF4967003F07DFC00220421134804
:1037F00004F014FD01220821104804F00FFD0022FE
:1038000020210E4804F00AFD012210210B4804F08B
:1038100005FD0B4B1B6840F6B8325A63084B1B681A
:103820004FF448729A630248FFF732FE00BF80BD32
:103830009C060020000030C3180400200000024055
:103840008005002080B582B000AF7860002204219E
:10385000254804F0E3FC01220821234804F0DEFCA3
:1038600000222021204804F0D9FC012210211E480A
:1038700004F0D4FC7B681B78012B01D0032B15D1FD
:103880001A4B1B4A1A601B4B1B6832221A644FF4F6
:10389000967003F027FC184B1B684FF4FA625A63CA
:1038A000154B1B6840F6AC529A6315E00F4B104A5B
:1038B0001A60104B1B6834221A644FF4967003F0A0
:1038C00011FC0D4B1B6840F6B8325A630A4B1B685B
:1038D00040F6AC529A6300BF0448FFF799FE00BF60
:1038E0000837BD4680BD00BF000002409C06002096
:1038F0000000A642180400208005002080B582B098
:1039000000AF786000220421304804F087FC0122D7
:1039100008212E4804F082FC002220212B4804F0CC
:103920007DFC01221021294804F078FC7B681B787B
:10393000012B02D0032B16D02BE0254B254A1A6011
:10394000254B1B6832221A644FF4967003F0CAFBB1
:10395000224B1B684FF4FA625A63204B1B6840F6F7
:10396000AC529A632BE01A4B1D4A1A601A4B1B6823
:1039700032221A644FF4967003F0B4FB174B1B68A5
:103980004FF4FA625A63154B1B6840F6AC529A63C7
:1039900015E00F4B134A1A600F4B1B6834221A6450
:1039A0004FF4967003F09EFB0C4B1B6840F6B83248
:1039B0005A630A4B1B6840F6AC529A6300BF044836
:1039C000FFF726FE00BF0837BD4680BD000002405D
:1039D0009C0600200000A64218040020800500205C
:1039E0000000AA4200009E4280B582B000AF78601D
:1039F00000220421254804F011FC0122082123485B
:103A000004F00CFC00222021204804F007FC0122D5
:103A100010211E4804F002FC7B681B78012B01D0AA
:103A2000032B15D11A4B1B4A1A601B4B1B687322C0
:103A30001A644FF4967003F055FB184B1B6840F660
:103A4000AC525A63154B1B684FF4FA629A6315E047
:103A50000F4B134A1A60104B1B6862221A644FF412
:103A6000967003F03FFB0D4B1B6840F6AC525A6357
:103A70000A4B1B6840F6A8429A6300BF0448FFF750
:103A8000C7FD00BF0837BD4680BD00BF0000024033
:103A90009C06002000002CC3180400208005002094
:103AA00000002AC30000000080B500AF464B4FF075
:103AB00000021A60454B4FF000021A60444B00228E
:103AC0001A8003F003FB0346424A1360424803F0A6
:103AD00071FB1421404803F072FC3F4803F00AFEDA
:103AE00002463E4B1B6813443C4A13603C4B1B8808
:103AF00001333C4A82FB03125111DA178A1A6421FE
:103B000001FB02F29A1A92B2354B1A80344B1B8891
:103B1000632B29D1314B1B68314A1288B3FBF2F376
:103B20001846FCF7EFFC24A3D3E90023FCF7ACFB19
:103B300002460B4622A1D1E90001FCF787FE0246AE
:103B40000B4610461946FDF74FF803461E4A136010
:103B5000224B1B68224A1288B3FBF2F39AB2224B23
:103B60001A801E4B00221A60174BD3ED007A9FED8E
:103B70001F7AF4EEC77AF1EE10FA10DC03F0A6FA21
:103B80000246144B1B68D31A092B9FD90220FEF75B
:103B9000F3FC03F09BFA03460E4A136096E700BF5E
:103BA000134B1B6800225A63114B1B6800229A6357
:103BB00000BF80BDAFF30080D32357FBC5467040E4
:103BC00066834C32340BD940FC060020A00600204E
:103BD000A6060020AC0600203403002008070020C1
:103BE000040700201F85EB51F8060020000020424A
:103BF000800500200000000080B500AF464B474A1A
:103C00001A60474B4FF000021A60464B00221A80A0
:103C100003F05CFA0346444A1360444803F0CAFACE
:103C20001421424803F0CBFB404803F063FD0246F9
:103C30003F4B1B6813443E4A13603E4B1B880133C5
:103C40003D4A82FB03125111DA178A1A642101FBE3
:103C500002F29A1A92B2374B1A80364B1B88632BAA
:103C600029D1334B1B68334A1288B3FBF2F3184651
:103C7000FCF748FC24A3D3E90023FCF705FB02462C
:103C80000B4623A1D1E90001FCF7E0FD02460B46FB
:103C900010461946FCF7A8FF03461F4A1360244B41
:103CA0001B68244A1288B3FBF2F39AB2234B1A80A2
:103CB0001F4B00221A60184BD3ED007A9FED207A3B
:103CC000F4EEC77AF1EE10FA10D403F0FFF90246D1
:103CD000154B1B68D31A092B9FD90220FEF74CFC09
:103CE00003F0F4F90346104A136096E700BF154B42
:103CF0001B6800225A63134B1B6800229A6300BFA3
:103D000080BD00BFAFF30080D32357FBC546704092
:103D100066834C32340BD940FC06002000007A4404
:103D2000A0060020A6060020AC06002034030020D8
:103D300008070020040700201F85EB51F80600202B
:103D4000000020428005002080B592B000AF78606E
:103D5000284B1B781A46284B1B6807F1340027496B
:103D60000CF038F807F134031A460A21002002F05B
:103D70001BFC234BB3F870301A46214BB3F872305A
:103D800007F120001F490CF025F807F120031A461F
:103D90001E21002002F008FC194BD3F8843018468D
:103DA000FCF7D2FB02460B4607F10C0016490CF05B
:103DB00011F807F10C031A463221002002F0F4FB3F
:103DC00002F07EFA114B1B881A4607F134031049A2
:103DD00018460BF0FFFF07F134014FF6FF7307227F
:103DE0000C4807F042FC4FF47A7008F079FD00BFF0
:103DF000AEE700BF3C07002038070020B42D0108C3
:103E000004000020D42D0108E02D01083007002017
:103E1000E82D0108C805002080B582B000AF7860A9
:103E2000C64B1B78013B632B00F2788201A252F84B
:103E300023F000BFC53F0008C53F0008E13F000870
:103E4000E13F0008E13F0008E13F0008AD41000804
:103E5000BB410008C9410008D7410008E5410008FE
:103E6000E54100082D4200083542000843420008A1
:103E7000514200085F4200081D4300081D4300082E
:103E80001D4300081D4300081D4300081D43000892
:103E90001D4300081D4300081D4300081D43000882
:103EA0001D4300081D4300081D4300081D43000872
:103EB0001D4300081D4300081D4300081D43000862
:103EC0001D4300081D4300081D4300081D43000852
:103ED0001D4300081D4300081D4300081D43000842
:103EE0001D4300081D4300081D4300081D43000832
:103EF0001D4300081D4300081D4300081D43000822
:103F00001D4300081D4300081D4300081D43000811
:103F10001D4300081D4300081D4300081D43000801
:103F20001D4300081D4300081D4300081D430008F1
:103F30001D4300081D4300081D4300081D430008E1
:103F40001D4300081D4300081D4300081D430008D1
:103F50001D4300081D4300081D4300081D430008C1
:103F60001D4300081D4300081D4300081D430008B1
:103F70001D4300081D4300081D4300081D430008A1
:103F80001D4300081D4300081D4300081D43000891
:103F90006D4200086D4200081D4300081D430008E3
:103FA0001D4300081D4300081D4300081D43000871
:103FB0001D4300081D4300081D4300081D43000861
:103FC0001D4300085D4B1B78012B14BF0123002308
:103FD000DBB21A465A4B1A70584B63221A709EE194
:103FE000564B1B78574A1B0113440433D3ED007A18
:103FF0009FED557AF4EEC77AF1EE10FA01DDDC237D
:104000001CE04E4B1B784F4A1B0113440433D3ED85
:10401000007AB2EE047AF4EEC77AF1EE10FA01D526
:104020000A230BE0454B1B78464A1B01134404331B
:10403000D3ED007AFCEEE77A17EE903A434A126825
:1040400013644FF4967003F04DF83C4B1B783D4AD7
:104050001B01134408331B683D4A1360374B1B7820
:10406000384A1B0113440C331B78002B0CBF01236F
:104070000023DBB21A460421364804F0CFF82F4B58
:104080001B78304A1B0113440C331B78002B14BFE0
:1040900001230023DBB21A4608212E4804F0BEF8A3
:1040A000264B1B78274A1B0113440C331B78002B2B
:1040B0000CBF01230023DBB21A462021254804F05F
:1040C000ADF81E4B1B781F4A1B0113440C331B78A1
:1040D000002B14BF01230023DBB21A4610211D4818
:1040E00004F09CF8154B1B78164A1B0113441A88E0
:1040F000194B1B685A63114B1B78124A1B0113445E
:1041000002331A88144B1B689A63144B1A78134BAA
:104110005B789A422CD1094B64221A70074B00221B
:104120005A800F4A0F210F480BF020FE4FF6FF7305
:1041300006220D490D4807F098FA33E08406002066
:10414000340100200400002000005C43180400201B
:104150009C06002000000240800500205006002040
:104160009C2D010888060020A42D0108C805002008
:104170006D4B5B786D4A6C499B000B445B68136028
:10418000694B5B780133684A927893FBF2F101FB4B
:1041900002F29B1ADAB2644B5A70654A0F216548E5
:1041A0000BF0E4FD614B63221A70B8E0624B02220F
:1041B0001A705E4B63221A70B1E05F4B03221A70D3
:1041C0005A4B63221A70AAE05B4B04221A70574BB9
:1041D00063221A70A3E0584B05221A70534B6322D6
:1041E0001A709CE0514B1B780B2B04D0534B1B686F
:1041F000DC221A6403E0514B1B680A221A644FF454
:10420000967002F06FFF494B64221A70474B0022F0
:104210005A804B4A0F2147480BF0A8FD4FF6FF7319
:1042200006224849484807F020FA78E0424B062227
:104230001A7074E0404B07221A703C4B63221A70CC
:104240006DE03D4B0A221A70384B63221A7066E00B
:10425000394B08221A70354B63221A705FE0364BD7
:1042600009221A70314B63221A7058E02F4B1B78C9
:10427000582B04D0314B1B68DC221A6403E02F4B0F
:104280001B680A221A644FF4967002F02BFF00227A
:1042900004212E4803F0C2FF012208212B4803F01D
:1042A000BDFF00222021294803F0B8FF0122102180
:1042B000264803F0B3FF1D4B1B78582B13D11B4B23
:1042C0005B8807EE903AF8EE677A214BC3ED007AEF
:1042D000204B1B684FF448725A631E4B1B684FF407
:1042E00096629A6313E0114B5B885B4207EE903A4B
:1042F000F8EEE77A164BC3ED007A164B1B684FF4C5
:1043000096625A63134B1B684FF448729A63074BCB
:1043100063221A700E48FFF7BBF800E000BF64206C
:1043200008F0DEFA7CE500BF50060020840600207D
:10433000AC2D01088806002034010020180400205C
:104340009C2D0108A42D0108C80500200000024092
:104350009C0600208005002080B584B000AF786006
:104360000023FB810023BB60274B1B78062B04D066
:104370004FF47A7008F0B4FAF6E7244B63221A700F
:10438000234B244A1A602248FEF71EFF224B0022CC
:104390001A601D4B1A78214B1A701B4B0B221A7096
:1043A0001F4B1A781E4B5B789A4212D1174B64222E
:1043B0001A70164B00225A801A4A0F211A480BF025
:1043C000D5FC4FF6FF7306221849194807F04DF93E
:1043D000CAE7134B5B780D4A11499B000B445B689D
:1043E00013600F4B5B7801330D4A927893FBF2F127
:1043F00001FB02F29B1ADAB2094B5A700D4A0F21E7
:1044000009480BF0B3FCAFE734010020840600201C
:10441000B0060020000020424007002035010020A7
:10442000500600209C2D010888060020A42D0108BC
:10443000C8050020AC2D010880B582B000AF7860BF
:10444000854B1B78002B08D0834B1B78012B04D0A5
:104450004FF47A7008F044FAFCE0804B1B78002B94
:104460007ED07F4B4FF000021A607E4B00221A80F4
:104470007D48FEF76EF87D48FEF76BF87C48FEF746
:1044800068F8754B1B78002B14BF01230023DBB2A7
:104490001A460421774803F0C1FE6F4B1B78002BAE
:1044A0000CBF01230023DBB21A460821714803F038
:1044B000B5FE694B1B78002B14BF01230023DBB230
:1044C0001A4620216B4803F0A9FE634B1B78002B92
:1044D0000CBF01230023DBB21A461021654803F00C
:1044E0009DFE654B1B6800225A63634B1B680022CC
:1044F0009A63594B1A78614B1A70574B0B221A70FA
:104500005F4B00221A605F4B64221A705D4B0022E1
:104510005A805D4A0F215D480BF028FC4FF6FF736F
:1045200006225B495B4807F0A0F802F0CFFD034686
:10453000594A1360494B1B78002B00F08A8002F027
:10454000C5FD0246544B1B68D31A092BF2D9002033
:10455000FEF712F802F0BAFD03464F4A1360E9E78E
:10456000484B5B8807EE903AF8EE677A4B4BC3ED09
:10457000007A4A4BD3ED007AB2EE0E7AF4EEC77AA7
:10458000F1EE10FA02D8464B00221A70444B1B7809
:10459000002B0CD1304B1B78002B0CBF01230023C8
:1045A000DBB2012219463D48FEF7FEFA0BE02A4B2A
:1045B0001B78002B0CBF01230023DBB2022219461B
:1045C0003648FEF7F1FA2C4B1B6800225A632A4B3F
:1045D0001B6800229A63204B1A78284B1A701E4BD6
:1045E0000B221A70264B00221A602E4B1A782D4B84
:1045F0005B789A4212D1234B64221A70214B00221D
:104600005A80214A0F2121480BF0B0FB4FF6FF736F
:1046100006221F491F4807F028F811E7214B5B7855
:10462000184A20499B000B445B6813601D4B5B7864
:1046300001331C4A927893FBF2F101FB02F29B1AC0
:10464000DAB2184B5A70184A0F2110480BF08EFB43
:10465000F6E600BFF4E600BF340100209806002013
:10466000A0060020A6060020D0060020BC060020E0
:10467000E4060020000002408005002035010020F3
:1046800040070020840600209C2D01088806002099
:10469000A42D0108C8050020AC060020B0060020AB
:1046A0003601002050060020AC2D0108000000005B
:1046B000B0B588B004AF78600023FB73844B1B78DF
:1046C000082B04D04FF47A7008F00AF9F6E7814B12
:1046D00093F90030002B07D17F4B804A1A600221EA
:1046E0007D48FEF7F5FB3CE27A4B93F90030012B55
:1046F00040F098810023FB73794B4FF000021A6061
:10470000784B00221A80784B4FF000021A60774BEA
:10471000774A1A60774B4FF000021A60764B1B689D
:104720000A221A644FF4967002F0DCFC734B1B688B
:104730004FF416725A63714B1B684FF47A729A6386
:10474000002204216E4803F069FD012208216C4813
:1047500003F064FD00222021694803F05FFD01227F
:104760001021674803F05AFD0421664805F070FBEC
:1047700002F0ACFC0346644A13604FF6FF730293E9
:1047800002230193614B009301233722D02160481B
:1047900003F09CFF5D4B1B781B021AB25B4B5B78EE
:1047A0001BB213431AB24F4B1A80FB7B002B1DD157
:1047B00001221021574803F031FD524B1B680022A3
:1047C0005A62504B1B685B6A092BFAD900221021F0
:1047D000504803F023FD4B4B1B68DA68494B1B68BC
:1047E00042F00402DA60052008F07AF802F06EFC6C
:1047F0000246454B1B68D31A092BBED9384B1B68A0
:104800001846FBF7A1FE04460D46364BB3F90030BF
:104810001846FBF787FE2AA3D3E90023FCF716F816
:1048200002460B461046194627A3D3E90023FBF79F
:10483000E3FE02460B4620462946FBF727FD0246CB
:104840000B4610461946FCF7CFF90346244A13607D
:10485000284BD3ED007A9FED307AF4EEC77AF1EE73
:1048600010FA08DDFB7B002B05D11D4B1B681E4A8F
:1048700013600123FB731D4B93ED007A184BD3EDAE
:10488000007A77EE677AFDEEE77A17EE903A002B22
:104890000DDB164B93ED007A114BD3ED007A77EEDA
:1048A000677AFDEEE77A17EE903A002B36DD02F0DC
:1048B0000DFC0346144A13605FE700BFAFF30080AE
:1048C00066666666666630407B14AE47E17A843F72
:1048D0003401002044070020B00600200000F04111
:1048E000A0060020A6060020180700209C06002035
:1048F0000000B442000700201804002080050020BA
:1049000000000240F0040020AC060020A4060020B5
:10491000C40300200004024000005C4200BFA24B20
:104920001B6800225A63A04B1B6800229A639F4BAE
:104930001B6848221A644FF4967002F0D3FB0A20D9
:1049400007F0CEFF9A4B1B681846FBF7FDFD94A3BA
:10495000D3E90023FBF750FE02460B4610461946EA
:104960004FF00002934BFBF771FF02460B461046D7
:104970001946FCF739F9034600EE103A0DF050FCE9
:10498000F0EE407AB3EE0E7A67EE877A8A4BC3ED8B
:10499000007A894BD3ED007A9FED887A77EE677ABB
:1049A000F3EE0E6A87EEA67AB0EE470A0DF05CFBD6
:1049B000F0EE407A9FED827A67EE877A17EE900AE2
:1049C000FBF7C2FD76A3D3E90023FBF73FFF0246C6
:1049D0000B4610461946FCF707F90346794A13605F
:1049E000754BD3ED007A9FED757A37EE677A724B8F
:1049F000D3ED007ADFED716A76EEE77A67EE277A1B
:104A00009FED717A77EE877AB0EE670A0DF00EFBB4
:104A1000F0EE407AB3EE077A77EEC77A6B4BC3EDD0
:104A2000007A9EE06A4B93F90030022B05D1FFF724
:104A30003BF80A2007F054FF93E0654B93F90030F0
:104A4000032B05D1FEF7C4FE0A2007F049FF88E0DA
:104A50005F4B93F90030042B05D1FFF7CDF80A2006
:104A600007F03EFF7DE05A4B93F90030052B05D14E
:104A7000FFF71AF80A2007F033FF72E0544B93F95E
:104A80000030062B05D1FEF769FE0A2007F028FF4B
:104A900067E04F4B93F90030072B05D1FFF704F87F
:104AA0000A2007F01DFF5CE0494B93F90030082B0A
:104AB0001DD13E4B1B68DC221A644FF4967002F045
:104AC00011FB394B1B684FF4FA625A63364B1B6873
:104AD0004FF47A729A633B4BD3ED007AF1EE677A2A
:104AE0003C4BC3ED007A3B48FEF7D2FC39E0384B33
:104AF00093F90030092B09D1344B1B68364A1360F7
:104B0000002201213448FEF74FF82AE0304B93F998
:104B100000300A2B19D1254B1B680A221A644FF466
:104B2000967002F0DFFA204B1B684FF47A725A63DA
:104B30001D4B1B684FF4FA629A63224B1B68254A8F
:104B400013602448FEF7A4FC0BE0214B93F90030DE
:104B50000B2B06D1204B214A1A6002211E48FEF77A
:104B6000B7F91F4B00221A601E4B1A781E4B1A70A1
:104B70001C4B0B221A701D4B64221A701B4B002217
:104B80005A801B4A0F211B480BF0F0F84FF6FF73B9
:104B900006221949194806F068FD8FE5AFF3008039
:104BA00050455254FB210940800500201804002084
:104BB00018070020008066401007002000007042A7
:104BC000000034431C07002000006144140700204B
:104BD000440700209C060020B00600200000704121
:104BE0004007002034010020350100208406002009
:104BF0009C2D010888060020A42D0108C80500206E
:104C000080B582B000AF7860314B1B780A2B1CD086
:104C10004FF47A7007F064FEF6E701224FF48061EA
:104C20002C4803F0FBFA642007F05AFE00224FF4F0
:104C30008061284803F0F2FA642007F051FE264B09
:104C40005B88013B9AB2244B5A80234B5B88002B34
:104C5000E3D11F4B1A78214B1A701D4B0B221A708F
:104C60001F4B00221A601F4B1A781E4B5B789A422A
:104C700012D1194B64221A70174B00225A801A4A1B
:104C80000F211A480BF072F84FF6FF7306221849ED
:104C9000184806F0EAFCB7E7124B5B780E4A114958
:104CA0009B000B445B6813600E4B5B7801330D4A2D
:104CB000927893FBF2F101FB02F29B1ADAB2094BF4
:104CC0005A700D4A0F2109480BF050F89CE700BFBD
:104CD0003401002000040240840600203501002039
:104CE00040070020500600209C2D01088806002067
:104CF000A42D0108C8050020AC2D010880B592B094
:104D000000AF7860974B1B78022B04D04FF47A7079
:104D100007F0E6FDF6E7944B5B88142B00F08180EA
:104D20001E2B40F00781914BD3ED3D7A9FED907A99
:104D3000F4EEC77AF1EE10FA01DDDC2312E08B4BC2
:104D4000D3ED3D7AB2EE047AF4EEC77AF1EE10FAC2
:104D500001D50A2306E0854BD3ED3D7AFCEEE77AD8
:104D600017EE903A834A126813644FF4967002F07B
:104D7000B9F97E4BD3F8F8307F4A13607B4B93F838
:104D8000FC30002B0CBF01230023DBB21A460421A8
:104D90007A4803F043FA754B93F8FC30002B14BFAC
:104DA00001230023DBB21A460821744803F036FAC7
:104DB0006E4B93F8FC30002B0CBF01230023DBB2B9
:104DC0001A4620216D4803F029FA684B93F8FC300D
:104DD000002B14BF01230023DBB21A4610216748C1
:104DE00003F01CFA614BB3F8F020654B1B685A6363
:104DF0005E4BB3F8F220624B1B689A635E48FEF785
:104E000047FB0A2007F06CFD5E4B4FF081421A60B1
:104E1000002200215B48FDF7C7FE0A2007F060FD75
:104E20000EE1584B4FF081421A6000220021554894
:104E3000FDF7BAFE0A2007F053FD4C4BD3ED2D7A57
:104E40009FED4B7AF4EEC77AF1EE10FA01DDDC2328
:104E500012E0464BD3ED2D7AB2EE047AF4EEC77A27
:104E6000F1EE10FA01D50A2306E0404BD3ED2D7A7E
:104E7000FCEEE77A17EE903A3E4A126813644FF45C
:104E8000967002F02FF9394BD3F8B8303A4A1360D4
:104E9000364B93F8BC30002B0CBF01230023DBB250
:104EA0001A460421354803F0B9F9304B93F8BC3069
:104EB000002B14BF01230023DBB21A4608212F4820
:104EC00003F0ACF9294B93F8BC30002B0CBF012345
:104ED0000023DBB21A462021284803F09FF9234B18
:104EE00093F8BC30002B14BF01230023DBB21A4619
:104EF0001021224803F092F91C4BB3F8B020204B4C
:104F00001B685A63194BB3F8B2201D4B1B689A6398
:104F10001948FEF7BDFA0A2007F0E2FC194B1A4ABD
:104F20001A60002200211748FDF73EFE0A2007F014
:104F3000D7FC85E00D4BD3ED1D7A9FED0D7AF4EE95
:104F4000C77AF1EE10FA01DDDC2326E0074BD3ED42
:104F50001D7AB2EE047AF4EEC77AF1EE10FA15D5A6
:104F60000A231AE0340100208406002004000020F7
:104F700000005C43180400209C0600200000024052
:104F800080050020B00600200000E0404B4BD3ED30
:104F90001D7AFCEEE77A17EE903A494A12681364DC
:104FA0004FF4967002F09EF8444B9B6F454A136095
:104FB000424B93F87C30002B0CBF01230023DBB263
:104FC0001A460421404803F029F93C4B93F87C3001
:104FD000002B14BF01230023DBB21A4608213A48F4
:104FE00003F01CF9354B93F87C30002B0CBF0123E8
:104FF0000023DBB21A462021334803F00FF92F4B70
:1050000093F87C30002B14BF01230023DBB21A4637
:1050100010212D4803F002F9284BB3F870202B4BD8
:105020001B685A63254BB3F87220284B1B689A63A0
:105030002448FEF72DFA4FF47A7007F051FC00BFB8
:10504000234B00221A60234B1A78234B1A70214BF2
:105050000B221A70214B1A78204B5B789A4212D19E
:105060001F4B64221A701E4B00225A801D4A0F21CA
:105070001D480AF07BFE4FF6FF7306221B491C48B1
:1050800006F0F3FA3EE6154B5B78154A13499B0090
:105090000B445B681360114B5B7801330F4A9278C5
:1050A00093FBF2F101FB02F29B1ADAB20B4B5A703E
:1050B000104A0F210C480AF059FE23E60400002094
:1050C000180400209C0600200000024080050020FB
:1050D0004007002034010020350100205006002048
:1050E000840600209C2D010888060020A42D0108BC
:1050F000C8050020AC2D010880B582B000AF7860F3
:10510000984B1B78032B04D04FF47A7007F0E8FB20
:10511000F6E7954B5B88142B00F081801E2B40F046
:105120000881924BD3ED417A9FED917AF4EEC77AE4
:10513000F1EE10FA01DDDC2312E08C4BD3ED417A65
:10514000B2EE047AF4EEC77AF1EE10FA01D50A2332
:1051500006E0864BD3ED417AFCEEE77A17EE903A03
:10516000844A126813644FF4967001F0BBFF7F4BC2
:10517000D3F80831804A13607C4B93F80C31002B34
:105180000CBF01230023DBB21A4604217B4803F045
:1051900045F8764B93F80C31002B14BF0123002304
:1051A000DBB21A460821754803F038F86F4B93F8C4
:1051B0000C31002B0CBF01230023DBB21A46202147
:1051C0006E4803F02BF8694B93F80C31002B14BF99
:1051D00001230023DBB21A461021684803F01EF8B1
:1051E000624BB3F80021664B1B685A635F4BB3F800
:1051F0000221634B1B689A635F48FEF749F90A2056
:1052000007F06EFB5F4B4FF081421A6000220021D5
:105210005C48FDF7C9FC0A2007F062FB0EE1594B20
:105220004FF081421A60002200215648FDF7BCFC75
:105230000A2007F055FB4D4BD3ED317A9FED4C7AA8
:10524000F4EEC77AF1EE10FA01DDDC2312E0474BF1
:10525000D3ED317AB2EE047AF4EEC77AF1EE10FAB9
:1052600001D50A2306E0414BD3ED317AFCEEE77A13
:1052700017EE903A3F4A126813644FF4967001F0AB
:1052800031FF3A4BD3F8C8303B4A1360374B93F8A1
:10529000CC30002B0CBF01230023DBB21A460421C3
:1052A000364802F0BBFF314B93F8CC30002B14BFD3
:1052B00001230023DBB21A460821304802F0AEFF7A
:1052C0002A4B93F8CC30002B0CBF01230023DBB218
:1052D0001A462021294802F0A1FF244B93F8CC3034
:1052E000002B14BF01230023DBB21A4610212348F0
:1052F00002F094FF1D4BB3F8C020214B1B685A638A
:105300001A4BB3F8C2201E4B1B689A631A48FEF76B
:10531000BFF80A2007F0E4FA1A4B4FF082421A60F5
:10532000002200211748FDF73FFC0A2007F0D8FAB9
:1053300084E00E4BD3ED217A9FED0D7AF4EEC77A1F
:10534000F1EE10FA01DDDC2325E0084BD3ED217AE4
:10535000B2EE047AF4EEC77AF1EE10FA14D50A230D
:1053600019E000BF34010020840600200400002062
:1053700000005C43180400209C060020000002404E
:1053800080050020B00600204B4BD3ED217AFCEEC7
:10539000E77A17EE903A494A126813644FF4967010
:1053A00001F0A0FE444BD3F88830454A1360424BCD
:1053B00093F88C30002B0CBF01230023DBB21A467C
:1053C0000421404802F02AFF3B4B93F88C30002B1D
:1053D00014BF01230023DBB21A460821394802F02A
:1053E0001DFF354B93F88C30002B0CBF012300239D
:1053F000DBB21A462021334802F010FF2E4B93F8FF
:105400008C30002B14BF01230023DBB21A4610217D
:105410002C4802F003FF284BB3F880202A4B1B686E
:105420005A63254BB3F88220274B1B689A632448A4
:10543000FEF72EF80A2007F053FA00BF234B002294
:105440001A60234B1A78234B1A70214B0B221A70C7
:10545000214B1A78204B5B789A4212D11F4B642261
:105460001A701E4B00225A801D4A0F211D480AF057
:105470007DFC4FF6FF7306221B491C4806F0F5F829
:105480003EE6154B5B78154A13499B000B445B685D
:105490001360114B5B7801330F4A927893FBF2F162
:1054A00001FB02F29B1ADAB20B4B5A70104A0F2121
:1054B0000C480AF05BFC23E60400002018040020DE
:1054C0009C060020000002408005002040070020CC
:1054D0003401002035010020500600208406002001
:1054E0009C2D010888060020A42D0108C805002075
:1054F000AC2D010880B582B000AF7860964B1B7868
:10550000042B04D04FF47A7007F0EAF9F6E7934BD6
:105510005B88142B7FD01E2B40F00681904BD3ED7F
:10552000457A9FED907AF4EEC77AF1EE10FA01DD3C
:10553000DC2312E08A4BD3ED457AB2EE047AF4EE26
:10554000C77AF1EE10FA01D50A2306E0844BD3EDB9
:10555000457AFCEEE77A17EE903A834A12681364B4
:105560004FF4967001F0BEFD7D4BD3F818317F4AA1
:1055700013607B4B93F81C31002B0CBF01230023DD
:10558000DBB21A4604217A4802F048FE744B93F8C5
:105590001C31002B14BF01230023DBB21A46082163
:1055A000734802F03BFE6E4B93F81C31002B0CBF8E
:1055B00001230023DBB21A4620216D4802F02EFEA3
:1055C000674B93F81C31002B14BF01230023DBB27F
:1055D0001A461021664802F021FE614BB3F81021F3
:1055E000644B1B685A635E4BB3F81221614B1B6816
:1055F0009A635E48FDF74CFF0A2007F071F95E4B95
:105600005E4A1A60002200215B48FDF7CDFA0A20AD
:1056100007F066F910E1584B594A1A60002201213F
:105620005548FDF7C1FA0A2007F05AF94C4BD3ED63
:10563000357A9FED4C7AF4EEC77AF1EE10FA01DD7F
:10564000DC2312E0464BD3ED357AB2EE047AF4EE69
:10565000C77AF1EE10FA01D50A2306E0404BD3EDEC
:10566000357AFCEEE77A17EE903A3F4A12681364F7
:105670004FF4967001F036FD394BD3F8D8303B4AE1
:105680001360374B93F8DC30002B0CBF0123002351
:10569000DBB21A460421364802F0C0FD304B93F8C5
:1056A000DC30002B14BF01230023DBB21A46082193
:1056B0002F4802F0B3FD2A4B93F8DC30002B0CBFCF
:1056C00001230023DBB21A462021294802F0A6FD5F
:1056D000234B93F8DC30002B14BF01230023DBB2F3
:1056E0001A461021224802F099FD1D4BB3F8D02034
:1056F000204B1B685A631A4BB3F8D2201D4B1B6812
:105700009A631A48FDF7C4FE0A2007F0E9F81A4B1D
:105710004FF080421A60002201211748FDF744FA39
:105720000A2007F0DDF887E00D4BD3ED257A9FEDD9
:105730000D7AF4EEC77AF1EE10FA01DDDC2328E0F1
:10574000074BD3ED257AB2EE047AF4EEC77AF1EE88
:1057500010FA17D50A231CE034010020840600202B
:105760000400002000005C43180400209C06002078
:105770000000024080050020B0060020000090409C
:105780000000C0404B4BD3ED257AFCEEE77A17EED4
:10579000903A494A126813644FF4967001F0A2FCE3
:1057A000444BD3F89830454A1360424B93F89C30F1
:1057B000002B0CBF01230023DBB21A460421404812
:1057C00002F02CFD3B4B93F89C30002B14BF0123BF
:1057D0000023DBB21A460821394802F01FFD354B81
:1057E00093F89C30002B0CBF01230023DBB21A4638
:1057F0002021334802F012FD2E4B93F89C30002BF1
:1058000014BF01230023DBB21A4610212C4802F0FA
:1058100005FD284BB3F890202A4B1B685A63254B93
:10582000B3F89220274B1B689A632448FDF730FE9B
:105830000A2007F055F800BF234B00221A60234BC3
:105840001A78234B1A70214B0B221A70214B1A78AD
:10585000204B5B789A4212D11F4B64221A701E4B68
:1058600000225A801D4A0F211D480AF07FFA4FF688
:10587000FF7306221B491C4805F0F7FE3EE6154B58
:105880005B78154A13499B000B445B681360114B0E
:105890005B7801330F4A927893FBF2F101FB02F23D
:1058A0009B1ADAB20B4B5A70104A0F210C480AF0BF
:1058B0005DFA23E604000020180400209C06002066
:1058C0000000024080050020400700203401002035
:1058D0003501002050060020840600209C2D010880
:1058E00088060020A42D0108C8050020AC2D010861
:1058F00080B582B000AF7860964B1B78052B04D042
:105900004FF47A7006F0ECFFF6E7934B5B88142BAC
:105910007FD01E2B40F00581904BD3ED497A9FED4F
:10592000907AF4EEC77AF1EE10FA01DDDC2312E092
:105930008A4BD3ED497AB2EE047AF4EEC77AF1EEEF
:1059400010FA01D50A2306E0844BD3ED497AFCEE28
:10595000E77A17EE903A834A126813644FF4967010
:1059600001F0C0FB7D4BD3F828317F4A13607B4B9D
:1059700093F82C31002B0CBF01230023DBB21A4615
:1059800004217A4802F04AFC744B93F82C31002B26
:1059900014BF01230023DBB21A460821734802F02A
:1059A0003DFC6E4B93F82C31002B0CBF01230023E0
:1059B000DBB21A4620216D4802F030FC674B93F8A9
:1059C0002C31002B14BF01230023DBB21A46102117
:1059D000664802F023FC614BB3F82021644B1B683E
:1059E0005A635E4BB3F82221614B1B689A635E4891
:1059F000FDF74EFD0A2006F073FF5E4B5E4A1A600B
:105A0000002200215B48FDF7CFF80A2006F068FF6E
:105A100012E1584B594A1A60002201215548FDF7FE
:105A2000C3F80A2006F05CFF4C4BD3ED397A9FEDAA
:105A30004C7AF4EEC77AF1EE10FA01DDDC2312E0C5
:105A4000464BD3ED397AB2EE047AF4EEC77AF1EE32
:105A500010FA01D50A2306E0404BD3ED397AFCEE6B
:105A6000E77A17EE903A3F4A126813644FF4967043
:105A700001F038FB394BD3F8E8303B4A1360374B21
:105A800093F8EC30002B0CBF01230023DBB21A4645
:105A90000421364802F0C2FB304B93F8EC30002B67
:105AA00014BF01230023DBB21A4608212F4802F05D
:105AB000B5FB2A4B93F8EC30002B0CBF01230023DD
:105AC000DBB21A462021294802F0A8FB234B93F8A9
:105AD000EC30002B14BF01230023DBB21A46102147
:105AE000224802F09BFB1D4BB3F8E020204B1B68C3
:105AF0005A631A4BB3F8E2201D4B1B689A631A488D
:105B0000FDF7C6FC0A2006F0EBFE1A4B1C4A1A6091
:105B1000002201211748FDF747F80A2006F0E0FEB1
:105B20008AE00E4BD3ED297A9FED0D7AF4EEC77A19
:105B3000F1EE10FA01DDDC232BE0084BD3ED297ADE
:105B4000B2EE047AF4EEC77AF1EE10FA1AD50A230F
:105B50001FE000BF34010020840600200400002064
:105B600000005C43180400209C0600200000024056
:105B700080050020B00600200000A0400000E040AA
:105B8000000040404B4BD3ED297AFCEEE77A17EE4C
:105B9000903A494A126813644FF4967001F0A2FAE1
:105BA000444BD3F8A830454A1360424B93F8AC30CD
:105BB000002B0CBF01230023DBB21A46042140480E
:105BC00002F02CFB3B4B93F8AC30002B14BF0123AD
:105BD0000023DBB21A460821394802F01FFB354B7F
:105BE00093F8AC30002B0CBF01230023DBB21A4624
:105BF0002021334802F012FB2E4B93F8AC30002BDF
:105C000014BF01230023DBB21A4610212C4802F0F6
:105C100005FB284BB3F8A0202A4B1B685A63254B81
:105C2000B3F8A220274B1B689A632448FDF730FC89
:105C30000A2006F055FE00BF234B00221A60234BBA
:105C40001A78234B1A70214B0B221A70214B1A78A9
:105C5000204B5B789A4212D11F4B64221A701E4B64
:105C600000225A801D4A0F211D480AF07FF84FF686
:105C7000FF7306221B491C4805F0F7FC3CE6154B58
:105C80005B78154A13499B000B445B681360114B0A
:105C90005B7801330F4A927893FBF2F101FB02F239
:105CA0009B1ADAB20B4B5A70104A0F210C480AF0BB
:105CB0005DF821E604000020180400209C06002066
:105CC0000000024080050020400700203401002031
:105CD0003501002050060020840600209C2D01087C
:105CE00088060020A42D0108C8050020AC2D01085D
:105CF00080B584B000AF78604FF07F53FB60022323
:105D0000BB720223FB72504B1B78092B04D04FF45B
:105D10007A7006F0E5FD92E04C4B5B88DBB2BB721B
:105D2000BB7A012B02D0BB7A022B01D1022300E007
:105D30000123FB72464B474A1A60FB7A1A4601213F
:105D40004348FCF731FFBB7A013B032B1ED801A26D
:105D500052F823F0655D0008795D0008655D000874
:105D6000795D0008D7ED037AB3EE0B7A77EE877A88
:105D7000374BC3ED007A0AE0D7ED037A9FED367A10
:105D800077EE877A324BC3ED007A00E000BFFB7AF2
:105D900019462F48FDF79CF807F10A031846FDF74E
:105DA00051FD07F10A031846FDF71EFEBB7A013BC1
:105DB000032B13D801A252F823F000BFCD5D0008D9
:105DC000D55D0008CD5D0008D55D0008204B234A55
:105DD0001A6004E01E4B1F4A1A6000E000BFFB7A05
:105DE0001A4601211A48FCF7DFFE07F10A0318469C
:105DF000FDF7FAFD07F10A031846FDF77FFD144B86
:105E0000174A1A60FB7A1A4601211148FCF7CCFEAA
:105E10000F4B144A1A60FB7A19460D48FDF758F8E3
:105E2000094B1A78104B1A70074B0B221A700F4A45
:105E30000F210F4809F09AFF0E4B00221A60012033
:105E400006F04EFD5FE700BF34010020840600200D
:105E5000B006002000008C4200003C42000050428E
:105E60000000704200007041350100209C2D0108A7
:105E7000880600204007002080B500AF01224FF4C3
:105E800000510B4802F0CAF90A2000F015F8002270
:105E90004FF40051064802F0C1F9064B1B68DA685E
:105EA000044B1B6842F00202DA6000BF80BD00BFF5
:105EB000000C0240F004002080B483B000AF034621
:105EC000FB80094B1B6800225A6200BF064B1B680F
:105ED0005A6AFB889A42F9D300BF00BF0C37BD460F
:105EE0005DF8047B704700BFF00400200000000054
:105EF00080B582B000AF78607B681B7F012B40F0DB
:105F00008380454B1B78002B1AD10021786804F060
:105F1000D7FD0346414A13603F4B01221A707B684C
:105F20001B681A6A7B681B6822F00A021A627B6887
:105F30001B681A6A7B681B6842F002021A6263E0FF
:105F4000354B1B78012B5FD10021786804F0B8FD38
:105F50000346334A13607B681B6800225A62304B49
:105F60001A682E4B1B689A4207D92D4B1A682B4B87
:105F70001B68D31A2B4A13600FE0284B1A68284B72
:105F80001B689A4209D9264B1A68244B1B68D31AFE
:105F900003F57F43FF33234A1360224B1B681846E7
:105FA000FAF7B0FA1AA3D3E90023FAF725FB024661
:105FB0000B46104619464FF000024FF08043FAF7A7
:105FC00045FC02460B4610461946FAF7EDFD03461E
:105FD0009AB2154B1A80104B00221A707B681B680E
:105FE0001A6A7B681B6822F00A021A627B681A68C8
:105FF0007B681B68126A1A620C4B1B68DA680B4BD1
:106000001B6822F00202DA6000BF0837BD4680BD7F
:10601000006F8104C58FA13F2807002020070020C2
:10602000240700202C07002030070020F004002067
:1060300080B588B000AF78600023FB6007F11003E3
:1060400000221A605A609A60DA600021174803F053
:10605000FFFEFFF711FF00F0B5F9154B1B881A463C
:1060600007F10C031349184609F0B4FE07F10C03BD
:106070001A461421002000F097FA00F021F94FF49D
:106080007A7006F02DFC0A4B1A880B4B1B889A423B
:1060900008D80A4B1B68012B04D1084B00221A6058
:1060A00000F032F8642006F01BFCD2E7F004002078
:1060B00030070020F02D01083C01002034070020AB
:1060C00080B483B000AF0346FB80054B1B68FA88A1
:1060D0005A6300BF0C37BD465DF8047B704700BFB4
:1060E0008005002080B483B000AF0346FB80054BE1
:1060F0001B68FA889A6300BF0C37BD465DF8047BC5
:10610000704700BF8005002080B500AF002220212D
:106110000C4802F083F8002210210A4802F07EF8B1
:1061200000220421074802F079F8002208210548DE
:1061300002F074F80020FFF7C3FF0020FFF7D2FF42
:1061400000BF80BD0000024080B582B000AF786023
:10615000194801F02FF81421174801F030F91648BA
:1061600001F0C8FA03461846FAF7CCF910A3D3E9B0
:106170000023FAF76BFB02460B46104619464FF018
:1061800000020E4BFAF738FA02460B461046194643
:10619000FAF72AFD03460A4A1360074801F0DCF8C3
:1061A00047F2305006F09CFB00BFD1E7AFF3008010
:1061B000BCE9961D023796407C0300200000594040
:1061C0000C07002080B582B000AF78602D4B1B78A3
:1061D000072B04D04FF47A7006F082FBF6E72A4BC7
:1061E0005B8807EE903AF8EE677A284BC3ED007AA9
:1061F00002212648FCF76CFE254B1B6800225A63DF
:10620000234B1B6800229A631E4B1A78214B1A708D
:106210001C4B0B221A70204B00221A601F4B1A785D
:106220001E4B5B789A4212D1174B64221A70164BA0
:1062300000225A801A4A0F211A4809F097FD4FF69A
:10624000FF7306221849194805F00FFABEE7134BF1
:106250005B780D4A11499B000B445B6813600F4B40
:106260005B7801330D4A927893FBF2F101FB02F265
:106270009B1ADAB2094B5A700D4A0F21094809F0EE
:1062800075FDA3E73401002084060020B00600203D
:106290008005002035010020400700205006002026
:1062A0009C2D010888060020A42D0108C8050020A7
:1062B000AC2D010880B400AF72B600BF00BFFDE78F
:1062C00080B582B000AF0023FB7126E0FB79503B24
:1062D000DBB20021184600F02BF80021002000F06E
:1062E00027F80021102000F023F80023BB710DE0F7
:1062F000BA79FB790D49D2000A4413441B78012175
:10630000184600F015F8BB790133BB7197F90630D8
:10631000002BEDDAFB790133FB71FB79072BD5D923
:1063200000BF00BF0837BD4680BD00BF4C0700203E
:1063300080B584B000AF03460A46FB711346BB71BB
:10634000BB79002B06D001224FF480711C4801F06C
:1063500065FF05E000224FF48071194801F05EFFEF
:106360000023FB731EE000222021154801F056FF98
:1063700097F90730002B05DA01224021104801F07F
:106380004DFF04E0002240210D4801F047FF0122AB
:1063900020210B4801F042FFFB795B00FB71FB7B86
:1063A0000133FB73FB7B072BDDD901224FF4807196
:1063B000034801F033FF00BF1037BD4680BD00BF6A
:1063C0000010024080B582B000AF0023FB7114E0E2
:1063D0000023BB710AE0BA79FB790C49D2000A4468
:1063E000134400221A70BB790133BB7197F9063050
:1063F000002BF0DAFB790133FB71FB79072BE7D92E
:10640000FFF75EFF00BF0837BD4680BD4C07002088
:1064100080B485B000AF0346FB710B46BB711346D9
:106420007B710023FB7397F90730002B41DBBB79AD
:106430003F2B3ED8BB79DB08DBB2C3F10703BB734C
:10644000BB7903F007037B737B7BC3F10703012256
:1064500002FA03F3FB737B79002B12D0FA79BB7B32
:106460001749D2000A4413441878FA79BB7BF97BA8
:106470000143C8B21249D2000A44134402461A70BA
:1064800018E0FA79BB7B0E49D2000A4413441B780A
:106490005AB297F90F30DB435BB2134059B2FA7925
:1064A000BB7BC8B20649D2000A44134402461A70A4
:1064B00000E000BF1437BD465DF8047B704700BFA5
:1064C0004C07002090B585B000AF04460846114641
:1064D0001A462346FB710346BB710B467B7113467C
:1064E0003B71BB793B737B79203B7B710023BB7392
:1064F0004DE03B790C2B0BD17A79B97B28481346B8
:106500005B0013449B0003440B441B78FB7307E0C0
:106510007A79BB7B234912010A4413441B78FB732D
:1065200000237B732DE097F90F30002B07DA97F8E3
:106530002020B979FB791846FFF76AFF0CE097F83D
:106540002030002B0CBF01230023DBB21A46B9799F
:10655000FB791846FFF75CFFFB7B5B00FB73BB79A5
:106560000133BB71BA793B7BD21A3B799A4205D190
:106570003B7BBB71FB790133FB7105E07B7B013316
:106580007B737B7B072BCED9BB7B0133BB73BA7B81
:106590003B799A42ADD300BF00BF1437BD4690BDD2
:1065A000103001088434010880B584B002AF03467E
:1065B0003A60FB710B46BB711FE0FB797A2B04D963
:1065C0000023FB71BB791033BB71BB793A2B05D922
:1065D0000023FB71FB79BB71FFF7F4FE3B681A786F
:1065E000B979F879012300930C23FFF76BFFFB794E
:1065F0000833FB713B6801333B603B681B78002B21
:10660000DBD100BF00BF0837BD4680BD80B500AFFD
:1066100002F0DEFD414B1B6F404A23F0010313677C
:106620003E4B1B6F3D4A23F00403136702F0E4FD69
:10663000002280213A4801F0F1FD642000F052FD73
:1066400001228021364801F0E9FD0021AE20FFF74C
:106650006FFE0021D520FFF76BFE00215020FFF7D1
:1066600067FE0021A820FFF763FE00213F20FFF70F
:106670005FFE0021D320FFF75BFE00210020FFF723
:1066800057FE00214020FFF753FE00218D20FFF729
:106690004FFE00211420FFF74BFE00212020FFF7C2
:1066A00047FE00210220FFF743FE0021A120FFF753
:1066B0003FFE0021C020FFF73BFE0021DA20FFF75C
:1066C00037FE00211220FFF733FE00218120FFF763
:1066D0002FFE0021EF20FFF72BFE0021D920FFF72E
:1066E00027FE0021F120FFF723FE0021DB20FFF72A
:1066F0001FFE00213020FFF71BFE0021A420FFF722
:1067000017FE0021A620FFF713FE0021AF20FFF7A0
:106710000FFEFFF757FE00BF80BD00BF00380240EC
:106720000010024080B582B000AF00237B60164BA2
:106730005B6C154A43F480435364134B5B6C03F466
:1067400080437B607B6800233B600F4B1B6C0E4AD1
:1067500043F0805313640C4B1B6C03F080533B607D
:106760003B6800220F216FF0010001F0F2FA0022D5
:106770000521052001F0EDFA052001F006FB00BF20
:106780000837BD4680BD00BF0038024080B58CB0E0
:1067900000AF786007F11C0300221A605A609A600B
:1067A000DA601A617B681B68364A934230D1002355
:1067B000BB61354B5B6C344A43F480735364324B9A
:1067C0005B6C03F48073BB61BB6900237B612E4B60
:1067D0001B6B2D4A43F0010313632B4B1B6B03F020
:1067E00001037B617B690123FB6103233B6200237F
:1067F0007B6207F11C031946244801F073FB002259
:106800000521122001F0A5FA122001F0BEFA34E0B1
:106810007B681B681E4A93422FD100233B611A4BB1
:106820005B6C194A43F400735364174B5B6C03F4BD
:1068300000733B613B690023FB60134B1B6B124AE7
:1068400043F001031363104B1B6B03F00103FB6068
:10685000FB680223FB6103233B6200237B6207F199
:106860001C031946094801F03DFB002205211220B6
:1068700001F06FFA122001F088FA00BF3037BD46F0
:1068800080BD00BF002001400038024000000240EF
:106890000021014080B58AB000AF786007F1140391
:1068A00000221A605A609A60DA601A617B681B687D
:1068B000194A93422CD100233B61184B1B6B174A9A
:1068C00043F002031363154B1B6B03F002033B61A0
:1068D0003B694FF440737B611223BB610023FB6172
:1068E00003233B6204237B6207F1140319460C481F
:1068F00001F0F8FA0023FB60084B1B6C074A43F4D5
:1069000000131364054B1B6C03F40013FB60FB685E
:1069100000BF2837BD4680BD00540040003802400B
:106920000004024080B58CB000AF786007F11C0312
:1069300000221A605A609A60DA601A617B681B68EC
:10694000404A934235D10023BB613F4B5B6C3E4ACA
:1069500043F0010353643C4B5B6C03F00103BB61E8
:10696000BB6900237B61384B1B6B374A43F0100334
:106970001363354B1B6B03F010037B617B694FF492
:106980000073FB6102233B6200237B620023BB6236
:106990000123FB6207F11C0319462C4801F0A2FAFF
:1069A000002205211B2001F0D4F91B2001F0EDF994
:1069B00044E07B681B68264A93420ED100233B616A
:1069C000214B1B6C204A43F0100313641E4B1B6CBD
:1069D00003F010033B613B6930E07B681B681D4A94
:1069E00093422BD10023FB60174B5B6C164A43F09C
:1069F00002035364144B5B6C03F00203FB60FB68FF
:106A00000023BB60104B1B6B0F4A43F0040313635E
:106A10000D4B1B6B03F00403BB60BB68C023FB6121
:106A200002233B6200237B620023BB620323FB62E1
:106A300007F11C031946084801F054FA00BF30372B
:106A4000BD4680BD000001400038024000100240F9
:106A500000100040000401400008024080B58CB0E6
:106A600000AF786007F11C0300221A605A609A6038
:106A7000DA601A617B681B68B3F1804F4BD1002349
:106A8000BB613F4B1B6C3E4A43F0010313643C4B1C
:106A90001B6C03F00103BB61BB6900237B61384BB6
:106AA0001B6B374A43F001031363354B1B6B03F039
:106AB00001037B617B6900233B61314B1B6B304AD7
:106AC00043F0020313632E4B1B6B03F002033B6185
:106AD0003B694FF40043FB6102233B6200237B626E
:106AE0000023BB620123FB6207F11C031946254802
:106AF00001F0F8F90823FB6102233B6200237B626B
:106B00000023BB620123FB6207F11C0319461E48E8
:106B100001F0E8F930E07B681B681C4A93422BD1F6
:106B20000023FB60164B1B6C154A43F002031364F1
:106B3000134B1B6C03F00203FB60FB680023BB607C
:106B40000F4B1B6B0E4A43F0010313630C4B1B6B83
:106B500003F00103BB60BB68C023FB6102233B62FF
:106B600000237B620023BB620223FB6207F11C034C
:106B70001946044801F0B6F900BF3037BD4680BD64
:106B800000380240000002400004024000040040BF
:106B900080B58AB000AF786007F1140300221A6054
:106BA0005A609A60DA601A617B681B681D4A9342DA
:106BB00034D100233B611C4B1B6C1B4A43F0040384
:106BC0001364194B1B6C03F004033B613B69002306
:106BD000FB60154B1B6B144A43F008031363124B05
:106BE0001B6B03F00803FB60FB684FF480537B6171
:106BF0000223BB610023FB6100233B6202237B6213
:106C000007F114031946094801F06CF90022052127
:106C10001E2001F09EF81E2001F0B7F800BF2837B3
:106C2000BD4680BD0008004000380240000C024014
:106C300080B588B000AF786007F10C0300221A60BD
:106C40005A609A60DA601A617B681B68124A934244
:106C50001ED10023BB60114B1B6B104A43F0100385
:106C600013630E4B1B6B03F01003BB60BB684FF448
:106C70008043FB6002233B6100237B610023BB61F7
:106C80000123FB6107F10C031946054801F02AF9BD
:106C900000BF2037BD4680BD0000014000380240E3
:106CA0000010024080B58AB000AF786007F114038D
:106CB00000221A605A609A60DA601A617B681B6869
:106CC0001D4A934234D100233B611C4B1B6C1B4A71
:106CD00043F480231364194B1B6C03F480233B6142
:106CE0003B690023FB60154B1B6B144A43F0040304
:106CF0001363124B1B6B03F00403FB60FB684FF440
:106D000040637B610223BB610023FB6103233B6281
:106D100007237B6207F114031946094801F0E2F8E2
:106D200000220521272001F014F8272001F02DF87A
:106D300000BF2837BD4680BD0048004000380240F3
:106D40000008024080B400AF00BFFDE780B400AF90
:106D500000BFFDE780B400AF00BFFDE780B400AF27
:106D600000BFFDE780B400AF00BFFDE780B400AF17
:106D700000BFBD465DF8047B704780B500AF00F0F2
:106D800091F907F0D5F90346012B01D007F0CCFFAC
:106D900000BF80BD80B400AF00BFBD465DF8047B7E
:106DA0007047000080B500AF034800F093FB034834
:106DB00000F090FB00BF80BD340300207C03002066
:106DC00080B500AF024803F04DFB00BF80BD00BF9F
:106DD0001804002080B500AF024803F043FB00BF59
:106DE00080BD00BFF004002080B500AF024804F071
:106DF000FFFC00BF80BD00BFC805002080B400AF0D
:106E000001231846BD465DF8047B704780B582B00B
:106E100000AF7860396009F093F8034616221A60D3
:106E20004FF0FF3318460837BD4680BD80B582B0AD
:106E300000AF78604FF0FF317868FFF7E7FF00BFE1
:106E4000FDE780B586B000AFF860B9607A600023D6
:106E50007B610AE0AFF300800146BB685A1CBA6050
:106E6000CAB21A707B6901337B617A697B689A4286
:106E7000F0DB7B6818461837BD4680BD80B586B00C
:106E800000AFF860B9607A6000237B6109E0BB68FD
:106E90005A1CBA601B781846AFF300807B69013337
:106EA0007B617A697B689A42F1DB7B681846183708
:106EB000BD4680BD80B483B000AF78604FF0FF3333
:106EC00018460C37BD465DF8047B704780B483B02C
:106ED00000AF786039603B684FF400525A6000237D
:106EE00018460C37BD465DF8047B704780B483B00C
:106EF00000AF7860012318460C37BD465DF8047B6F
:106F0000704780B485B000AFF860B9607A60002344
:106F100018461437BD465DF8047B704780B586B0CF
:106F200000AF7860144A154BD31A7B617B693B61D3
:106F3000134B1B68002B02D1114B124A1A60104BE5
:106F40001A687B6813443A699A4207D208F0F8FF3E
:106F500003460C221A604FF0FF3309E0084B1B6810
:106F6000FB60074B1A687B681344054A1360FB6893
:106F700018461837BD4680BD0000022000040000FE
:106F80004C0B0020F055002080B400AF064BD3F826
:106F90008830054A43F47003C2F8883000BFBD460C
:106FA0005DF8047B704700BF00ED00E0DFF834D0EF
:106FB0000D480E490E4A002302E0D458C450043351
:106FC000C4188C42F9D30B4A0B4C002301E0136028
:106FD0000432A242FBD3FFF7D7FF08F0B7FFFAF75E
:106FE00083F87047000002200000002018030020F2
:106FF0000042010818030020F0550020FEE70000C1
:1070000080B500AF0E4B1B680D4A43F4007313604C
:107010000B4B1B680A4A43F480631360084B1B68E0
:10702000074A43F480731360032000F087FE0F20AB
:1070300000F008F8FFF776FB0023184680BD00BF7C
:10704000003C024080B582B000AF7860124B1A68F5
:10705000124B1B7819464FF47A73B3FBF1F3B2FB72
:10706000F3F3184600F09FFE0346002B01D00123E6
:107070000EE07B680F2B0AD8002279684FF0FF30B2
:1070800000F067FE064A7B681360002300E00123DE
:1070900018460837BD4680BD400100204801002049
:1070A0004401002080B400AF064B1B781A46064B03
:1070B0001B681344044A136000BFBD465DF8047B9F
:1070C000704700BF48010020500B002080B400AF83
:1070D000034B1B681846BD465DF8047B704700BF34
:1070E000500B002080B584B000AF7860FFF7EEFF52
:1070F000B8607B68FB60FB68B3F1FF3F05D00A4BCB
:107100001B781A46FB681344FB6000BFFFF7DEFFE5
:107110000246BB68D31AFA689A42F7D800BF00BF8C
:107120001037BD4680BD00BF4801002080B584B047
:1071300000AF78600023FB737B68002B01D1012333
:1071400033E07B681B6C002B09D17868FFF71EFBCE
:107150007B6800225A647B68002283F83C207B68AD
:107160001B6C03F01003002B18D17B681B6C23F4FD
:10717000885323F0020343F002027B681A647868A4
:1071800000F006FC7B6800225A647B681B6C23F0CD
:10719000030343F001027B681A6401E00123FB73DF
:1071A0007B68002283F83C20FB7B18461037BD46E5
:1071B00080BD000080B485B000AF78600023BB6064
:1071C0007B6893F83C30012B01D10223B2E07B684D
:1071D000012283F83C207B681B689B6803F0010355
:1071E000012B18D07B681B689A687B681B6842F08B
:1071F00001029A60524B1B68524AA2FB03239A0C6D
:1072000013465B001344BB6002E0BB68013BBB60FC
:10721000BB68002BF9D17B681B689B6803F00103F6
:10722000012B7AD17B681B6C23F4E06323F001030C
:1072300043F480727B681A647B681B685B6803F4A4
:107240008063002B07D07B681B6C23F4405343F40E
:1072500080527B681A647B681B6C03F48053B3F51F
:10726000805F06D17B685B6C23F006027B685A6402
:1072700002E07B6800225A647B68002283F83C208D
:10728000314BFB607B681B686FF022021A60FB6861
:107290005B6803F01F03002B2AD17B681B682B4A15
:1072A000934215D07B681B68294A934205D1264B2F
:1072B0005B6803F01F03002B0AD07B681B68254A1C
:1072C000934236D1204B5B6803F01003002B30D182
:1072D0007B681B689B6803F04053002B29D17B68B7
:1072E0001B689A687B681B6842F080429A6020E0C5
:1072F0007B681B68154A93421BD17B681B689B689F
:1073000003F04053002B14D17B681B689A687B689C
:107310001B6842F080429A600BE07B681B6C43F074
:1073200010027B681A647B685B6C43F001027B6827
:107330005A64002318461437BD465DF8047B704735
:107340004001002083DE1B43002301400020014058
:10735000002101400022014080B483B000AF78607A
:107360007B6893F83C30012B01D1022321E07B683C
:10737000012283F83C207B681B689A687B681B6845
:1073800022F001029A607B681B689B6803F001038E
:10739000002B09D17B681B6C23F4885323F0010375
:1073A00043F001027B681A647B68002283F83C206A
:1073B000002318460C37BD465DF8047B704780B546
:1073C00084B000AF786039600023FB607B681B6885
:1073D0009B6803F48063B3F5806F13D17B681B68EF
:1073E0009B6803F48073B3F5807F0BD17B681B6CC3
:1073F00043F020027B681A647B68002283F83C20FB
:10740000012363E0FFF762FEF86021E03B68B3F11F
:10741000FF3F1DD03B68002B07D0FFF757FE024609
:10742000FB68D31A3A689A4212D27B681B681B68C1
:1074300003F00203022B0BD07B681B6C43F00402A9
:107440007B681A647B68002283F83C2003233DE0BC
:107450007B681B681B6803F00203022BD6D17B6894
:107460001B686FF012021A607B681B6C43F4007299
:107470007B681A647B681B689B6803F04053002B91
:1074800023D17B681B7E002B1FD17B681B68DB6AC6
:1074900003F47003002B06D07B681B689B6803F421
:1074A0008063002B11D17B681B6C23F480727B6896
:1074B0001A647B681B6C03F48053002B05D17B6836
:1074C0001B6C43F001027B681A64002318461037D6
:1074D000BD4680BD80B586B000AF786000237B617B
:1074E00000233B617B681B681B68FB607B681B6833
:1074F0005B68BB60FB6803F002037B61BB6803F061
:1075000020033B617B69002B49D03B69002B46D0AF
:107510007B681B6C03F01003002B05D17B681B6C90
:1075200043F400727B681A647B681B689B6803F0F5
:107530004053002B2BD17B681B7E002B27D17B680F
:107540001B68DB6A03F47003002B06D07B681B68A2
:107550009B6803F48063002B19D17B681B685A6811
:107560007B681B6822F020025A607B681B6C23F446
:1075700080727B681A647B681B6C03F48053002B59
:1075800005D17B681B6C43F001027B681A64786844
:1075900000F0BDF87B681B686FF012021A60FB6890
:1075A00003F004037B61BB6803F080033B617B69EC
:1075B000002B57D03B69002B54D07B681B6C03F029
:1075C0001003002B05D17B681B6C43F400527B68D1
:1075D0001A647B681B689B6803F44013002B39D145
:1075E0007B681B689B6B03F44013002B06D07B6801
:1075F0001B689B6803F48063002B2BD17B681B689E
:107600005B6803F48063002B24D17B681B689B6854
:1076100003F04053002B1DD17B681B7E002B19D13A
:107620007B681B685A687B681B6822F080025A607E
:107630007B681B6C23F480527B681A647B681B6C2C
:1076400003F48073002B05D17B681B6C43F00102AF
:107650007B681A64786800F097FA7B681B686FF0A3
:107660000C021A60FB6803F001037B61BB6803F046
:1076700040033B617B69002B17D03B69002B14D082
:107680007B681B681B6803F00103012B0DD17B682D
:107690001B6C43F480327B681A64786800F041F810
:1076A0007B681B686FF001021A60FB6803F020031F
:1076B0007B61BB6803F080633B617B69002B15D065
:1076C0003B69002B12D07B685B6C43F002027B6845
:1076D0005A647B681B686FF020021A60786800F0BB
:1076E0002AF87B681B686FF020021A6000BF183709
:1076F000BD4680BD80B483B000AF78607B681B68F6
:10770000DB6C18460C37BD465DF8047B704780B4CF
:1077100083B000AF786000BF0C37BD465DF8047BD6
:10772000704780B483B000AF786000BF0C37BD46AF
:107730005DF8047B704780B483B000AF786000BF11
:107740000C37BD465DF8047B7047000080B485B0FF
:1077500000AF786039600023BB607B6893F83C30F1
:10776000012B01D1022305E17B68012283F83C2033
:107770003B681B68092B25D97B681B68D9683B6867
:107780001B689BB21A4613465B0013441E3B07223C
:1077900002FA03F3DA437B681B680A40DA607B680D
:1077A0001B68D9683B689A683B681B689BB218469F
:1077B00003465B0003441E3B9A407B681B680A43F8
:1077C000DA6022E07B681B6819693B681B689BB222
:1077D0001A4613465B001344072202FA03F3DA4306
:1077E0007B681B680A401A617B681B6819693B68E3
:1077F0009A683B681B689BB2184603465B000344CB
:107800009A407B681B680A431A613B685B68062BD9
:1078100024D87B681B68596B3B685A6813469B00E9
:107820001344053B1F2202FA03F3DA437B681B680B
:107830000A405A637B681B68596B3B681B689BB2A4
:1078400018463B685A6813469B001344053B00FAF0
:1078500003F27B681B680A435A634CE03B685B6831
:107860000C2B24D87B681B68196B3B685A6813463D
:107870009B001344233B1F2202FA03F3DA437B6885
:107880001B680A401A637B681B68196B3B681B689E
:107890009BB218463B685A6813469B001344233B2F
:1078A00000FA03F27B681B680A431A6323E07B68D3
:1078B0001B68D96A3B685A6813469B001344413BD6
:1078C0001F2202FA03F3DA437B681B680A40DA627C
:1078D0007B681B68D96A3B681B689BB218463B688B
:1078E0005A6813469B001344413B00FA03F27B683D
:1078F0001B680A43DA62224BFB607B681B68214AE3
:10790000934209D13B681B68122B05D1FB685B6869
:1079100043F48002FB685A607B681B68194A9342F3
:1079200023D13B681B68102B03D03B681B68112BCD
:107930001BD1FB685B6843F40002FB685A603B683C
:107940001B68102B11D1104B1B68104AA2FB03239C
:107950009A0C13469B0013445B00BB6002E0BB68BB
:10796000013BBB60BB68002BF9D17B68002283F828
:107970003C20002318461437BD465DF8047B704751
:1079800000230140002001404001002083DE1B4312
:1079900080B485B000AF7860794BFB60FB685B68B2
:1079A00023F44032FB685A60FB685A687B685B6866
:1079B0001A43FB685A607B681B685A687B681B68BF
:1079C00022F480725A607B681B6859687B681B6967
:1079D0001A027B681B680A435A607B681B685A68F6
:1079E0007B681B6822F040725A607B681B6859688C
:1079F0007B689A687B681B680A435A607B681B68CF
:107A00009A687B681B6822F400629A607B681B6836
:107A100099687B68DA687B681B680A439A607B68B0
:107A20009B6A584A934222D07B681B689A687B689D
:107A30001B6822F070629A607B681B6899687B689B
:107A40009A6A7B681B680A439A607B681B689A681D
:107A50007B681B6822F040529A607B681B689968BB
:107A60007B68DA6A7B681B680A439A600FE07B6870
:107A70001B689A687B681B6822F070629A607B685A
:107A80001B689A687B681B6822F040529A607B688A
:107A90001B689A687B681B6822F002029A607B6808
:107AA0001B6899687B681B7E5A007B681B680A43C9
:107AB0009A607B6893F82030002B1BD07B681B6892
:107AC0005A687B681B6842F400625A607B681B68D6
:107AD0005A687B681B6822F460425A607B681B68A6
:107AE00059687B685B6A013B5A037B681B680A43E1
:107AF0005A6007E07B681B685A687B681B6822F441
:107B000000625A607B681B68DA6A7B681B6822F433
:107B10007002DA627B681B68D96A7B68DB69013BAB
:107B20001A057B681B680A43DA627B681B689A68DF
:107B30007B681B6822F400729A607B681B689968F6
:107B40007B6893F830305A027B681B680A439A605E
:107B50007B681B689A687B681B6822F480629A6065
:107B60007B681B6899687B685B699A027B681B6805
:107B70000A439A6000BF1437BD465DF8047B704726
:107B8000002301400100000F80B483B000AF786093
:107B900000BF0C37BD465DF8047B704780B485B0EC
:107BA00000AF78607B6803F00703FB600C4BDB6879
:107BB000BB60BA684FF6FF031340BB60FB681A0254
:107BC000BB68134343F0BF6343F40033BB60044A14
:107BD000BB68D36000BF1437BD465DF8047B7047B7
:107BE00000ED00E080B400AF044BDB681B0A03F03B
:107BF00007031846BD465DF8047B704700ED00E0C2
:107C000080B483B000AF0346FB7197F90730002BB7
:107C10000BDBFB7903F01F02074997F907305B097B
:107C2000012000FA02F241F8232000BF0C37BD46C4
:107C30005DF8047B704700BF00E100E080B483B0D2
:107C400000AF03463960FB7197F90730002B0ADB60
:107C50003B68DAB20C4997F907301201D2B20B44F3
:107C600083F800230AE03B68DAB20849FB7903F0A5
:107C70000F03043B1201D2B20B441A7600BF0C373B
:107C8000BD465DF8047B704700E100E000ED00E0D8
:107C900080B489B000AFF860B9607A60FB6803F027
:107CA0000703FB61FB69C3F10703042B28BF04230F
:107CB000BB61FB690433062B02D9FB69033B00E07F
:107CC00000237B614FF0FF32BB6902FA03F3DA4312
:107CD000BB681A407B699A404FF0FF317B6901FA1B
:107CE00003F3D9437B680B40134318462437BD4642
:107CF0005DF8047B7047000080B582B000AF78600B
:107D00007B68013BB3F1807F01D301230FE00A4A76
:107D10007B68013B53600F214FF0FF30FFF78EFF70
:107D2000054B00229A60044B07221A600023184674
:107D30000837BD4680BD00BF10E000E080B582B0CE
:107D400000AF78607868FFF729FF00BF0837BD46AD
:107D500080BD80B586B000AF0346B9607A60FB7322
:107D600000237B61FFF73EFF78617A68B968786924
:107D7000FFF78EFF024697F90F3011461846FFF7BE
:107D80005DFF00BF1837BD4680BD80B582B000AF33
:107D90000346FB7197F907301846FFF731FF00BF24
:107DA0000837BD4680BD80B582B000AF7860786886
:107DB000FFF7A2FF034618460837BD4680BD80B5D1
:107DC00084B000AF78607B689B6DFB60FFF77EF945
:107DD000B8607B6893F83530DBB2022B08D07B6843
:107DE00080225A657B68002283F83420012352E008
:107DF0007B681B681A687B681B6822F016021A6091
:107E00007B681B685A697B681B6822F080025A6194
:107E10007B681B6C002B03D17B689B6C002B07D00D
:107E20007B681B681A687B681B6822F008021A606E
:107E30007B681B681A687B681B6822F001021A6065
:107E400013E0FFF743F90246BB68D31A052B0CD9A0
:107E50007B6820225A657B68032283F835207B6883
:107E6000002283F83420032315E07B681B681B681D
:107E700003F00103002BE4D17B68DB6D3F229A40C5
:107E8000FB689A607B68012283F835207B680022BA
:107E900083F83420002318461037BD4680BD80B4D7
:107EA00083B000AF78607B6893F83530DBB2022B8B
:107EB00004D07B6880225A6501230CE07B68052290
:107EC00083F835207B681B681A687B681B6822F082
:107ED00001021A60002318460C37BD465DF8047B8A
:107EE0007047000080B489B000AF7860396000232B
:107EF0007B6100233B610023BB610023FB616BE1DD
:107F00000122FB6902FA03F37B613B681B687A6913
:107F100013403B613A697B699A4240F05A813B6861
:107F20005B6803F00303012B05D03B685B6803F03B
:107F30000303022B30D17B689B68BB61FB695B004C
:107F4000032202FA03F3DB43BA691340BB613B68C7
:107F5000DA68FB695B0002FA03F3BA691343BB6199
:107F60007B68BA699A607B685B68BB610122FB69C8
:107F700002FA03F3DB43BA691340BB613B685B68F9
:107F80001B0903F00102FB6902FA03F3BA69134308
:107F9000BB617B68BA695A603B685B6803F00303A6
:107FA000032B17D07B68DB68BB61FB695B00032296
:107FB00002FA03F3DB43BA691340BB613B689A687A
:107FC000FB695B0002FA03F3BA691343BB617B6888
:107FD000BA69DA603B685B6803F00303022B23D1C4
:107FE000FB69DA087B68083253F82230BB61FB6911
:107FF00003F007039B000F2202FA03F3DB43BA6985
:108000001340BB613B681A69FB6903F007039B00DF
:1080100002FA03F3BA691343BB61FB69DA087B68B0
:108020000832B96943F822107B681B68BB61FB69A1
:108030005B00032202FA03F3DB43BA691340BB611E
:108040003B685B6803F00302FB695B0002FA03F321
:10805000BA691343BB617B68BA691A603B685B68A5
:1080600003F44033002B00F0B4800023FB60604B2E
:108070005B6C5F4A43F4804353645D4B5B6C03F479
:108080008043FB60FB685B4AFB699B08023352F844
:108090002330BB61FB6903F003039B000F2202FA4C
:1080A00003F3DB43BA691340BB617B68524A9342D6
:1080B0002BD07B68514A934225D07B68504A93422B
:1080C0001FD07B684F4A934219D07B684E4A934237
:1080D00013D07B684D4A93420DD07B684C4A934243
:1080E00007D07B684B4A934201D107230EE0082357
:1080F0000CE006230AE0052308E0042306E003233E
:1081000004E0022302E0012300E00023FA6902F008
:10811000030292009340BA691343BB613549FB697E
:108120009B080233BA6941F823203B4B9B68BB6133
:108130003B69DB43BA691340BB613B685B6803F48E
:108140008013002B03D0BA693B691343BB61324AE9
:10815000BB699360304BDB68BB613B69DB43BA6949
:108160001340BB613B685B6803F40013002B03D032
:10817000BA693B691343BB61274ABB69D360264B8D
:108180005B68BB613B69DB43BA691340BB613B6819
:108190005B6803F40033002B03D0BA693B691343D7
:1081A000BB611D4ABB6953601B4B1B68BB613B69CC
:1081B000DB43BA691340BB613B685B6803F48033FF
:1081C000002B03D0BA693B691343BB61124ABB69F8
:1081D0001360FB690133FB61FB690F2B7FF690AEE7
:1081E00000BF00BF2437BD465DF8047B704700BF69
:1081F0000038024000380140000002400004024004
:1082000000080240000C024000100240001402402E
:1082100000180240001C0240003C014080B483B0C2
:1082200000AF78600B467B8013467B707B78002B19
:1082300003D07A887B689A6103E07B881A047B68A4
:108240009A6100BF0C37BD465DF8047B70470000A3
:1082500080B584B000AF78607B68002B01D101232A
:108260002BE17B6893F83D30DBB2002B06D17B68B5
:10827000002283F83C207868FEF70CFB7B68242200
:1082800083F83D207B681B681A687B681B6822F0B6
:1082900001021A607B681B681A687B681B6842F4DD
:1082A00000421A607B681B681A687B681B6822F4AE
:1082B00000421A6001F0E4FBF8607B685B68814A69
:1082C000934207D8FB68804A934294BF012300235E
:1082D000DBB206E0FB687D4A934294BF0123002392
:1082E000DBB2002B01D00123E7E0FB68784AA2FB58
:1082F00003239B0CBB607B681B685B6823F03F011A
:108300007B681B68BA680A435A607B681B681B6AF3
:1083100023F03F017B685B686A4A934202D8BB68DE
:10832000013309E0BB684FF4967202FB03F3694A1C
:10833000A2FB03239B0901337A6812680B43136283
:108340007B681B68DB6923F44F4222F0FF027B68E5
:108350005B685C498B4219D8FB68591E7B685B6877
:108360005B00B1FBF3F3591C40F6FC730B40002B90
:108370000AD0FB68591E7B685B685B00B1FBF3F3B6
:108380000133C3F30B0351E004234FE07B689B6888
:10839000002B11D1FB68581E7B6859680B465B00A7
:1083A0000B44B0FBF3F30133C3F30B03002B0CBFFF
:1083B00001230023DBB212E0FB68581E7B6859687A
:1083C0000B469B000B4499000B44B0FBF3F30133C5
:1083D000C3F30B03002B0CBF01230023DBB2002BE4
:1083E00001D0012322E07B689B68002B0ED1FB6843
:1083F000581E7B6859680B465B000B44B0FBF3F3D7
:108400000133C3F30B0343F400430FE0FB68581E32
:108410007B6859680B469B000B4499000B44B0FBEA
:10842000F3F30133C3F30B0343F440437968096862
:108430001343CB617B681B681B6823F0C0017B681A
:10844000DA697B681B6A1A437B681B680A431A60F7
:108450007B681B689B6823F4034323F0FF037A685F
:1084600011697A68D26811437A6812680B43936085
:108470007B681B68DB6823F0FF017B685A697B68B7
:108480009B691A437B681B680A43DA607B681B6838
:108490001A687B681B6842F001021A607B68002240
:1084A0001A647B68202283F83D207B6800221A63CF
:1084B0007B68002283F83E20002318461037BD4613
:1084C00080BD00BFA08601007F841E00FF083D0024
:1084D00083DE1B43D34D621080B588B002AFF860D5
:1084E000084611461A4603467B810B463B811346DC
:1084F000FB80FEF7EBFD7861FB6893F83D30DBB263
:10850000202B40F0D9807B690093192301226D490B
:10851000F86800F07FFC0346002B01D00223CCE07A
:10852000FB6893F83C30012B01D10223C5E0FB68C6
:10853000012283F83C20FB681B681B6803F00103E1
:10854000012B07D0FB681B681A68FB681B6842F0A8
:1085500001021A60FB681B681A68FB681B6822F43A
:1085600000621A60FB68212283F83D20FB684022EC
:1085700083F83E20FB6800221A64FB683A6A5A625C
:10858000FB68BA8C5A85FB685B8D9AB2FB681A85CA
:10859000FB684D4ADA62F8883A8979897B690193E8
:1085A000BB6A00930346F86800F0B6FA0346002B56
:1085B00052D0012381E07A69B96AF86800F000FDC1
:1085C0000346002B0DD0FB681B6C042B07D1FB6806
:1085D0001B681A68FB681B6842F400721A6001236A
:1085E0006BE0FB685B6A1A78FB681B681A61FB68C2
:1085F0005B6A5A1CFB685A62FB681B8D013B9AB28E
:10860000FB681A85FB685B8D9BB2013B9AB2FB68E5
:108610005A85FB681B685B6903F00403042B1BD1BC
:10862000FB681B8D002B17D0FB685B6A1A78FB6810
:108630001B681A61FB685B6A5A1CFB685A62FB681C
:108640001B8D013B9AB2FB681A85FB685B8D9BB260
:10865000013B9AB2FB685A85FB681B8D002BAAD19F
:108660007A69B96AF86800F0ECFC0346002B0DD07B
:10867000FB681B6C042B07D1FB681B681A68FB683E
:108680001B6842F400721A60012316E0FB681B6845
:108690001A68FB681B6842F400721A60FB682022AB
:1086A00083F83D20FB68002283F83E20FB6800220F
:1086B00083F83C20002300E0022318461837BD460B
:1086C00080BD00BF020010000000FFFF80B58CB02D
:1086D00002AFF860084611461A4603467B810B46F6
:1086E0003B811346FB80FEF7F1FC7862FB6893F850
:1086F0003D30DBB2202B40F008827B6A00931923C7
:1087000001227B49F86800F085FB0346002B01D06D
:108710000223FBE1FB6893F83C30012B01D10223DB
:10872000F4E1FB68012283F83C20FB681B681B68AE
:1087300003F00103012B07D0FB681B681A68FB6874
:108740001B6842F001021A60FB681B681A68FB682C
:108750001B6822F400621A60FB68222283F83D2025
:10876000FB68402283F83E20FB6800221A64FB6805
:108770003A6B5A62FB68BA8E5A85FB685B8D9AB277
:10878000FB681A85FB685B4ADA62F8883A8979895E
:108790007B6A0193BB6B00930346F86800F052FAC2
:1087A0000346002B01D00123B0E1FB681B8D002B99
:1087B00013D100233B62FB681B685B693B62FB686B
:1087C0001B689B693B623B6AFB681B681A68FB6815
:1087D0001B6842F400721A6084E1FB681B8D012B58
:1087E0001BD1FB681B681A68FB681B6822F4806257
:1087F0001A600023FB61FB681B685B69FB61FB6817
:108800001B689B69FB61FB69FB681B681A68FB6856
:108810001B6842F400721A6064E1FB681B8D022B36
:108820001BD1FB681B681A68FB681B6822F4806216
:108830001A60FB681B681A68FB681B6842F40062D8
:108840001A600023BB61FB681B685B69BB61FB6846
:108850001B689B69BB61BB6944E100237B61FB68CA
:108860001B685B697B61FB681B689B697B617B693B
:1088700038E1FB681B8D032B00F2F180FB681B8D38
:10888000012B23D17A6AB96BF86800F01BFC034610
:10889000002B01D0012339E1FB681B681A69FB68D2
:1088A0005B6AD2B21A70FB685B6A5A1CFB685A6238
:1088B000FB681B8D013B9AB2FB681A85FB685B8DD8
:1088C0009BB2013B9AB2FB685A850BE1FB681B8D9A
:1088D000022B4ED17B6A0093BB6B00220649F868DD
:1088E00000F098FA0346002B08D001230EE100BFE8
:1088F000020010000000FFFF04000100FB681B687D
:108900001A68FB681B6842F400721A60FB681B68F7
:108910001A69FB685B6AD2B21A70FB685B6A5A1C00
:10892000FB685A62FB681B8D013B9AB2FB681A8593
:10893000FB685B8D9BB2013B9AB2FB685A85FB6872
:108940001B681A69FB685B6AD2B21A70FB685B6AC3
:108950005A1CFB685A62FB681B8D013B9AB2FB688C
:108960001A85FB685B8D9BB2013B9AB2FB685A8506
:10897000B8E07B6A0093BB6B00226649F86800F0A0
:1089800049FA0346002B01D00123BFE0FB681B68B6
:108990001A68FB681B6822F480621A60FB681B6817
:1089A0001A69FB685B6AD2B21A70FB685B6A5A1C70
:1089B000FB685A62FB681B8D013B9AB2FB681A8503
:1089C000FB685B8D9BB2013B9AB2FB685A857B6A60
:1089D0000093BB6B00224F49F86800F01BFA034676
:1089E000002B01D0012391E0FB681B681A68FB682B
:1089F0001B6842F400721A60FB681B681A69FB6806
:108A00005B6AD2B21A70FB685B6A5A1CFB685A62D6
:108A1000FB681B8D013B9AB2FB681A85FB685B8D76
:108A20009BB2013B9AB2FB685A85FB681B681A69C6
:108A3000FB685B6AD2B21A70FB685B6A5A1CFB68FF
:108A40005A62FB681B8D013B9AB2FB681A85FB6872
:108A50005B8D9BB2013B9AB2FB685A8542E07A6A11
:108A6000B96BF86800F02EFB0346002B01D0012300
:108A70004CE0FB681B681A69FB685B6AD2B21A702B
:108A8000FB685B6A5A1CFB685A62FB681B8D013BE2
:108A90009AB2FB681A85FB685B8D9BB2013B9AB268
:108AA000FB685A85FB681B685B6903F00403042BB1
:108AB00018D1FB681B681A69FB685B6AD2B21A702E
:108AC000FB685B6A5A1CFB685A62FB681B8D013BA2
:108AD0009AB2FB681A85FB685B8D9BB2013B9AB228
:108AE000FB685A85FB681B8D002B7FF4C2AEFB68C8
:108AF000202283F83D20FB68002283F83E20FB689B
:108B0000002283F83C20002300E002231846283787
:108B1000BD4680BD0400010080B588B002AFF8609A
:108B2000084611461A4603467B810B463B81134695
:108B3000FB80FB681B681A68FB681B6842F4807244
:108B40001A607B6A00933B6A00224FF00111F868BB
:108B500000F060F90346002B0DD0FB681B681B6812
:108B600003F48073B3F5807F03D1FB684FF4007288
:108B70001A6403235FE07B89DBB21A46FB681B683B
:108B800002F0FE021A617B6A3A6A2D49F86800F029
:108B900098F90346002B01D001234CE000237B61B0
:108BA000FB681B685B697B61FB681B689B697B6179
:108BB0007B697A6A396AF86800F002FA0346002B8A
:108BC0000DD0FB681B6C042B07D1FB681B681A686F
:108BD000FB681B6842F400721A6001232BE0FB88DB
:108BE000012B05D13B89DAB2FB681B681A6121E0D1
:108BF0003B891B0A9BB2DAB2FB681B681A617A6A6E
:108C0000396AF86800F0DCF90346002B0DD0FB68E8
:108C10001B6C042B07D1FB681B681A68FB681B6878
:108C200042F400721A60012305E03B89DAB2FB6866
:108C30001B681A61002318461837BD4680BD00BF67
:108C40000200010080B588B002AFF8600846114606
:108C50001A4603467B810B463B811346FB80FB682B
:108C60001B681A68FB681B6842F480621A60FB6824
:108C70001B681A68FB681B6842F480721A607B6A82
:108C800000933B6A00224FF00111F86800F0C2F82F
:108C90000346002B0DD0FB681B681B6803F4807330
:108CA000B3F5807F03D1FB684FF400721A6403238D
:108CB000AAE07B89DBB21A46FB681B6802F0FE0261
:108CC0001A617B6A3A6A5249F86800F0FAF803467A
:108CD000002B01D0012397E000237B61FB681B6818
:108CE0005B697B61FB681B689B697B617B697A6A56
:108CF000396AF86800F064F90346002B0DD0FB6870
:108D00001B6C042B07D1FB681B681A68FB681B6887
:108D100042F400721A60012376E0FB88012B05D132
:108D20003B89DAB2FB681B681A6121E03B891B0AA8
:108D30009BB2DAB2FB681B681A617A6A396AF86812
:108D400000F03EF90346002B0DD0FB681B6C042B92
:108D500007D1FB681B681A68FB681B6842F4007245
:108D60001A60012350E03B89DAB2FB681B681A6184
:108D70007A6A396AF86800F023F90346002B0DD0AF
:108D8000FB681B6C042B07D1FB681B681A68FB6827
:108D90001B6842F400721A60012335E0FB681B680F
:108DA0001A68FB681B6842F480721A607B6A009341
:108DB0003B6A00224FF00111F86800F02BF80346DF
:108DC000002B0DD0FB681B681B6803F48073B3F5A0
:108DD000807F03D1FB684FF400721A64032313E011
:108DE0007B89DBB243F00103DAB2FB681B681A61CE
:108DF0007B6A3A6A0649F86800F063F80346002B7C
:108E000001D0012300E0002318461837BD4680BD7D
:108E10000200010080B584B000AFF860B9603B602B
:108E20001346FB7125E03B68B3F1FF3F21D0FEF70D
:108E30004DF90246BB69D31A3A689A4202D33B689D
:108E4000002B16D1FB6800221A63FB68202283F8EE
:108E50003D20FB68002283F83E20FB681B6C43F03A
:108E60002002FB681A64FB68002283F83C2001237F
:108E700023E0BB681B0CDBB2012B0DD1FB681B6828
:108E80005B69DA43BB6813409BB2002B0CBF012324
:108E90000023DBB21A460CE0FB681B689B69DA43CF
:108EA000BB6813409BB2002B0CBF01230023DBB235
:108EB0001A46FB799A42B6D0002318461037BD46B1
:108EC00080BD80B584B000AFF860B9607A603B6067
:108ED00051E0FB681B685B6903F48063B3F5806F46
:108EE00023D1FB681B681A68FB681B6842F4007298
:108EF0001A60FB681B686FF480625A61FB6800228D
:108F00001A63FB68202283F83D20FB68002283F867
:108F10003E20FB681B6C43F00402FB681A64FB688C
:108F2000002283F83C20012346E07B68B3F1FF3F39
:108F300021D0FEF7CBF802463B68D31A7A689A42F2
:108F400002D37B68002B16D1FB6800221A63FB68F2
:108F5000202283F83D20FB68002283F83E20FB6836
:108F60001B6C43F02002FB681A64FB68002283F844
:108F70003C20012320E0BB681B0CDBB2012B0CD191
:108F8000FB681B685B69DA43BB6813409BB2002B2C
:108F900014BF01230023DBB20BE0FB681B689B6955
:108FA000DA43BB6813409BB2002B14BF012300239C
:108FB000DBB2002B8DD1002318461037BD4680BD93
:108FC00080B584B000AFF860B9607A602DE0F868D1
:108FD00000F0CEF80346002B01D001232DE0BB6842
:108FE000B3F1FF3F21D0FEF771F802467B68D31A38
:108FF000BA689A4202D3BB68002B16D1FB680022E4
:109000001A63FB68202283F83D20FB68002283F866
:109010003E20FB681B6C43F02002FB681A64FB686F
:10902000002283F83C20012307E0FB681B685B6992
:1090300003F08003802BCAD1002318461037BD46A9
:1090400080BD80B584B000AFF860B9607A602DE073
:10905000F86800F08DF80346002B01D001232DE0C5
:10906000BB68B3F1FF3F21D0FEF730F802467B68C2
:10907000D31ABA689A4202D3BB68002B16D1FB6898
:1090800000221A63FB68202283F83D20FB6800223F
:1090900083F83E20FB681B6C43F02002FB681A64D7
:1090A000FB68002283F83C20012307E0FB681B6873
:1090B0005B6903F00403042BCAD100231846103760
:1090C000BD4680BD80B584B000AFF860B9607A60FD
:1090D00042E0FB681B685B6903F01003102B19D199
:1090E000FB681B686FF010025A61FB6800221A636C
:1090F000FB68202283F83D20FB68002283F83E2095
:10910000FB681A6CFB681A64FB68002283F83C2039
:10911000012329E0FDF7DAFF02467B68D31ABA681B
:109120009A4202D3BB68002B16D1FB6800221A6357
:10913000FB68202283F83D20FB68002283F83E2054
:10914000FB681B6C43F02002FB681A64FB6800227A
:1091500083F83C20012307E0FB681B685B6903F090
:109160004003402BB5D1002318461037BD4680BDC3
:1091700080B483B000AF78607B681B685B6903F4E0
:109180008063B3F5806F1BD17B681B686FF48062CE
:109190005A617B6800221A637B68202283F83D2095
:1091A0007B68002283F83E207B681B6C43F004023E
:1091B0007B681A647B68002283F83C20012300E06E
:1091C000002318460C37BD465DF8047B704700004D
:1091D00080B483B000AF064B01221A60054B1B68B8
:1091E0007B607B6800BF0C37BD465DF8047B704731
:1091F00020000E420070004080B483B000AF064BE8
:1092000000221A60054B1B687B607B6800BF0C372F
:10921000BD465DF8047B704720000E4200700040A0
:1092200080B586B000AF78607B68002B01D1012348
:1092300067E27B681B6803F00103002B75D0884B45
:109240009B6803F00C03042B0CD0854B9B6803F048
:109250000C03082B12D1824B5B6803F48003B3F537
:10926000800F0BD17E4B1B6803F40033002B5BD0C7
:109270007B685B68002B57D1012342E27B685B6807
:10928000B3F5803F06D1764B1B68754A43F48033B3
:1092900013601DE07B685B68B3F5A02F0CD1704BA9
:1092A0001B686F4A43F4802313606D4B1B686C4A44
:1092B00043F4803313600BE0694B1B68684A23F466
:1092C00080331360664B1B68654A23F48023136068
:1092D0007B685B68002B13D0FDF7F8FE386108E06F
:1092E000FDF7F4FE02463B69D31A642B01D9032330
:1092F00007E25B4B1B6803F40033002BF0D014E053
:10930000FDF7E4FE386108E0FDF7E0FE02463B6948
:10931000D31A642B01D90323F3E1514B1B6803F4E7
:109320000033002BF0D100E000BF7B681B6803F026
:109330000203002B63D04A4B9B6803F00C03002B05
:109340000BD0474B9B6803F00C03082B1CD1444BFC
:109350005B6803F48003002B16D1414B1B6803F0BC
:109360000203002B05D07B68DB68012B01D00123B1
:10937000C7E13B4B1B6823F0F8027B681B69DB00ED
:10938000374913430B603AE07B68DB68002B20D041
:10939000344B01221A60FDF799FE386108E0FDF7B1
:1093A00095FE02463B69D31A022B01D90323A8E19B
:1093B0002B4B1B6803F00203002BF0D0284B1B68DB
:1093C00023F0F8027B681B69DB00254913430B601F
:1093D00015E0244B00221A60FDF778FE386108E0A2
:1093E000FDF774FE02463B69D31A022B01D9032311
:1093F00087E11B4B1B6803F00203002BF0D17B6855
:109400001B6803F00803002B36D07B685B69002BD8
:1094100016D0154B01221A60FDF758FE386108E09E
:10942000FDF754FE02463B69D31A022B01D90323F0
:1094300067E10B4B5B6F03F00203002BF0D01BE0E6
:10944000094B00221A60FDF741FE38610EE0FDF77E
:109450003DFE02463B69D31A022B07D9032350E194
:109460000038024000004742800E4742884B5B6F45
:1094700003F00203002BEAD17B681B6803F00403AE
:10948000002B00F097800023FB75814B1B6C03F0D1
:109490008053002B0FD10023BB607D4B1B6C7C4A9B
:1094A00043F0805313647A4B1B6C03F08053BB6012
:1094B000BB680123FB75774B1B6803F48073002B9B
:1094C00018D1744B1B68734A43F480731360FDF723
:1094D000FDFD386108E0FDF7F9FD02463B69D31A4E
:1094E000022B01D903230CE16A4B1B6803F4807340
:1094F000002BF0D07B689B68012B06D1644B1B6F5F
:10950000634A43F0010313671CE07B689B68052BEB
:109510000CD15F4B1B6F5E4A43F0040313675C4B37
:109520001B6F5B4A43F0010313670BE0584B1B6F43
:10953000574A23F001031367554B1B6F544A23F01E
:10954000040313677B689B68002B15D0FDF7BEFDF5
:1095500038610AE0FDF7BAFD02463B69D31A41F2D1
:109560008832934201D90323CBE0494B1B6F03F0B0
:109570000203002BEED014E0FDF7A8FD38610AE0ED
:10958000FDF7A4FD02463B69D31A41F288329342AB
:1095900001D90323B5E03E4B1B6F03F00203002B00
:1095A000EED1FB7D012B05D1394B1B6C384A23F0E2
:1095B000805313647B689B69002B00F0A180344BBF
:1095C0009B6803F00C03082B5CD07B689B69022B23
:1095D00041D1314B00221A60FDF778FD386108E077
:1095E000FDF774FD02463B69D31A022B01D9032310
:1095F00087E0274B1B6803F00073002BF0D17B68DA
:10960000DA697B681B6A1A437B685B6A9B011A43B1
:109610007B689B6A5B08013B1B041A437B68DB6A1F
:109620001B061B4913434B601B4B01221A60FDF7BD
:109630004DFD386108E0FDF749FD02463B69D31A4C
:10964000022B01D903235CE0114B1B6803F000736C
:10965000002BF0D054E0104B00221A60FDF736FDCD
:10966000386108E0FDF732FD02463B69D31A022B50
:1096700001D9032345E0064B1B6803F00073002B60
:10968000F0D13DE07B689B69012B07D1012338E0D5
:109690000038024000700040600047421B4B5B688E
:1096A000FB607B689B69012B28D0FB6803F4800278
:1096B0007B68DB699A4221D1FB6803F03F027B683B
:1096C0001B6A9A421AD1FA6847F6C07313407A6847
:1096D000526A9201934211D1FB6803F440327B68D5
:1096E0009B6A5B08013B1B049A4207D1FB6803F0AD
:1096F00070627B68DB6A1B069A4201D0012300E09E
:10970000002318461837BD4680BD00BF0038024010
:1097100080B584B000AF786039607B68002B01D1E0
:109720000123CCE0684B1B6803F007033A689A42B8
:109730000CD9654B3A68D2B21A70634B1B6803F0C0
:1097400007033A689A4201D00123B8E07B681B689E
:1097500003F00203002B20D07B681B6803F0040396
:10976000002B05D0594B9B68584A43F4E053936053
:109770007B681B6803F00803002B05D0534B9B68E4
:10978000524A43F460439360504B9B6823F0F002CD
:109790007B689B684D4913438B607B681B6803F0B3
:1097A0000103002B44D07B685B68012B07D1474B3A
:1097B0001B6803F40033002B19D101237FE07B6881
:1097C0005B68022B03D07B685B68032B07D13F4BA0
:1097D0001B6803F00073002B09D101236FE03B4BA2
:1097E0001B6803F00203002B01D1012367E0374B14
:1097F0009B6823F003027B685B68344913438B60EA
:10980000FDF764FCF8600AE0FDF760FC0246FB68C7
:10981000D31A41F28832934201D903234FE02B4BF4
:109820009B6803F00C027B685B689B009A42EBD15B
:10983000254B1B6803F007033A689A420CD2224B6F
:109840003A68D2B21A70204B1B6803F007033A68DB
:109850009A4201D0012332E07B681B6803F00403C5
:10986000002B08D0194B9B6823F4E0527B68DB681F
:10987000164913438B607B681B6803F00803002BB9
:1098800009D0124B9B6823F460427B681B69DB00A4
:109890000E4913438B6000F021F802460B4B9B6886
:1098A0001B0903F00F030A49CB5C22FA03F3094AB0
:1098B0001360094B1B681846FDF7C4FB00231846CC
:1098C0001037BD4680BD00BF003C0240003802405A
:1098D000743A010840010020440100202DE9B04FF6
:1098E00090B000AF00237B630023FB6300233B6346
:1098F0000023BB63594B9B6803F00C03082B0DD06E
:10990000082B00F2A180002B02D0042B03D09BE097
:10991000534BBB639BE0534BBB6398E04F4B5B687F
:1099200003F03F037B634D4B5B6803F48003002B24
:1099300028D04A4B5B689B0900223B627A623B6AF3
:10994000C3F308000021474B03FB01F2002300FB97
:1099500003F31344434AA0FB0212FA620A46BA62B6
:10996000FA6A1344FB627B6B0022BB61FA61D7E9A0
:109970000623D7E90A01F7F787F902460B46134693
:10998000FB6353E0354B5B689B0900223B617A61C6
:109990003B69C3F3080A4FF0000B52465B464FF099
:1099A00000004FF00001590141EAD2615001024626
:1099B0000B46B2EB0A0863EB0B094FF000024FF0C5
:1099C00000034FEA891343EA98634FEA8812B2EB27
:1099D000080463EB09054FF000024FF00003EB00B1
:1099E00043EA5473E20014461D4614EB0A033B603D
:1099F00045EB0B037B604FF000024FF00003D7E90B
:109A0000004529468B02214643EA915321468A02AA
:109A1000104619467B6B0022BB60FA60D7E902232F
:109A2000F7F732F902460B461346FB630B4B5B68B4
:109A30001B0C03F0030301335B003B63FA6B3B6BCE
:109A4000B2FBF3F3BB6302E0054BBB6300BFBB6B30
:109A500018464037BD46BDE8B08F00BF0038024011
:109A60000024F40040787D0180B400AF034B1B68F4
:109A70001846BD465DF8047B704700BF40010020DA
:109A800080B500AFFFF7F0FF0246054B9B689B0ACD
:109A900003F007030349CB5C22FA03F3184680BDA9
:109AA00000380240843A010880B500AFFFF7DCFFC0
:109AB0000246054B9B685B0B03F007030349CB5C35
:109AC00022FA03F3184680BD00380240843A0108A8
:109AD00080B582B000AF78607B68002B01D1012394
:109AE00041E07B6893F83D30DBB2002B06D17B6808
:109AF000002283F83C207868FCF714FF7B68022280
:109B000083F83D207B681A687B6804331946104649
:109B100001F042F87B68012283F846207B6801222D
:109B200083F83E207B68012283F83F207B68012276
:109B300083F840207B68012283F841207B68012262
:109B400083F842207B68012283F843207B6801224E
:109B500083F844207B68012283F845207B6801223A
:109B600083F83D20002318460837BD4680BD80B5E8
:109B700082B000AF78607B68002B01D1012341E007
:109B80007B6893F83D30DBB2002B06D17B68002266
:109B900083F83C20786800F039F87B68022283F86B
:109BA0003D207B681A687B6804331946104600F034
:109BB000F3FF7B68012283F846207B68012283F84B
:109BC0003E207B68012283F83F207B68012283F8D6
:109BD00040207B68012283F841207B68012283F8C2
:109BE00042207B68012283F843207B68012283F8AE
:109BF00044207B68012283F845207B68012283F89A
:109C00003D20002318460837BD4680BD80B483B090
:109C100000AF786000BF0C37BD465DF8047B70472D
:109C200080B584B000AF786039603B68002B09D103
:109C30007B6893F83E30DBB2012B14BF0123002375
:109C4000DBB222E03B68042B09D17B6893F83F30FC
:109C5000DBB2012B14BF01230023DBB215E03B680C
:109C6000082B09D17B6893F84030DBB2012B14BF7D
:109C700001230023DBB208E07B6893F84130DBB2BC
:109C8000012B14BF01230023DBB2002B01D00123E1
:109C90007CE03B68002B04D17B68022283F83E20E5
:109CA00013E03B68042B04D17B68022283F83F2039
:109CB0000BE03B68082B04D17B68022283F840202C
:109CC00003E07B68022283F841207B681B68012245
:109CD0003968184601F074FB7B681B682D4A934273
:109CE00004D07B681B682C4A934201D1012300E019
:109CF0000023002B07D07B681B685A6C7B681B68AD
:109D000042F400425A647B681B68224A934222D084
:109D10007B681B68B3F1804F1DD07B681B681F4AAE
:109D2000934218D07B681B681D4A934213D07B680E
:109D30001B681C4A93420ED07B681B68164A9342EC
:109D400009D07B681B68184A934204D07B681B6863
:109D5000164A934211D17B681B689B6803F0070386
:109D6000FB60FB68062B10D07B681B681A687B6859
:109D70001B6842F001021A6007E07B681B681A68E2
:109D80007B681B6842F001021A60002318461037F6
:109D9000BD4680BD000001400004014000040040B9
:109DA00000080040000C0040004001400018004046
:109DB00080B582B000AF78607B68002B01D10123B1
:109DC00041E07B6893F83D30DBB2002B06D17B6825
:109DD000002283F83C207868FCF7DAFE7B680222D8
:109DE00083F83D207B681A687B6804331946104667
:109DF00000F0D2FE7B68012283F846207B680122B6
:109E000083F83E207B68012283F83F207B68012293
:109E100083F840207B68012283F841207B6801227F
:109E200083F842207B68012283F843207B6801226B
:109E300083F844207B68012283F845207B68012257
:109E400083F83D20002318460837BD4680BD00003A
:109E500080B584B000AF786039600023FB733B6845
:109E6000002B04D17B6893F83E30DBB213E03B68F3
:109E7000042B04D17B6893F83F30DBB20BE03B68E6
:109E8000082B04D17B6893F84030DBB203E07B6899
:109E900093F84130DBB2BB733B68002B04D17B6885
:109EA00093F84230DBB213E03B68042B04D17B68AB
:109EB00093F84330DBB20BE03B68082B04D17B689E
:109EC00093F84430DBB203E07B6893F84530DBB2B3
:109ED0007B73BB7B012B02D17B7B012B01D0012348
:109EE000CCE03B68002B04D17B68022283F83E2043
:109EF00013E03B68042B04D17B68022283F83F20E7
:109F00000BE03B68082B04D17B68022283F84020D9
:109F100003E07B68022283F841203B68002B04D1D8
:109F20007B68022283F8422013E03B68042B04D1B3
:109F30007B68022283F843200BE03B68082B04D1A6
:109F40007B68022283F8442003E07B68022283F8C6
:109F500045203B680C2B41D801A252F823F000BFEA
:109F6000959F0008DD9F0008DD9F0008DD9F000829
:109F7000A79F0008DD9F0008DD9F0008DD9F000807
:109F8000B99F0008DD9F0008DD9F0008DD9F0008E5
:109F9000CB9F00087B681B68DA687B681B6842F00F
:109FA0000202DA601DE07B681B68DA687B681B6868
:109FB00042F00402DA6014E07B681B68DA687B68B0
:109FC0001B6842F00802DA600BE07B681B68DA6805
:109FD0007B681B6842F01002DA6002E00123FB7329
:109FE00000BFFB7B002B48D17B681B6801223968CE
:109FF000184601F0E5F97B681B68224A934222D09B
:10A000007B681B68B3F1804F1DD07B681B681E4ABC
:10A01000934218D07B681B681C4A934213D07B681C
:10A020001B681B4A93420ED07B681B68194A9342F7
:10A0300009D07B681B68184A934204D07B681B6870
:10A04000164A934211D17B681B689B6803F0070393
:10A05000BB60BB68062B10D07B681B681A687B68E6
:10A060001B6842F001021A6007E07B681B681A68EF
:10A070007B681B6842F001021A60FB7B18461037B0
:10A08000BD4680BD000001400004004000080040C3
:10A09000000C004000040140004001400018004056
:10A0A00080B584B000AF786039600023FB733B68F3
:10A0B0000C2B41D801A252F823F000BFF1A00008F8
:10A0C00039A1000839A1000839A1000803A100083E
:10A0D00039A1000839A1000839A1000815A100081C
:10A0E00039A1000839A1000839A1000827A10008FA
:10A0F0007B681B68DA687B681B6822F00202DA6002
:10A100001DE07B681B68DA687B681B6822F004022C
:10A11000DA6014E07B681B68DA687B681B6822F0F1
:10A120000802DA600BE07B681B68DA687B681B68F2
:10A1300022F01002DA6002E00123FB7300BFFB7B18
:10A14000002B56D17B681B6800223968184601F045
:10A1500037F97B681B681A6A41F211131340002B10
:10A160000FD17B681B681A6A40F244431340002BEE
:10A1700007D17B681B681A687B681B6822F00102A4
:10A180001A603B68002B04D17B68012283F83E20D3
:10A1900013E03B68042B04D17B68012283F83F2045
:10A1A0000BE03B68082B04D17B68012283F8402038
:10A1B00003E07B68012283F841203B68002B04D137
:10A1C0007B68012283F8422013E03B68042B04D112
:10A1D0007B68012283F843200BE03B68082B04D105
:10A1E0007B68012283F8442003E07B68012283F826
:10A1F0004520FB7B18461037BD4680BD80B586B034
:10A2000000AF786039607B68002B01D1012397E0B3
:10A210007B6893F83D30DBB2002B06D17B680022CF
:10A2200083F83C207868FCF719FC7B68022283F8ED
:10A230003D207B681B689B687A68126823F4804322
:10A2400023F0070393607B681A687B680433194620
:10A25000104600F0A1FC7B681B689B687B617B68F3
:10A260001B689B693B617B681B681B6AFB603B68E2
:10A270001B687A6913437B613B6923F4407323F0C5
:10A2800003033B613B689A683B689B691B0213436D
:10A290003A6913433B613B6923F4406323F00C03A9
:10A2A0003B613B6923F4704323F0F0033B613B685F
:10A2B000DA683B68DB691B0213433A6913433B616D
:10A2C0003B681B691A013B681B6A1B0313433A690D
:10A2D00013433B61FB6823F02203FB60FB6823F020
:10A2E0008803FB603B685A683B685B691B0113434A
:10A2F000FA681343FB607B681B687A699A607B6825
:10A300001B683A699A617B681B68FA681A627B6805
:10A31000012283F846207B68012283F83E207B6877
:10A32000012283F83F207B68012283F842207B686A
:10A33000012283F843207B68012283F83D2000231B
:10A3400018461837BD4680BD80B584B000AF786030
:10A3500039607B6893F83E30FB737B6893F83F303D
:10A36000BB737B6893F842307B737B6893F8433010
:10A370003B733B68002B10D1FB7B012B02D17B7B15
:10A38000012B01D0012369E07B68022283F83E2083
:10A390007B68022283F8422031E03B68042B10D115
:10A3A000BB7B012B02D13B7B012B01D0012355E06C
:10A3B0007B68022283F83F207B68022283F84320D7
:10A3C0001DE0FB7B012B08D1BB7B012B05D17B7BE7
:10A3D000012B02D13B7B012B01D001233EE07B68A6
:10A3E000022283F83E207B68022283F83F207B68AC
:10A3F000022283F842207B68022283F843203B68D4
:10A40000002B03D03B68042B08D00FE07B681B684F
:10A4100001220021184600F0D3FF16E07B681B687C
:10A4200001220421184600F0CBFF0EE07B681B6878
:10A4300001220021184600F0C3FF7B681B6801223F
:10A440000421184600F0BCFF00BF7B681B681A6837
:10A450007B681B6842F001021A600023184610371F
:10A46000BD4680BD80B582B000AF78607B681B6858
:10A470001B6903F00203022B22D17B681B68DB6897
:10A4800003F00203022B1BD17B681B686FF00202F2
:10A490001A617B6801221A777B681B689B6903F04D
:10A4A0000303002B03D07868FBF722FD05E07868F2
:10A4B00000F054FB786800F05BFB7B6800221A77A1
:10A4C0007B681B681B6903F00403042B22D17B68A3
:10A4D0001B68DB6803F00403042B1BD17B681B683B
:10A4E0006FF004021A617B6802221A777B681B688E
:10A4F0009B6903F44073002B03D07868FBF7F8FCEA
:10A5000005E0786800F02AFB786800F031FB7B6892
:10A5100000221A777B681B681B6903F00803082B6D
:10A5200022D17B681B68DB6803F00803082B1BD172
:10A530007B681B686FF008021A617B6804221A7737
:10A540007B681B68DB6903F00303002B03D078688A
:10A55000FBF7CEFC05E0786800F000FB786800F0BF
:10A5600007FB7B6800221A777B681B681B6903F076
:10A570001003102B22D17B681B68DB6803F01003EB
:10A58000102B1BD17B681B686FF010021A617B686F
:10A5900008221A777B681B68DB6903F44073002B81
:10A5A00003D07868FBF7A4FC05E0786800F0D6FAE1
:10A5B000786800F0DDFA7B6800221A777B681B68F8
:10A5C0001B6903F00103012B0ED17B681B68DB685C
:10A5D00003F00103012B07D17B681B686FF00102B8
:10A5E0001A61786800F0B0FA7B681B681B6903F099
:10A5F0008003802B0ED17B681B68DB6803F080032F
:10A60000802B07D17B681B686FF080021A61786825
:10A6100000F0D4FF7B681B681B6903F04003402BEC
:10A620000ED17B681B68DB6803F04003402B07D129
:10A630007B681B686FF040021A61786800F0A2FA2C
:10A640007B681B681B6903F02003202B0ED17B68FD
:10A650001B68DB6803F02003202B07D17B681B6895
:10A660006FF020021A61786800F09EFF00BF083783
:10A67000BD4680BD80B586B000AFF860B9607A6035
:10A680000023FB75FB6893F83C30012B01D10223BA
:10A6900088E0FB68012283F83C207B68002B1BD1FB
:10A6A000FB681868BB681968BB685A68BB68DB68D8
:10A6B00000F0C2FCFB681B689A69FB681B6822F00B
:10A6C0000C029A61FB681B689969BB689A68FB6811
:10A6D0001B680A439A6160E07B68042B1CD1FB680D
:10A6E0001868BB681968BB685A68BB68DB6800F00B
:10A6F00046FDFB681B689A69FB681B6822F4406290
:10A700009A61FB681B689969BB689B681A02FB68C1
:10A710001B680A439A6140E07B68082B1BD1FB68E9
:10A720001868BB681968BB685A68BB68DB6800F0CA
:10A7300093FDFB681B68DA69FB681B6822F00C025A
:10A74000DA61FB681B68D969BB689A68FB681B689B
:10A750000A43DA6121E07B680C2B1CD1FB68186886
:10A76000BB681968BB685A68BB68DB6800F0B0FD5D
:10A77000FB681B68DA69FB681B6822F44062DA61D7
:10A78000FB681B68D969BB689B681A02FB681B6879
:10A790000A43DA6101E00123FB75FB68002283F8BC
:10A7A0003C20FB7D18461837BD4680BD80B586B07D
:10A7B00000AFF860B9607A600023FB75FB6893F81E
:10A7C0003C30012B01D10223AEE0FB68012283F86B
:10A7D0003C207B680C2B00F29F8001A252F823F0F2
:10A7E00015A8000819A9000819A9000819A9000846
:10A7F00055A8000819A9000819A9000819A90008F6
:10A8000097A8000819A9000819A9000819A90008A3
:10A81000D7A80008FB681B68B968184600F05CFA06
:10A82000FB681B689A69FB681B6842F008029A6122
:10A83000FB681B689A69FB681B6822F004029A6136
:10A84000FB681B689969BB681A69FB681B680A4347
:10A850009A6164E0FB681B68B968184600F0ACFABE
:10A86000FB681B689A69FB681B6842F400629A6186
:10A87000FB681B689A69FB681B6822F480629A6116
:10A88000FB681B689969BB681B691A02FB681B6837
:10A890000A439A6143E0FB681B68B968184600F0F8
:10A8A00001FBFB681B68DA69FB681B6842F0080261
:10A8B000DA61FB681B68DA69FB681B6822F0040236
:10A8C000DA61FB681B68D969BB681A69FB681B6899
:10A8D0000A43DA6123E0FB681B68B968184600F098
:10A8E00055FBFB681B68DA69FB681B6842F4006271
:10A8F000DA61FB681B68DA69FB681B6822F4806216
:10A90000DA61FB681B68D969BB681B691A02FB68BE
:10A910001B680A43DA6102E00123FB7500BFFB6894
:10A92000002283F83C20FB7D18461837BD4680BDC9
:10A9300080B584B000AF786039600023FB737B681A
:10A9400093F83C30012B01D10223B4E07B68012253
:10A9500083F83C207B68022283F83D207B681B68DB
:10A960009B68BB60BB6823F07703BB60BB6823F4C4
:10A970007F43BB607B681B68BA689A603B681B6852
:10A98000B3F5005F3ED0B3F5005F00F28780B3F50A
:10A99000805F00F08680B3F5805F7FD8702B1AD07F
:10A9A000702B7BD8602B50D0602B77D8502B3CD0AD
:10A9B000502B73D8402B58D0402B6FD8302B64D0FD
:10A9C000302B6BD8202B60D0202B67D8002B5CD08D
:10A9D000102B5AD062E07B6818683B6899683B6826
:10A9E0005A683B68DB6800F0CBFC7B681B689B689F
:10A9F000BB60BB6843F07703BB607B681B68BA68C9
:10AA00009A604FE07B6818683B6899683B685A68B1
:10AA10003B68DB6800F0B4FC7B681B689A687B6865
:10AA20001B6842F480429A603CE07B6818683B688F
:10AA300059683B68DB681A4600F072FB7B681B684C
:10AA40005021184600F081FC2CE07B6818683B68B8
:10AA500059683B68DB681A4600F0CEFB7B681B68D0
:10AA60006021184600F071FC1CE07B6818683B68A8
:10AA700059683B68DB681A4600F052FB7B681B682C
:10AA80004021184600F061FC0CE07B681A683B68C6
:10AA90001B681946104600F058FC03E00123FB73C5
:10AAA00000E000BF7B68012283F83D207B68002224
:10AAB00083F83C20FB7B18461037BD4680BD000064
:10AAC00080B485B000AF786039600023FB603B68DC
:10AAD0000C2B31D801A252F823F000BF11AB0008B3
:10AAE00039AB000839AB000839AB00081BAB0008D4
:10AAF00039AB000839AB000839AB000825AB0008BA
:10AB000039AB000839AB000839AB00082FAB00089F
:10AB10007B681B685B6BFB600FE07B681B689B6B53
:10AB2000FB600AE07B681B68DB6BFB6005E07B6811
:10AB30001B681B6CFB6000E000BFFB681846143705
:10AB4000BD465DF8047B704780B483B000AF786089
:10AB500000BF0C37BD465DF8047B704780B483B0FE
:10AB600000AF786000BF0C37BD465DF8047B7047CE
:10AB700080B483B000AF786000BF0C37BD465DF88D
:10AB8000047B704780B483B000AF786000BF0C379F
:10AB9000BD465DF8047B704780B485B000AF786037
:10ABA00039607B681B68FB607B68404A934213D026
:10ABB0007B68B3F1804F0FD07B683D4A93420BD046
:10ABC0007B683C4A934207D07B683B4A934203D060
:10ABD0007B683A4A934208D1FB6823F07003FB601C
:10ABE0003B685B68FA681343FB607B682F4A9342BB
:10ABF0002BD07B68B3F1804F27D07B682C4A9342DF
:10AC000023D07B682B4A93421FD07B682A4A934209
:10AC10001BD07B68294A934217D07B68284A93420D
:10AC200013D07B68274A93420FD07B68264A934211
:10AC30000BD07B68254A934207D07B68244A934215
:10AC400003D07B68234A934208D1FB6823F4407306
:10AC5000FB603B68DB68FA681343FB60FB6823F02A
:10AC600080023B685B691343FB607B68FA681A608B
:10AC70003B689A687B68DA623B681A687B689A620C
:10AC80007B680A4A934203D07B680C4A934203D103
:10AC90003B681A697B681A637B6801225A6100BFAE
:10ACA0001437BD465DF8047B704700BF00000140CB
:10ACB0000004004000080040000C00400004014077
:10ACC000004001400044014000480140001800409D
:10ACD000001C00400020004080B487B000AF7860C6
:10ACE00039607B681B6A23F001027B681A627B680B
:10ACF0001B6A7B617B685B683B617B689B69FB606F
:10AD0000FB6823F07003FB60FB6823F00303FB6028
:10AD10003B681B68FA681343FB607B6923F00203FE
:10AD20007B613B689B687A6913437B617B68204A3F
:10AD3000934203D07B681F4A93420CD17B6923F076
:10AD400008037B613B68DB687A6913437B617B693D
:10AD500023F004037B617B68154A934203D07B6830
:10AD6000144A934211D13B6923F480733B613B69E0
:10AD700023F400733B613B685B693A6913433B61B1
:10AD80003B689B693A6913433B617B683A695A6047
:10AD90007B68FA689A613B685A687B685A637B688B
:10ADA0007A691A6200BF1C37BD465DF8047B7047A4
:10ADB000000001400004014080B487B000AF78601B
:10ADC00039607B681B6A23F010027B681A627B681B
:10ADD0001B6A7B617B685B683B617B689B69FB608E
:10ADE000FB6823F4E043FB60FB6823F44073FB60E3
:10ADF0003B681B681B02FA681343FB607B6923F006
:10AE000020037B613B689B681B017A6913437B616C
:10AE10007B68224A934203D07B68214A93420DD13A
:10AE20007B6923F080037B613B68DB681B017A69E7
:10AE300013437B617B6923F040037B617B68174A86
:10AE4000934203D07B68164A934213D13B6923F4A3
:10AE500080633B613B6923F400633B613B685B6952
:10AE60009B003A6913433B613B689B699B003A69CD
:10AE700013433B617B683A695A607B68FA689A6160
:10AE80003B685A687B689A637B687A691A6200BF7C
:10AE90001C37BD465DF8047B704700BF00000140D1
:10AEA0000004014080B487B000AF786039607B68EF
:10AEB0001B6A23F480727B681A627B681B6A7B6161
:10AEC0007B685B683B617B68DB69FB60FB6823F048
:10AED0007003FB60FB6823F00303FB603B681B68A7
:10AEE000FA681343FB607B6923F400737B613B6862
:10AEF0009B681B027A6913437B617B68214A9342FA
:10AF000003D07B68204A93420DD17B6923F4006310
:10AF10007B613B68DB681B027A6913437B617B6959
:10AF200023F480637B617B68164A934203D07B687D
:10AF3000154A934213D13B6923F480533B613B692B
:10AF400023F400533B613B685B691B013A6913437F
:10AF50003B613B689B691B013A6913433B617B681A
:10AF60003A695A607B68FA68DA613B685A687B68BC
:10AF7000DA637B687A691A6200BF1C37BD465DF8E8
:10AF8000047B7047000001400004014080B487B09A
:10AF900000AF786039607B681B6A23F480527B685D
:10AFA0001A627B681B6A3B617B685B687B617B68BC
:10AFB000DB69FB60FB6823F4E043FB60FB6823F480
:10AFC0004073FB603B681B681B02FA681343FB601D
:10AFD0003B6923F400533B613B689B681B033A6960
:10AFE00013433B617B68124A934203D07B68114A4A
:10AFF000934209D17B6923F480437B613B685B69A1
:10B000009B017A6913437B617B687A695A607B682C
:10B01000FA68DA613B685A687B681A647B683A6947
:10B020001A6200BF1C37BD465DF8047B704700BF45
:10B03000000001400004014080B487B000AFF86018
:10B04000B9607A603B60FB681B6A23F00102FB6811
:10B050001A62FB689B697B61FB681B6A3B61FB684A
:10B06000284A93421BD0FB68B3F1804F17D0FB688E
:10B07000254A934213D0FB68244A93420FD0FB68C1
:10B08000234A93420BD0FB68224A934207D0FB68C5
:10B09000214A934203D0FB68204A934201D1012305
:10B0A00000E00023002B08D07B6923F003037B61C1
:10B0B0007A697B6813437B6103E07B6943F001039A
:10B0C0007B617B6923F0F0037B613B681B01DBB292
:10B0D0007A6913437B613B6923F00A033B61BB68D8
:10B0E00003F00A033A6913433B61FB687A699A618A
:10B0F000FB683A691A6200BF1C37BD465DF8047BE5
:10B10000704700BF000001400004004000080040FC
:10B11000000C0040000401400040014000180040C5
:10B1200080B487B000AFF860B9607A60FB681B6AD2
:10B130007B61FB681B6A23F00102FB681A62FB68F3
:10B140009B693B613B6923F0F0033B617B681B011A
:10B150003A6913433B617B6923F00A037B617A6997
:10B16000BB6813437B61FB683A699A61FB687A6943
:10B170001A6200BF1C37BD465DF8047B704780B47F
:10B1800087B000AFF860B9607A603B60FB681B6A0B
:10B1900023F01002FB681A62FB689B697B61FB6805
:10B1A0001B6A3B617B6923F440737B617B681B02F4
:10B1B0007A6913437B617B6923F470437B613B684D
:10B1C0001B039BB27A6913437B613B6923F0A003A5
:10B1D0003B61BB681B0103F0A0033A6913433B6169
:10B1E000FB687A699A61FB683A691A6200BF1C378A
:10B1F000BD465DF8047B704780B487B000AFF8604F
:10B20000B9607A60FB681B6A23F01002FB681A625F
:10B21000FB689B697B61FB681B6A3B617B6923F46C
:10B2200070437B617B681B037A6913437B613B69D5
:10B2300023F0A0033B61BB681B013A6913433B61E8
:10B24000FB687A699A61FB683A691A6200BF1C3729
:10B25000BD465DF8047B704780B487B000AFF860EE
:10B26000B9607A603B60FB681B6A23F48072FB68FC
:10B270001A62FB68DB697B61FB681B6A3B617B6967
:10B2800023F003037B617A697B6813437B617B69ED
:10B2900023F0F0037B613B681B01DBB27A69134347
:10B2A0007B613B6923F420633B61BB681B0203F4B1
:10B2B00020633A6913433B61FB687A69DA61FB6892
:10B2C0003A691A6200BF1C37BD465DF8047B7047BF
:10B2D00080B487B000AFF860B9607A603B60FB680B
:10B2E0001B6A23F48052FB681A62FB68DB697B618E
:10B2F000FB681B6A3B617B6923F440737B617B685D
:10B300001B027A6913437B617B6923F470437B6181
:10B310003B681B039BB27A6913437B613B6923F44F
:10B3200020433B61BB681B0303F420433A6913438A
:10B330003B61FB687A69DA61FB683A691A6200BFAF
:10B340001C37BD465DF8047B704780B485B000AF04
:10B35000786039607B689B68FB60FB6823F0700352
:10B36000FB603A68FB68134343F00703FB607B68AC
:10B37000FA689A6000BF1437BD465DF8047B7047D9
:10B3800080B487B000AFF860B9607A603B60FB685A
:10B390009B687B617B6923F47F437B613B681A0276
:10B3A0007B681A43BB6813437A6913437B61FB686C
:10B3B0007A699A6000BF1C37BD465DF8047B704710
:10B3C00080B487B000AFF860B9607A60BB6803F002
:10B3D0001F03012202FA03F37B61FB681A6A7B698F
:10B3E000DB431A40FB681A62FB681A6ABB6803F009
:10B3F0001F03796801FA03F31A43FB681A6200BF5E
:10B400001C37BD465DF8047B7047000080B485B0F2
:10B4100000AF786039607B6893F83C30012B01D134
:10B4200002235AE07B68012283F83C207B680222D9
:10B4300083F83D207B681B685B68FB607B681B684A
:10B440009B68BB60FB6823F07003FB603B681B6874
:10B45000FA681343FB607B681B68FA685A607B6874
:10B460001B68214A934222D07B681B68B3F1804F4E
:10B470001DD07B681B681D4A934218D07B681B68EF
:10B480001B4A934213D07B681B681A4A93420ED022
:10B490007B681B68184A934209D07B681B68174A6F
:10B4A000934204D07B681B68154A93420CD1BB6859
:10B4B00023F08003BB603B685B68BA681343BB60E2
:10B4C0007B681B68BA689A607B68012283F83D201C
:10B4D0007B68002283F83C20002318461437BD46C1
:10B4E0005DF8047B704700BF00000140000400408D
:10B4F00000080040000C00400004014000400140F2
:10B500000018004080B485B000AF78603960002337
:10B51000FB607B6893F83C30012B01D102233DE0B6
:10B520007B68012283F83C20FB6823F0FF023B6824
:10B53000DB681343FB60FB6823F440723B689B6845
:10B540001343FB60FB6823F480623B685B68134332
:10B55000FB60FB6823F400623B681B681343FB60DD
:10B56000FB6823F480523B681B691343FB60FB6854
:10B5700023F400523B685B691343FB60FB6823F4D0
:10B5800080423B68DB691343FB607B681B68FA6899
:10B590005A647B68002283F83C2000231846143745
:10B5A000BD465DF8047B704780B483B000AF78601F
:10B5B00000BF0C37BD465DF8047B704780B483B094
:10B5C00000AF786000BF0C37BD465DF8047B704764
:10B5D00080B582B000AF78607B68002B01D1012379
:10B5E0003FE07B6893F83D30DBB2002B06D17B68EF
:10B5F000002283F83C207868FBF754FB7B68242208
:10B6000083F83D207B681B68DA687B681B6822F43E
:10B610000052DA60786800F0DFFD7B681B681A6909
:10B620007B681B6822F490421A617B681B685A6928
:10B630007B681B6822F02A025A617B681B68DA6803
:10B640007B681B6842F40052DA607B6800221A644F
:10B650007B68202283F83D207B68202283F83E20EF
:10B66000002318460837BD4680BD80B58AB002AFBA
:10B67000F860B9603B601346FB8000237B61FB6888
:10B6800093F83D30DBB2202B7CD1BB68002B02D07D
:10B69000FB88002B01D1012375E0FB6893F83C3057
:10B6A000012B01D102236EE0FB68012283F83C20CC
:10B6B000FB6800221A64FB68212283F83D20FBF717
:10B6C00005FD7861FB68FA889A84FB68FA88DA8459
:10B6D000FB689B68B3F5805F08D1FB681B69002B92
:10B6E00004D10023FB61BB68BB6103E0BB68FB6165
:10B6F0000023BB61FB68002283F83C202AE03B6802
:10B7000000937B6900228021F86800F01FFB03464C
:10B71000002B01D0032336E0FB69002B0BD1BB6962
:10B720001B881A46FB681B68C2F308025A60BB6993
:10B730000233BB6107E0FB691A78FB681B685A603B
:10B74000FB690133FB61FB68DB8C9BB2013B9AB266
:10B75000FB68DA84FB68DB8C9BB2002BCFD13B68A3
:10B7600000937B6900224021F86800F0EFFA03465D
:10B77000002B01D0032306E0FB68202283F83D2044
:10B78000002300E0022318462037BD4680BD80B567
:10B7900084B000AFF860B9601346FB80FB6893F893
:10B7A0003E30DBB2202B1DD1BB68002B02D0FB88C2
:10B7B000002B01D1012316E0FB6893F83C30012BEC
:10B7C00001D102230FE0FB68012283F83C20FB68D3
:10B7D00000221A63FB881A46B968F86800F024FB57
:10B7E000034600E0022318461037BD4680BD000026
:10B7F00080B5BAB000AF78607B681B681B68C7F87B
:10B80000E4307B681B68DB68C7F8E0307B681B6846
:10B810005B69C7F8DC300023C7F8D8300023C7F8CD
:10B82000D430D7F8E43003F00F03C7F8D830D7F896
:10B83000D830002B0FD1D7F8E43003F02003002BD1
:10B8400009D0D7F8E03003F02003002B03D078684C
:10B8500000F007FC56E2D7F8D830002B00F0DE806D
:10B86000D7F8DC3003F00103002B06D1D7F8E03025
:10B8700003F49073002B00F0D180D7F8E43003F08C
:10B880000103002B0BD0D7F8E03003F48073002BBA
:10B8900005D07B681B6C43F001027B681A64D7F803
:10B8A000E43003F00403002B0BD0D7F8DC3003F0B6
:10B8B0000103002B05D07B681B6C43F002027B6800
:10B8C0001A64D7F8E43003F00203002B0BD0D7F84A
:10B8D000DC3003F00103002B05D07B681B6C43F0C8
:10B8E00004027B681A64D7F8E43003F00803002BE5
:10B8F00011D0D7F8E03003F02003002B05D1D7F8A2
:10B90000DC3003F00103002B05D07B681B6C43F097
:10B9100008027B681A647B681B6C002B00F0ED81C9
:10B92000D7F8E43003F02003002B08D0D7F8E0303C
:10B9300003F02003002B02D0786800F092FB7B68B4
:10B940001B685B6903F04003402B0CBF01230023FD
:10B95000DBB2C7F8D4307B681B6C03F00803002B04
:10B9600003D1D7F8D430002B4FD0786800F09AFA82
:10B970007B681B685B6903F04003402B41D17B6807
:10B980001B681433C7F89C30D7F89C3053E8003F4D
:10B99000C7F89830D7F8983023F04003C7F8D03074
:10B9A0007B681B681433D7F8D020C7F8A820C7F8E5
:10B9B000A430D7F8A410D7F8A82041E80023C7F88E
:10B9C000A030D7F8A030002BD9D17B689B6B002B1F
:10B9D00013D07B689B6B7D4A1A657B689B6B18460E
:10B9E000FCF75DFA0346002B16D07B689B6B1B6D42
:10B9F0007A68926B104698470EE0786800F090F9EC
:10BA00000AE0786800F08CF906E0786800F088F9C0
:10BA10007B6800221A6470E100BF6EE17B681B6BDB
:10BA2000012B40F04A81D7F8E43003F01003002BDB
:10BA300000F04381D7F8E03003F01003002B00F052
:10BA40003C810023BB607B681B681B68BB607B6814
:10BA50001B685B68BB60BB687B681B685B6903F045
:10BA60004003402B40F0B4807B689B6B1B685B6895
:10BA7000A7F8BE30B7F8BE30002B00F040817B68DD
:10BA80009B8DB7F8BE209A4280F039817B68B7F869
:10BA9000BE20DA857B689B6BDB69B3F5807F00F0A5
:10BAA00088807B681B680C33C7F88830D7F88830EB
:10BAB00053E8003FC7F88430D7F8843023F480730C
:10BAC000C7F8B8307B681B680C33D7F8B820C7F8C4
:10BAD0009420C7F89030D7F89010D7F8942041E818
:10BAE0000023C7F88C30D7F88C30002BD9D17B6875
:10BAF0001B6814337B677B6F53E8003F3B673B6FEA
:10BB000023F00103C7F8B4307B681B681433D7F8FF
:10BB1000B420C7F88020FB67F96FD7F8802041E890
:10BB20000023BB67BB6F002BE1D17B681B6814331C
:10BB30003B663B6E53E8003FFB65FB6D23F0400323
:10BB4000C7F8B0307B681B681433D7F8B020FA66AA
:10BB5000BB66B96EFA6E41E800237B667B6E002BF4
:10BB6000E3D17B68202283F83E207B6800221A63A1
:10BB70007B681B680C33FB64FB6C53E8003FBB64C1
:10BB8000BB6C23F01003C7F8AC307B681B680C3328
:10BB9000D7F8AC20BA657B65796DBA6D41E80023B2
:10BBA0003B653B6D002BE3D17B689B6B1846FCF734
:10BBB00006F97B689A8D7B68DB8D9BB2D31A9BB2AA
:10BBC0001946786800F0B6F899E000BF6BBF00082E
:10BBD0007B689A8D7B68DB8D9BB2D31AA7F8CE3039
:10BBE0007B68DB8D9BB2002B00F08B80B7F8CE30EA
:10BBF000002B00F086807B681B680C33BB63BB6B3B
:10BC000053E8003F7B637B6B23F49073C7F8C83025
:10BC10007B681B680C33D7F8C8207A643B64396CA6
:10BC20007A6C41E80023FB63FB6B002BE3D17B685C
:10BC30001B6814337B627B6A53E8003F3B623B6ABC
:10BC400023F00103C7F8C4307B681B681433D7F8AE
:10BC5000C4203A63FB62F96A3A6B41E80023BB6295
:10BC6000BB6A002BE3D17B68202283F83E207B68EF
:10BC700000221A637B681B680C333B613B6953E805
:10BC8000003FFB60FB6823F01003C7F8C0307B68FF
:10BC90001B680C33D7F8C020FA61BB61B969FA6937
:10BCA00041E800237B617B69002BE3D1B7F8CE30FC
:10BCB0001946786800F03EF823E0D7F8E43003F046
:10BCC0008003002B09D0D7F8E03003F08003002B6D
:10BCD00003D0786800F05DF914E0D7F8E43003F0A1
:10BCE0004003002B0ED0D7F8E03003F04003002BC8
:10BCF00008D0786800F09DF904E000BF02E000BFC2
:10BD000000E000BFE837BD4680BD00BF80B483B00F
:10BD100000AF786000BF0C37BD465DF8047B70470C
:10BD200080B483B000AF786000BF0C37BD465DF8CB
:10BD3000047B704780B483B000AF78600B467B8093
:10BD400000BF0C37BD465DF8047B704780B590B0EE
:10BD500000AFF860B9603B601346FB7150E0BB6C0C
:10BD6000B3F1FF3F4CD0BB6C002B07D0FBF7AEF913
:10BD700002463B68D31ABA6C9A4241D2FB681B68F0
:10BD80000C33BB62BB6A53E8003F7B627B6A23F4DF
:10BD9000D073FB63FB681B680C33FA6B7A633B63FD
:10BDA000396B7A6B41E80023FB62FB6A002BE5D11B
:10BDB000FB681B6814337B617B6953E8003F3B6180
:10BDC0003B6923F00103BB63FB681B681433BA6B48
:10BDD0003A62FB61F9693A6A41E80023BB61BB69D9
:10BDE000002BE5D1FB68202283F83D20FB68202250
:10BDF00083F83E20FB68002283F83C2003230FE0F9
:10BE0000FB681B681A68BB681340BA689A420CBF8B
:10BE100001230023DBB21A46FB799A429FD000230C
:10BE200018464037BD4680BD80B485B000AFF8608D
:10BE3000B9601346FB80FB68BA689A62FB68FA88AF
:10BE40009A85FB68FA88DA85FB6800221A64FB6829
:10BE5000222283F83E20FB68002283F83C20FB6806
:10BE60001B69002B07D0FB681B68DA68FB681B683E
:10BE700042F48072DA60FB681B685A69FB681B68D1
:10BE800042F001025A61FB681B68DA68FB681B68B4
:10BE900042F02002DA60002318461437BD465DF8F0
:10BEA000047B704780B495B000AF78607B681B68F6
:10BEB0000C337B637B6B53E8003F3B633B6B23F4AA
:10BEC0009073FB647B681B680C33FA6C3A64FB6309
:10BED000F96B3A6C41E80023BB63BB6B002BE5D1E7
:10BEE0007B681B6814333B623B6A53E8003FFB618D
:10BEF000FB6923F00103BB647B681B681433BA6CD5
:10BF0000FA62BB62B96AFA6A41E800237B627B6A23
:10BF1000002BE5D17B681B6B012B19D17B681B685B
:10BF20000C33FB60FB6853E8003FBB60BB6823F049
:10BF300010037B647B681B680C337A6CBA617B618D
:10BF40007969BA6941E800233B613B69002BE5D17F
:10BF50007B68202283F83E207B6800221A6300BFA2
:10BF60005437BD465DF8047B704780B584B000AFA0
:10BF700078607B689B6BFB60FB680022DA85FB685E
:10BF80000022DA84F868FFF7CBFE00BF1037BD4609
:10BF900080BD80B485B000AF78607B6893F83D3099
:10BFA000DBB2212B3ED17B689B68B3F5805F14D157
:10BFB0007B681B69002B10D17B681B6AFB60FB68E8
:10BFC0001B881A467B681B68C2F308025A607B68AC
:10BFD0001B6A9A1C7B681A6208E07B681B6A591C02
:10BFE0007A6811621A787B681B685A607B68DB8C00
:10BFF0009BB2013B9BB27A681946D184002B0FD1CA
:10C000007B681B68DA687B681B6822F08002DA6054
:10C010007B681B68DA687B681B6842F04002DA6064
:10C02000002300E0022318461437BD465DF8047B68
:10C03000704780B582B000AF78607B681B68DA68B3
:10C040007B681B6822F04002DA607B68202283F85C
:10C050003D207868FFF75AFE002318460837BD4692
:10C0600080BD80B58CB000AF78607B6893F83E30BF
:10C07000DBB2222B40F0AB807B689B68B3F5805F1E
:10C0800017D17B681B69002B13D10023FB627B68EF
:10C090009B6ABB627B681B685B689BB2C3F3080347
:10C0A0009AB2BB6A1A807B689B6A9A1C7B689A6208
:10C0B00026E07B689B6AFB620023BB627B689B680F
:10C0C000B3F5805F07D07B689B68002B0AD17B6843
:10C0D0001B69002B06D17B681B685B68DAB2FB6AC0
:10C0E0001A7008E07B681B685B68DBB203F07F03B3
:10C0F000DAB2FB6A1A707B689B6A5A1C7B689A6288
:10C100007B68DB8D9BB2013B9BB27A681946D18577
:10C11000002B5AD17B681B68DA687B681B6822F0A9
:10C120002002DA607B681B68DA687B681B6822F48F
:10C130008072DA607B681B685A697B681B6822F032
:10C1400001025A617B68202283F83E207B681B6BCA
:10C15000012B35D17B6800221A637B681B680C3386
:10C160007B617B6953E8003F3B613B6923F010032F
:10C170007B627B681B680C337A6A3A62FB61F969FF
:10C180003A6A41E80023BB61BB69002BE5D17B68BB
:10C190001B681B6803F01003102B0AD10023FB60FF
:10C1A0007B681B681B68FB607B681B685B68FB60C7
:10C1B000FB687B689B8D19467868FFF7BBFD02E042
:10C1C0007868F5F7ABFD002302E0002300E00223CE
:10C1D00018463037BD4680BD2DE9B04FC0B000AF26
:10C1E000C7F8F400D7F8F4301B681B6923F44050FB
:10C1F000D7F8F430D968D7F8F4301A6840EA010368
:10C200001361D7F8F4309A68D7F8F4301B691A43F1
:10C21000D7F8F4305B691A43D7F8F430DB6913437D
:10C22000C7F8F830D7F8F4301B68DB6823F4164100
:10C2300021F00C01D7F8F4301A68D7F8F8300B4326
:10C24000D360D7F8F4301B685B6923F44070D7F8EB
:10C25000F4309969D7F8F4301A6840EA0103536161
:10C26000D7F8F4301A688F4B9A4205D0D7F8F430DB
:10C270001A688D4B9A4204D1FDF716FCC7F8FC00F2
:10C2800003E0FDF7FDFBC7F8FC00D7F8F430DB69ED
:10C29000B3F5004F40F00C81D7F8FC300022C7F80E
:10C2A000E830C7F8EC20D7E93A4522462B469118EA
:10C2B000B9655B41FB65D7E91623214612EB0108FE
:10C2C000294643EB01094FF000024FF000034FEA0B
:10C2D000C90343EA58734FEAC80290469946234679
:10C2E00018EB0303C7F8E0302B4649EB0303C7F80C
:10C2F000E430D7F8F4305B680022C7F8D830C7F8CC
:10C30000DC20D7E936120B46DB183B65134642EBBF
:10C3100003037B65D7E91423D7E93801F4F7B4FCAC
:10C3200002460B46614BA3FB02235B091C01D7F8B5
:10C33000FC300022C7F8D030C7F8D420D7E93489C0
:10C3400042464B469118B9645B41FB64D7E912231E
:10C35000414612EB010A494643EB010B4FF0000244
:10C360004FF000034FEACB0343EA5A734FEACA0285
:10C3700092469B4643461AEB0303C7F8C8304B4628
:10C380004BEB0303C7F8CC30D7F8F4305B680022DE
:10C39000C7F8C030C7F8C420D7E930120B46DB1805
:10C3A0003B64134642EB03037B64D7E91023D7E9D0
:10C3B0003201F4F769FC02460B4611463B4BA3FBE6
:10C3C00001235B09642202FB03F3CB1ADB0003F1B8
:10C3D0003202364BA3FB02235B095B0003F4F873C4
:10C3E0001C44D7F8FC300022C7F8B830C7F8BC208E
:10C3F000D7E92E8942464B469118B9635B41FB63EE
:10C40000D7E90E2341465118396349464B417B63B6
:10C410004FF000024FF00003D7E90CAB5946CB00B8
:10C42000514643EA51735146CA0010461946034625
:10C4300042469B18C7F8B0304B460A4642EB03030E
:10C44000C7F8B430D7F8F4305B680022C7F8A830DA
:10C45000C7F8AC20D7E92A120B46DB18BB6213469B
:10C4600042EB0303FB62D7E90A23D7E92C01F4F777
:10C470000BFC02460B460D4BA3FB02135B09642128
:10C4800001FB03F3D31ADB003233084AA2FB032378
:10C490005B0903F00702D7F8F4301B6822449A6066
:10C4A00006E100BF00100140001401401F85EB5160
:10C4B000D7F8FC300022C7F8A030C7F8A420D7E98D
:10C4C000288942464B46911839625B417B62D7E925
:10C4D000082341465418494643EB01054FF000023A
:10C4E0004FF00003EB0043EA5473E20014461D468C
:10C4F0004346E318C7F898304B4645EB0303C7F8AB
:10C500009C30D7F8F4305B680022C7F89030C7F849
:10C5100094204FF000024FF00003D7E9244529464C
:10C520008B00214643EA917321468A00D7E9260110
:10C53000F4F7AAFB02460B46604BA3FB02235B0900
:10C540001C01D7F8FC300022C7F88830C7F88C20CF
:10C55000D7E9228942464B469118B9615B41FB619C
:10C56000D7E9062341465118396149464B417B6161
:10C570004FF000024FF00003D7E904AB5946CB005F
:10C58000514643EA51735146CA00104619460346C4
:10C5900042469B18C7F880304B460A4642EB0303DD
:10C5A000C7F88430D7F8F4305B680022BB67FA67BD
:10C5B0004FF000024FF00003D7E91E8949468B0077
:10C5C000414643EA917341468A00D7E92001F4F7D6
:10C5D0005BFB02460B461146384BA3FB01235B096C
:10C5E000642202FB03F3CB1A1B013233334AA2FB52
:10C5F00003235B0903F0F0031C44D7F8FC3000224E
:10C600003B677A67D7E91C8942464B469118B96067
:10C610005B41FB60D7E90223414651183960494626
:10C620004B417B604FF000024FF00003D7E900ABB5
:10C630005946CB00514643EA51735146CA00104651
:10C640001946034642469B18BB664B460A4642EBD8
:10C650000303FB66D7F8F4305B6800223B667A661A
:10C660004FF000024FF00003D7E9188949468B00CC
:10C67000414643EA917341468A00D7E91A01F4F72B
:10C6800003FB02460B460D4BA3FB02135B0964211F
:10C6900001FB03F3D31A1B013233084AA2FB032325
:10C6A0005B0903F00F02D7F8F4301B6822449A604C
:10C6B00000BF07F58077BD46BDE8B08F1F85EB5101
:10C6C00080B483B000AF03463960FB7197F907303F
:10C6D000002B0ADB3B68DAB20C4997F907301201EC
:10C6E000D2B20B4483F800230AE03B68DAB208496F
:10C6F000FB7903F00F03043B1201D2B20B441A760C
:10C7000000BF0C37BD465DF8047B704700E100E0D8
:10C7100000ED00E080B500AF00216FF00400FFF7EE
:10C72000CFFF00BF80BD000080B483B000AFEFF347
:10C7300005833B603B68002B03D06FF005037B60F3
:10C740000CE00A4B1B68002B05D1084B01221A6034
:10C7500000237B6002E04FF0FF337B607B6818466C
:10C760000C37BD465DF8047B704700BF540B0020BA
:10C7700080B582B000AFEFF305833B603B68002BD0
:10C7800003D06FF005037B6010E00B4B1B68012B9F
:10C7900009D1FFF7BFFF084B02221A6001F07AF8B7
:10C7A00000237B6002E04FF0FF337B607B6818461C
:10C7B0000837BD4680BD00BF540B002080B58EB049
:10C7C00004AFF860B9607A6000233B61EFF3058342
:10C7D0007B617B69002B7ED1FB68002B7BD08023A3
:10C7E0003B621823FB6100237B624FF0FF33BB6188
:10C7F0007B68002B45D07B681B68002B02D07B68D0
:10C800001B687B627B689B69002B02D07B689B69FD
:10C81000FB61FB69002B08D0FB69382B05D87B68CE
:10C820005B6803F00103002B01D0002354E07B6818
:10C830005B69002B03D07B685B699B083B627B686C
:10C840009B68002B0ED07B68DB685B2B0AD97B686A
:10C850001B69002B06D07B685B69002B02D001238B
:10C86000BB6110E07B689B68002B0CD17B68DB68A8
:10C87000002B08D17B681B69002B04D10023BB610E
:10C8800001E00023BB61BB69012B10D17B681B69F0
:10C890007A68926802920193FB690093BB683A6AD6
:10C8A000796AF86800F01AFE03463B6113E0BB6941
:10C8B000002B10D13B6A9AB207F110030193FB6978
:10C8C0000093BB68796AF86800F068FE0346012BA4
:10C8D00001D000233B613B6918462837BD4680BD27
:10C8E00080B584B000AF7860EFF30583BB60BB68B0
:10C8F000002B03D06FF00503FB6007E00023FB6013
:10C900007B68002B02D0786800F08EFFFB68184629
:10C910001037BD4680BD000080B485B000AFF86020
:10C92000B9607A60FB68074A1A60BB68064A1A60F9
:10C930007B6880221A6000BF1437BD465DF8047B17
:10C94000704700BF580B0020B40B002080B485B0A6
:10C9500000AFF860B9607A60FB68074A1A60BB688C
:10C96000064A1A607B684FF480721A6000BF143761
:10C97000BD465DF8047B7047B40D0020100E00200A
:10C9800080B483B000AF78607B6803F108027B68F5
:10C990005A607B684FF0FF329A607B6803F10802AF
:10C9A0007B68DA607B6803F108027B681A617B6848
:10C9B00000221A6000BF0C37BD465DF8047B70474B
:10C9C00080B483B000AF78607B6800221A6100BF3A
:10C9D0000C37BD465DF8047B704780B485B000AF6E
:10C9E000786039607B685B68FB603B68FA685A6016
:10C9F000FB689A683B689A60FB689B683A685A6073
:10CA0000FB683A689A603B687A681A617B681B68C1
:10CA10005A1C7B681A6000BF1437BD465DF8047B62
:10CA2000704780B485B000AF786039603B681B68A0
:10CA3000BB60BB68B3F1FF3F03D17B681B69FB6040
:10CA40000CE07B680833FB6002E0FB685B68FB601E
:10CA5000FB685B681B68BA689A42F6D2FB685A6842
:10CA60003B685A603B685B683A689A603B68FA6862
:10CA70009A60FB683A685A603B687A681A617B681A
:10CA80001B685A1C7B681A6000BF1437BD465DF8EE
:10CA9000047B704780B485B000AF78607B681B6909
:10CAA000FB607B685B687A6892689A607B689B68C9
:10CAB0007A6852685A60FB685B687A689A4203D168
:10CAC0007B689A68FB685A607B6800221A61FB6881
:10CAD0001B685A1EFB681A60FB681B6818461437EF
:10CAE000BD465DF8047B704780B584B000AF7860C8
:10CAF00039607B68FB60FB68002B0BD14FF0500363
:10CB000083F31188BFF36F8FBFF34F8FBB6000BFFC
:10CB100000BFFDE702F078F8FB681A68FB68DB6B82
:10CB2000F968096C01FB03F31A44FB689A60FB681F
:10CB300000229A63FB681A68FB685A60FB681A68EF
:10CB4000FB68DB6B013BF968096C01FB03F31A44DA
:10CB5000FB68DA60FB68FF2283F84420FB68FF2251
:10CB600083F845203B68002B14D1FB681B69002B20
:10CB70001AD0FB681033184601F01AF90346002B4F
:10CB800012D00D4B4FF080521A60BFF34F8FBFF39E
:10CB90006F8F09E0FB6810331846FFF7F1FEFB6862
:10CBA00024331846FFF7ECFE02F060F80123184624
:10CBB0001037BD4680BD00BF04ED00E080B58EB0EB
:10CBC00002AFF860B9607A603B60FB68002B0BD164
:10CBD0004FF0500383F31188BFF36F8FBFF34F8F74
:10CBE000BB6200BF00BFFDE73B68002B0BD14FF0DD
:10CBF000500383F31188BFF36F8FBFF34F8F7B62B6
:10CC000000BF00BFFDE77B68002B02D0BB68002B94
:10CC100001D0012300E00023002B0BD14FF0500383
:10CC200083F31188BFF36F8FBFF34F8F3B6200BF59
:10CC300000BFFDE77B68002B02D1BB68002B01D150
:10CC4000012300E00023002B0BD14FF0500383F3AE
:10CC50001188BFF36F8FBFF34F8FFB6100BF00BF21
:10CC6000FDE750237B617B69502B0BD04FF05003C5
:10CC700083F31188BFF36F8FBFF34F8FBB6100BF8A
:10CC800000BFFDE77B693B68FB62FB6A002B0DD0B0
:10CC9000FB6A012283F8462097F83820FB6A00934C
:10CCA00013467A68B968F86800F005F8FB6A184618
:10CCB0003037BD4680BD80B584B000AFF860B96044
:10CCC0007A60FB70BB68002B03D1BB69BA691A603C
:10CCD00002E0BB697A681A60BB69FA68DA63BB690B
:10CCE000BA681A640121B869FFF7FEFEBB69FA78D9
:10CCF00083F84C2000BF1037BD4680BD80B58EB094
:10CD000000AFF860B9607A603B6000237B63FB682A
:10CD10003B633B6B002B0BD14FF0500383F3118827
:10CD2000BFF36F8FBFF34F8FBB6200BF00BFFDE744
:10CD3000BB68002B03D13B6B1B6C002B01D1012383
:10CD400000E00023002B0BD14FF0500383F3118838
:10CD5000BFF36F8FBFF34F8F7B6200BF00BFFDE754
:10CD60003B68022B03D13B6BDB6B012B01D1012311
:10CD700000E00023002B0BD14FF0500383F3118808
:10CD8000BFF36F8FBFF34F8F3B6200BF00BFFDE764
:10CD900001F0CEF90346002B02D17B68002B01D1B4
:10CDA000012300E00023002B0BD14FF0500383F34D
:10CDB0001188BFF36F8FBFF34F8FFB6100BF00BFC0
:10CDC000FDE701F021FF3B6B9A6B3B6BDB6B9A42FB
:10CDD00002D33B68022B29D13A68B968386B00F05E
:10CDE0000FFAF8623B6B5B6A002B10D03B6B24336D
:10CDF000184600F0DDFF0346002B13D03F4B4FF0E9
:10CE000080521A60BFF34F8FBFF36F8F0AE0FB6A47
:10CE1000002B07D0394B4FF080521A60BFF34F8F71
:10CE2000BFF36F8F01F022FF012363E07B68002BCB
:10CE300003D101F01BFF00235CE07B6B002B06D1CC
:10CE400007F11403184601F017F801237B6301F082
:10CE50000DFF00F087FD01F0D7FE3B6B93F84430E7
:10CE60005BB2B3F1FF3F03D13B6B002283F8442058
:10CE70003B6B93F845305BB2B3F1FF3F03D13B6BA3
:10CE8000002283F8452001F0F1FE3A1D07F114035A
:10CE90001146184601F006F80346002B24D1386BE2
:10CEA00000F0A6FA0346002B18D03B6B10337A68CB
:10CEB0001146184600F02AFF386B00F031FA00F0F6
:10CEC0005FFD0346002B7FF47CAF0C4B4FF080528C
:10CED0001A60BFF34F8FBFF36F8F72E7386B00F0AC
:10CEE0001FFA00F04DFD6CE7386B00F019FA00F006
:10CEF00047FD002318463837BD4680BD04ED00E0ED
:10CF000080B590B000AFF860B9607A603B60FB68B4
:10CF1000BB63BB6B002B0BD14FF0500383F3118825
:10CF2000BFF36F8FBFF34F8FBB6200BF00BFFDE742
:10CF3000BB68002B03D1BB6B1B6C002B01D1012301
:10CF400000E00023002B0BD14FF0500383F3118836
:10CF5000BFF36F8FBFF34F8F7B6200BF00BFFDE752
:10CF60003B68022B03D1BB6BDB6B012B01D101238F
:10CF700000E00023002B0BD14FF0500383F3118806
:10CF8000BFF36F8FBFF34F8F3B6200BF00BFFDE762
:10CF900001F01AFFEFF311824FF0500383F3118871
:10CFA000BFF36F8FBFF34F8FFA61BB61FB697B6388
:10CFB000BB6B9A6BBB6BDB6B9A4202D33B68022B59
:10CFC0002FD1BB6B93F8453087F83330BB6B9B6B2D
:10CFD000FB623A68B968B86B00F012F997F9333020
:10CFE000B3F1FF3F12D1BB6B5B6A002B16D0BB6B5A
:10CFF0002433184600F0DCFE0346002B0ED07B687D
:10D00000002B0BD07B6801221A6007E097F83330C1
:10D010000133DBB25AB2BB6B83F845200123FB63BB
:10D0200001E00023FB637B6B7B617B6983F31188E9
:10D0300000BFFB6B18464037BD4680BD80B58CB045
:10D0400000AFF860B9607A600023FB62FB68BB62E6
:10D05000BB6A002B0BD14FF0500383F31188BFF351
:10D060006F8FBFF34F8F3B6200BF00BFFDE7BB6810
:10D07000002B03D1BB6A1B6C002B01D1012300E004
:10D080000023002B0BD14FF0500383F31188BFF323
:10D090006F8FBFF34F8FFB6100BF00BFFDE701F053
:10D0A00047F80346002B02D17B68002B01D10123F6
:10D0B00000E00023002B0BD14FF0500383F31188C5
:10D0C000BFF36F8FBFF34F8FBB6100BF00BFFDE7A2
:10D0D00001F09AFDBB6A9B6B7B627B6A002B1FD0C1
:10D0E000B968B86A00F0F6F87B6A5A1EBB6A9A63A0
:10D0F000BB6A1B69002B0FD0BB6A1033184600F0C7
:10D1000057FE0346002B07D03C4B4FF080521A606D
:10D11000BFF34F8FBFF36F8F01F0A8FD012369E0CC
:10D120007B68002B03D101F0A1FD002362E0FB6AC4
:10D13000002B06D107F11003184600F09DFE0123D5
:10D14000FB6201F093FD00F00DFC01F05DFDBB6A98
:10D1500093F844305BB2B3F1FF3F03D1BB6A0022C6
:10D1600083F84420BB6A93F845305BB2B3F1FF3FCC
:10D1700003D1BB6A002283F8452001F077FD3A1DF8
:10D1800007F110031146184600F08CFE0346002BF1
:10D1900023D1B86A00F016F90346002B17D0BB6AFA
:10D1A00024337A681146184600F0B0FDB86A00F0E2
:10D1B000B7F800F0E5FB0346002B89D10F4B4FF089
:10D1C00080521A60BFF34F8FBFF36F8F80E7B86A4A
:10D1D00000F0A6F800F0D4FB7AE7B86A00F0A0F8F7
:10D1E00000F0CEFBB86A00F0EDF80346002B3FF4E8
:10D1F0006FAF002318463037BD4680BD04ED00E018
:10D2000080B586B000AFF860B9607A6000237B61BA
:10D21000FB689B6B3B61FB681B6C002B0DD1FB68B3
:10D220001B68002B4DD1FB689B68184600F09EFFE1
:10D230007861FB6800229A6043E07B68002B19D17B
:10D24000FB685868FB681B6C1A46B96802F0A5FEBB
:10D25000FB685A68FB681B6C1A44FB685A60FB68E1
:10D260005A68FB689B689A422BD3FB681A68FB6874
:10D270005A6026E0FB68D868FB681B6C1A46B968E0
:10D2800002F08BFEFB68DA68FB681B6C5B421A4499
:10D29000FB68DA60FB68DA68FB681B689A4207D2B1
:10D2A000FB689A68FB681B6C5B421A44FB68DA6097
:10D2B0007B68022B05D13B69002B02D03B69013B07
:10D2C0003B613B695A1CFB689A637B6918461837B7
:10D2D000BD4680BD80B582B000AF786039607B68A4
:10D2E0001B6C002B18D07B68DA687B681B6C1A44B7
:10D2F0007B68DA607B68DA687B689B689A4203D354
:10D300007B681A687B68DA607B68D9687B681B6C0D
:10D310001A46386802F041FE00BF0837BD4680BD9E
:10D3200080B584B000AF786001F06EFC7B6893F844
:10D330004530FB7311E07B685B6A002B12D07B6881
:10D340002433184600F034FD0346002B01D000F0D2
:10D350000DFEFB7B013BDBB2FB7397F90F30002B1B
:10D36000E9DC00E000BF7B68FF2283F8452001F084
:10D370007DFC01F049FC7B6893F84430BB7311E0FD
:10D380007B681B69002B12D07B681033184600F0B5
:10D390000FFD0346002B01D000F0E8FDBB7B013BF5
:10D3A000DBB2BB7397F90E30002BE9DC00E000BF65
:10D3B0007B68FF2283F8442001F058FC00BF10373F
:10D3C000BD4680BD80B584B000AF786001F01CFC24
:10D3D0007B689B6B002B02D10123FB6001E00023E3
:10D3E000FB6001F043FCFB6818461037BD4680BD6A
:10D3F00080B584B000AF786001F006FC7B689A6B62
:10D400007B68DB6B9A4202D10123FB6001E00023C1
:10D41000FB6001F02BFCFB6818461037BD4680BD51
:10D4200080B485B000AF786039600023FB6014E001
:10D430000F4AFB6852F83330002B0BD10C49FB68C4
:10D440003A6841F833200A4AFB68DB0013447A68E3
:10D450005A6006E0FB680133FB60FB68072BE7D9E5
:10D4600000BF00BF1437BD465DF8047B704700BFA6
:10D470001012002080B586B000AFF860B9607A6005
:10D48000FB687B6101F0C0FB7B6993F844305BB2C1
:10D49000B3F1FF3F03D17B69002283F844207B690D
:10D4A00093F845305BB2B3F1FF3F03D17B690022B3
:10D4B00083F8452001F0DAFB7B699B6B002B06D1DA
:10D4C0007B6924337A68B968184600F045FC7869AE
:10D4D000FFF726FF00BF1837BD4680BD80B58EB070
:10D4E00004AFF860B9607A603B607B6B002B0BD1B6
:10D4F0004FF0500383F31188BFF36F8FBFF34F8F4B
:10D500003B6200BF00BFFDE7BB6B002B0BD14FF0B0
:10D51000500383F31188BFF36F8FBFF34F8FFB610D
:10D5200000BF00BFFDE75C233B613B695C2B0BD078
:10D530004FF0500383F31188BFF36F8FBFF34F8F0A
:10D54000BB6100BF00BFFDE73B69BB6B002B1ED07A
:10D550007B6B002B1BD0BB6B7B627B6A7A6B1A6385
:10D560007B6A022283F85920002303937B6A02938B
:10D5700007F1140301933B6B00933B687A68B96829
:10D58000F86800F050F8786A00F0DEF801E0002357
:10D590007B617B6918462837BD4680BD80B58CB05D
:10D5A00004AFF860B9603B601346FB80FB889B00CA
:10D5B000184601F04BFC78617B69002B0ED05C2093
:10D5C00001F044FCF861FB69002B03D0FB697A6928
:10D5D0001A6305E0786901F007FD01E00023FB61B3
:10D5E000FB69002B17D0FB69002283F85920FA88C9
:10D5F00000230393FB690293FB6A0193BB6A0093C8
:10D600003B68B968F86800F00EF8F86900F09CF81B
:10D610000123BB6102E04FF0FF33BB61BB691846D9
:10D620002037BD4680BD80B588B000AFF860B960D6
:10D630007A603B603B6B186B7B689B001A46A521A8
:10D6400002F02BFC3B6B1A6B7B6803F18043013BC0
:10D650009B001344BB61BB6923F00703BB61BB693B
:10D6600003F00703002B0BD04FF0500383F3118816
:10D67000BFF36F8FBFF34F8F7B6100BF00BFFDE72C
:10D68000BB68002B1FD00023FB6112E0BA68FB6966
:10D69000134419783A6BFB69134434330A461A7001
:10D6A000BA68FB6913441B78002B06D0FB69013371
:10D6B000FB61FB690F2BE9D900E000BF3B6B002247
:10D6C00083F8432003E03B6B002283F83420BB6ADD
:10D6D000372B01D93723BB623B6BBA6ADA623B6BEB
:10D6E000BA6ADA643B6B00221A653B6B0433184656
:10D6F000FFF766F93B6B18331846FFF761F93B6B90
:10D700003A6B1A61BB6AC3F138023B6B9A613B6B9F
:10D710003A6B5A623B6B00225A653B6B002283F8DE
:10D7200058203A68F968B86901F03EF902463B6B47
:10D730001A60FB6A002B02D0FB6A3A6B1A6000BFCA
:10D740002037BD4680BD000080B582B000AF786054
:10D7500001F05AFA2D4B1B6801332C4A13602C4BF5
:10D760001B68002B09D12A4A7B681360274B1B6872
:10D77000012B10D100F01EFC0DE0264B1B68002B86
:10D7800009D1234B1B68DA6A7B68DB6A9A4202D8AC
:10D790001F4A7B681360204B1B6801331E4A1360CD
:10D7A0001D4B1A687B685A647B68DA6A1B4B1B68DE
:10D7B0009A4203D97B68DB6A184A13607B68DA6A8D
:10D7C00013469B0013449B00154A1A447B6804339C
:10D7D00019461046FFF701F901F048FA0D4B1B6896
:10D7E000002B0ED00A4B1B68DA6A7B68DB6A9A4210
:10D7F00007D20C4B4FF080521A60BFF34F8FBFF32C
:10D800006F8F00BF0837BD4680BD00BF24170020C2
:10D810005012002030170020401700202C17002045
:10D820005412002004ED00E080B584B000AF7860B1
:10D830000023FB607B68002B18D0144B1B68002B67
:10D840000BD04FF0500383F31188BFF36F8FBFF3FA
:10D850004F8FBB6000BF00BFFDE700F083F80021E1
:10D86000786800F0F3FC00F08BF8F860FB68002BA0
:10D8700007D1074B4FF080521A60BFF34F8FBFF3B1
:10D880006F8F00BF1037BD4680BD00BF4C17002012
:10D8900004ED00E080B58AB004AF0023BB60002334
:10D8A0007B603A46391D07F108031846FFF734F844
:10D8B00039687B68BA6802920193002300930023C1
:10D8C0000A4622492248FFF709FE0346214A13600F
:10D8D000204B1B68002B02D001237B6101E0002359
:10D8E0007B617B69012B02D100F004FD78617B69CB
:10D8F000012B16D14FF0500383F31188BFF36F8FC4
:10D90000BFF34F8F3B6100BF134B4FF0FF321A60E4
:10D91000124B01221A60124B00221A6001F0D0F85B
:10D920000FE07B69B3F1FF3F0BD14FF0500383F35E
:10D930001188BFF36F8FBFF34F8FFB6000BF00BF35
:10D94000FDE700BF1837BD4680BD00BF002E0108AF
:10D9500085DF0008481700204417002030170020FA
:10D960002817002080B400AF044B1B680133034A22
:10D97000136000BFBD465DF8047B70474C17002064
:10D9800080B584B000AF0023FB600023BB60424B36
:10D990001B68002B0BD14FF0500383F31188BFF3AA
:10D9A0006F8FBFF34F8F3B6000BF00BFFDE701F0FB
:10D9B0002BF9394B1B68013B374A1360364B1B6808
:10D9C000002B62D1354B1B68002B5ED02FE0344B0F
:10D9D000DB68DB68FB60FB6818331846FFF75AF812
:10D9E000FB6804331846FFF755F8FB68DA6A2D4BDD
:10D9F0001B689A4203D9FB68DB6A2A4A1360FB68FA
:10DA0000DA6A13469B0013449B00274A1A44FB68BA
:10DA1000043319461046FEF7E0FFFB68DA6A234B31
:10DA20001B68DB6A9A4202D3214B01221A601C4B0D
:10DA30001B68002BCBD1FB68002B01D000F058FBFA
:10DA40001C4B1B687B607B68002B10D000F046F8F5
:10DA50000346002B02D0164B01221A607B68013B63
:10DA60007B607B68002BF1D1124B00221A60104BB7
:10DA70001B68002B09D00123BB600F4B4FF0805275
:10DA80001A60BFF34F8FBFF36F8F01F0EFF8BB68E1
:10DA900018461037BD4680BD4C17002024170020C3
:10DAA000E41600202C1700205412002050120020F1
:10DAB000381700203417002004ED00E080B483B054
:10DAC00000AF054B1B687B607B6818460C37BD4672
:10DAD0005DF8047B704700BF2817002080B586B032
:10DAE00000AF00237B614F4B1B68002B40F0908000
:10DAF0004D4B1B6801333B614B4A3B6913603B69EB
:10DB0000002B21D1494B1B681B68002B0BD04FF019
:10DB1000500383F31188BFF36F8FBFF34F8F3B60C8
:10DB200000BF00BFFDE7414B1B68FB60404B1B681B
:10DB30003E4A13603E4AFB6813603E4B1B6801334C
:10DB40003C4A136000F0D4FA3B4B1B683A699A4296
:10DB500049D3364B1B681B68002B04D1364B4FF062
:10DB6000FF321A603FE0314B1B68DB68DB68BB604B
:10DB7000BB685B687B603A697B689A4203D22E4A35
:10DB80007B6813602FE0BB6804331846FEF782FF02
:10DB9000BB689B6A002B04D0BB6818331846FEF79D
:10DBA00079FFBB68DA6A254B1B689A4203D9BB68C8
:10DBB000DB6A224A1360BB68DA6A13469B0013448F
:10DBC0009B001F4A1A44BB68043319461046FEF7EF
:10DBD00004FFBB68DA6A1B4B1B68DB6A9A42B8D346
:10DBE00001237B61B5E7174B1B68DA6A14491346BA
:10DBF0009B0013449B000B441B68012B01D901239C
:10DC00007B61114B1B68002B07D001237B6104E073
:10DC10000E4B1B6801330D4A13607B691846183799
:10DC2000BD4680BD4C17002028170020DC160020C0
:10DC3000E01600203C170020441700202C1700207D
:10DC400054120020501200203817002034170020F2
:10DC500080B485B000AF284B1B68002B03D0274B46
:10DC600001221A6042E0254B00221A60244B1B68F7
:10DC7000FB6011E0FB68002B0BD14FF0500383F3E6
:10DC80001188BFF36F8FBFF34F8F7B6000BF00BF62
:10DC9000FDE7FB68013BFB601A49FA6813469B00ED
:10DCA00013449B000B441B68002BE3D0FA68134617
:10DCB0009B0013449B00134A1344BB60BB685B6822
:10DCC0005A68BB685A60BB685A68BB6808339A4296
:10DCD00004D1BB685B685A68BB685A60BB685B6804
:10DCE000DB68094A1360064AFB68136000BF1437FB
:10DCF000BD465DF8047B70474C17002038170020A4
:10DD00002C170020541200205012002080B584B03F
:10DD100000AF786039607B68002B0BD14FF0500367
:10DD200083F31188BFF36F8FBFF34F8FFB6000BF8A
:10DD300000BFFDE7074B1B68183319467868FEF7EC
:10DD400070FE0121386800F081FA00BF1037BD462F
:10DD500080BD00BF5012002080B586B000AFF860D3
:10DD6000B9607A60FB68002B0BD14FF0500383F34E
:10DD70001188BFF36F8FBFF34F8F7B6100BF00BF70
:10DD8000FDE70A4B1B6818331946F868FEF725FEB5
:10DD90007B68002B02D04FF0FF33BB607968B86816
:10DDA00000F054FA00BF1837BD4680BD5012002065
:10DDB00080B586B000AF78607B68DB68DB683B616C
:10DDC0003B69002B0BD14FF0500383F31188BFF355
:10DDD0006F8FBFF34F8FFB6000BF00BFFDE73B6954
:10DDE00018331846FEF756FE1D4B1B68002B1DD13D
:10DDF0003B6904331846FEF74DFE3B69DA6A194B5E
:10DE00001B689A4203D93B69DB6A164A13603B6977
:10DE1000DA6A13469B0013449B00134A1A443B6979
:10DE2000043319461046FEF7D8FD05E03B69183368
:10DE300019460E48FEF7D1FD3B69DA6A0C4B1B68A8
:10DE4000DB6A9A4205D901237B610A4B01221A60E1
:10DE500001E000237B617B6918461837BD4680BD11
:10DE60004C1700202C17002054120020E41600202C
:10DE7000501200203817002080B483B000AF7860C3
:10DE8000064B1A687B681A60054B1A687B685A60F3
:10DE900000BF0C37BD465DF8047B70473C1700207F
:10DEA0002817002080B588B000AF786039607B68A3
:10DEB000002B0BD14FF0500383F31188BFF36F8F0A
:10DEC000BFF34F8F3B6100BF00BFFDE73B68002BF6
:10DED0000BD14FF0500383F31188BFF36F8FBFF363
:10DEE0004F8FFB6000BF00BFFDE700F08DFE1D4BB4
:10DEF0001B68BB617B685B68BA69D31A7B613B684E
:10DF00001B68B3F1FF3F02D10023FB6123E07B6874
:10DF10001A68154B1B689A4207D07B685B68BA6920
:10DF20009A4202D30123FB6115E03B681B687A69C2
:10DF30009A420BD23B681A687B69D21A3B681A6016
:10DF40007868FFF799FF0023FB6104E03B6800223B
:10DF50001A600123FB6100F089FEFB691846203737
:10DF6000BD4680BD281700203C17002080B400AFBC
:10DF7000034B01221A6000BFBD465DF8047B704769
:10DF80003817002080B582B000AF786000F052F8FA
:10DF9000064B1B68012BF9D9054B4FF080521A60D4
:10DFA000BFF34F8FBFF36F8FF0E700BF5412002015
:10DFB00004ED00E080B582B000AF00237B600CE090
:10DFC0007A6813469B0013449B00124A1344184678
:10DFD000FEF7D6FC7B6801337B607B68372BEFD97B
:10DFE0000D48FEF7CDFC0D48FEF7CAFC0C48FEF7C5
:10DFF000C7FC0C48FEF7C4FC0B48FEF7C1FC0B4BFA
:10E00000054A1A600A4B054A1A6000BF0837BD4628
:10E0100080BD00BF54120020B4160020C816002096
:10E02000E4160020F816002010170020DC1600204F
:10E03000E016002080B582B000AF19E000F0E4FDEA
:10E04000104BDB68DB687B607B6804331846FEF7A7
:10E0500021FD0D4B1B68013B0B4A13600B4B1B68EA
:10E06000013B0A4A136000F001FE786800F010F8E6
:10E07000064B1B68002BE1D100BF00BF0837BD462F
:10E0800080BD00BFF8160020241700200C170020C8
:10E0900080B584B000AF78607B6893F85930002B6E
:10E0A00008D17B681B6B184600F09EFF786800F073
:10E0B0009BFF19E07B6893F85930012B03D17868F6
:10E0C00000F092FF10E07B6893F85930022B0BD0E0
:10E0D0004FF0500383F31188BFF36F8FBFF34F8F5F
:10E0E000FB6000BF00BFFDE700BF1037BD4680BD2D
:10E0F00080B483B000AF0C4B1B681B68002B04D1AD
:10E100000A4B4FF0FF321A6008E0074B1B68DB68D0
:10E11000DB687B607B685B68044A136000BF0C3778
:10E12000BD465DF8047B7047DC16002044170020D4
:10E1300080B483B000AF0B4B1B68002B02D10123CE
:10E140007B6008E0084B1B68002B02D102237B6038
:10E1500001E000237B607B6818460C37BD465DF804
:10E16000047B7047301700204C17002080B586B024
:10E1700000AF78607B683B6100237B617B68002B8C
:10E1800058D02F4B1B683A699A420BD04FF050037E
:10E1900083F31188BFF36F8FBFF34F8FFB6000BF16
:10E1A00000BFFDE73B691B6D002B0BD14FF0500307
:10E1B00083F31188BFF36F8FBFF34F8FBB6000BF36
:10E1C00000BFFDE73B691B6D5A1E3B691A653B6941
:10E1D000DA6A3B69DB6C9A422CD03B691B6D002BE1
:10E1E00028D13B6904331846FEF754FC3B69DA6CCE
:10E1F0003B69DA623B69DB6AC3F138023B699A61C9
:10E200003B69DA6A0F4B1B689A4203D93B69DB6AA8
:10E210000C4A13603B69DA6A13469B0013449B0067
:10E22000094A1A443B69043319461046FEF7D5FBE8
:10E2300001237B617B6918461837BD4680BD00BF4E
:10E24000501200202C1700205412002080B584B0FA
:10E2500000AF78603960214B1B68FB60204B1B6866
:10E2600004331846FEF716FC7B68B3F1FF3F0AD172
:10E270003B68002B07D01A4B1B680433194619481A
:10E28000FEF7ABFB26E0FA687B681344BB60144BD7
:10E290001B68BA685A60BA68FB689A4209D2124B86
:10E2A0001A680F4B1B68043319461046FEF7B9FB7A
:10E2B00010E00E4B1A680A4B1B68043319461046CF
:10E2C000FEF7AFFB0A4B1B68BA689A4202D2084AB3
:10E2D000BB68136000BF1037BD4680BD2817002003
:10E2E0005012002010170020E0160020DC1600203D
:10E2F0004417002080B58AB004AF00237B6100F092
:10E3000013FB1D4B1B68002B21D00023FB60002357
:10E31000BB603A1D07F1080107F10C031846FEF730
:10E3200015FB7968BB68FA68029201930223009397
:10E3300000230A4611491248FFF7D0F80346114A54
:10E340001360104B1B68002B01D001237B617B699C
:10E35000002B0BD14FF0500383F31188BFF36F8F65
:10E36000BFF34F8F3B6100BF00BFFDE77B691846DD
:10E370001837BD4680BD00BF80170020082E010859
:10E38000C1E400088417002080B58AB000AFF860AF
:10E39000B9607A603B6000237B62FB68002B0BD185
:10E3A0004FF0500383F31188BFF36F8FBFF34F8F8C
:10E3B0003B6200BF00BFFDE7194B1B68002B2AD052
:10E3C000BB683B617B687B61FB68BB61BB68052BFD
:10E3D00018DCFFF7ADFE0346022B09D1104B18687D
:10E3E00007F1100100233A6BFEF788FC786212E017
:10E3F0000B4B186807F1100100230022FEF77EFC8A
:10E40000786208E0064B186807F1100100233A68AB
:10E41000FEF776FD78627B6A18462837BD4680BDD8
:10E420008017002080B588B002AF78603960234B38
:10E430001B68DB68DB687B617B6904331846FEF789
:10E4400029FB7B6993F8283003F00403002B23D0C9
:10E450007B699A697B68D1187B683A68786900F0B3
:10E46000D5F80346002B20D00023009300237A68C0
:10E4700000217869FFF788FF38613B69002B14D1D0
:10E480004FF0500383F31188BFF36F8FBFF34F8FAB
:10E49000FB6000BF00BFFDE77B6993F8283023F0E5
:10E4A0000103DAB27B6983F828207B691B6A7869EB
:10E4B000984700BF1837BD4680BD00BF78170020C1
:10E4C00080B584B000AF786007F10803184600F00B
:10E4D00059F8F860BB681946F86800F005F800F0D4
:10E4E000D7F800BFF0E7000080B584B000AF7860D7
:10E4F0003960FFF737FA07F10803184600F066F8AD
:10E50000F860BB68002B30D13B68002B0AD17A68D9
:10E51000FB689A4206D8FFF733FAF9687868FFF784
:10E5200081FF24E03B68002B08D0134B1B681B685D
:10E53000002B01D1012300E000233B600F4B186842
:10E540007A68FB68D31A3A681946FEF793FFFFF71B
:10E5500017FA0346002B0AD1094B4FF080521A607C
:10E56000BFF34F8FBFF36F8F01E0FFF709FA00BFD2
:10E570001037BD4680BD00BF7C17002080170020EB
:10E5800004ED00E080B485B000AF78600E4B1B68EE
:10E590001B68002B01D1012200E000227B681A6079
:10E5A0007B681B68002B05D1074B1B68DB681B6869
:10E5B000FB6001E00023FB60FB6818461437BD4692
:10E5C0005DF8047B704700BF7817002080B584B0E9
:10E5D00000AF7860FFF772FAF8600B4B1B68FA68BF
:10E5E0009A4205D200F03AF97B6801221A6002E0F3
:10E5F0007B6800221A60044AFB681360FB681846B7
:10E600001037BD4680BD00BF8817002080B586B09A
:10E6100000AFF860B9607A603B6000237B61FB6803
:10E62000BA685A60FB68FA681A61BA687B689A42ED
:10E6300012D87A683B68D21AFB689B699A4202D367
:10E6400001237B611BE0104B1A68FB6804331946F9
:10E650001046FEF7E6F912E07A683B689A4206D265
:10E66000BA683B689A4202D301237B6107E0074BFB
:10E670001A68FB68043319461046FEF7D2F97B6925
:10E6800018461837BD4680BD7C170020781700203B
:10E6900080B58EB002AFCEE07B68002B19DA3B1D4F
:10E6A0000433FB62FB6A002B0BD14FF0500383F362
:10E6B0001188BFF36F8FBFF34F8FFB6100BF00BFA7
:10E6C000FDE7FB6A1B68FA6A5068FA6A92681146AD
:10E6D00098477B68002BC0F2AE80FB68BB62BB6AC8
:10E6E0005B69002B04D0BB6A04331846FEF7D2F9ED
:10E6F0003B461846FFF76AFF78627B68092B00F2F9
:10E70000978001A252F823F031E7000831E70008B2
:10E7100031E70008A7E70008BBE7000807E80008A2
:10E7200031E7000831E70008A7E70008BBE7000869
:10E73000BB6A93F8283043F00103DAB2BB6A83F86E
:10E740002820BA68BB6A9B69D118BB687A6AB86A24
:10E75000FFF75CFF0346002B6CD0BB6A1B6AB86AEC
:10E760009847BB6A93F8283003F00403002B61D06C
:10E77000BA68BB6A9B691A440023009300230021F6
:10E78000B86AFFF701FE38623B6A002B52D14FF0A6
:10E79000500383F31188BFF36F8FBFF34F8FBB61BB
:10E7A00000BF00BFFDE7BB6A93F8283023F00103E8
:10E7B000DAB2BB6A83F828203DE0BB6A93F82830C0
:10E7C00043F00103DAB2BB6A83F82820BA68BB6A57
:10E7D0009A61BB6A9B69002B0BD14FF0500383F306
:10E7E0001188BFF36F8FBFF34F8F7B6100BF00BFF6
:10E7F000FDE7BB6A9A697B6AD1187B6A7A6AB86A54
:10E80000FFF704FF17E0BB6A93F8283003F0020318
:10E81000002B03D1B86A00F0E7FB0CE0BB6A93F869
:10E82000283023F00103DAB2BB6A83F8282002E023
:10E8300000BF00E000BF084B1B68391D00221846CE
:10E84000FEF7FCFB0346002B7FF426AF00BF00BFA2
:10E850003037BD4680BD00BF8017002080B588B02E
:10E8600002AF49E02E4B1B68DB681B683B612C4BF9
:10E870001B68DB68DB68FB60FB6804331846FEF747
:10E8800009F9FB681B6AF8689847FB6893F8283019
:10E8900003F00403002B2FD0FB689B693A691344F3
:10E8A000BB60BA683B699A420ED9FB68BA685A6085
:10E8B000FB68FA681A611A4B1A68FB680433194638
:10E8C0001046FEF7AEF817E00023009300233A69E4
:10E8D0000021F868FFF758FD78607B68002B0BD1AA
:10E8E0004FF0500383F31188BFF36F8FBFF34F8F47
:10E8F0003B6000BF00BFFDE7094B1B681B68002B96
:10E90000B0D1074B1B687B61064B1B68044A136040
:10E91000044A7B69136000BF1837BD4680BD00BF45
:10E92000781700207C17002080B582B002AF00F07D
:10E930006BF9154B1B68002B20D11448FEF720F80B
:10E940001348FEF71DF8134B104A1A60124B104A79
:10E950001A6000230093114B114A10210A20FEF780
:10E960002DF90346084A1360074B1B68002B05D09E
:10E97000054B1B680B491846FEF752FD00F076F96F
:10E9800000BFBD4680BD00BF80170020501700208B
:10E9900064170020781700207C1700202C18002016
:10E9A0008C170020102E010880B485B000AFF860ED
:10E9B000B9607A60FB68043BFB60FB684FF08072D3
:10E9C0001A60FB68043BFB60BB6823F00102FB6834
:10E9D0001A60FB68043BFB600C4AFB681A60FB682A
:10E9E000143BFB607A68FB681A60FB68043BFB60C1
:10E9F000FB686FF002021A60FB68203BFB60FB685B
:10EA000018461437BD465DF8047B704711EA0008CC
:10EA100080B485B000AF00237B60134B1B68B3F15B
:10EA2000FF3F0BD04FF0500383F31188BFF36F8F7C
:10EA3000BFF34F8FFB6000BF00BFFDE74FF05003F7
:10EA400083F31188BFF36F8FBFF34F8FBB6000BF9D
:10EA500000BF7B68002BFCD000BF00BF1437BD4651
:10EA60005DF8047B704700BF4C01002000000000EF
:10EA7000074B19680868B0E8F04F80F30988BFF3C6
:10EA80006F8F4FF0000080F311887047AFF3008064
:10EA90005012002000BF00BF08480068006880F3E3
:10EAA00008884FF0000080F3148862B661B6BFF3A7
:10EAB0004F8FBFF36F8F00DF00BF00BF08ED00E096
:10EAC00080B586B000AF474B1B68474A93420BD1D5
:10EAD0004FF0500383F31188BFF36F8FBFF34F8F55
:10EAE0003B6100BF00BFFDE73E4B1B683F4A9342BE
:10EAF0000BD14FF0500383F31188BFF36F8FBFF337
:10EB00004F8FFB6000BF00BFFDE7394B7B617B6926
:10EB10001B78DBB27B607B69FF221A707B691B78F4
:10EB2000DBB2FB70FB78DBB203F05003DAB2314B9F
:10EB30001A70314B07221A6009E02F4B1B68013B0A
:10EB40002D4A1360FB78DBB25B00DBB2FB70FB7815
:10EB5000DBB203F08003802BEFD0274B1B68C3F19F
:10EB60000703042B0BD04FF0500383F31188BFF33E
:10EB70006F8FBFF34F8FBB6000BF00BFFDE71E4B21
:10EB80001B681B021C4A13601B4B1B6803F4E063E9
:10EB9000194A13607B68DAB27B691A70174B1B68DD
:10EBA000164A43F470031360144B1B68134A43F076
:10EBB0007043136000F0DAF8114B00221A6000F085
:10EBC000F9F8104B1B680F4A43F040431360FFF7FE
:10EBD00063FFFFF73DF8FFF71BFF002318461837C8
:10EBE000BD4680BD00ED00E071C20F4170C20F4113
:10EBF00000E400E07C1800208018002020ED00E0F8
:10EC00004C01002034EF00E080B483B000AF4FF03F
:10EC1000500383F31188BFF36F8FBFF34F8F7B6077
:10EC200000BF104B1B6801330E4A13600D4B1B686D
:10EC3000012B10D10C4B1B68DBB2002B0BD04FF01B
:10EC4000500383F31188BFF36F8FBFF34F8F3B6087
:10EC500000BF00BFFDE700BF0C37BD465DF8047B79
:10EC6000704700BF4C01002004ED00E080B483B089
:10EC700000AF124B1B68002B0BD14FF0500383F3F6
:10EC80001188BFF36F8FBFF34F8F7B6000BF00BF52
:10EC9000FDE70A4B1B68013B084A1360074B1B68E2
:10ECA000002B05D100233B603B6883F3118800BF34
:10ECB00000BF0C37BD465DF8047B70474C01002057
:10ECC000EFF30980BFF36F8F154B1A681EF0100F1A
:10ECD00008BF20ED108A20E9F04F10602DE90900EF
:10ECE0004FF0500080F31188BFF34F8FBFF36F8F49
:10ECF000FEF7AEFF4FF0000080F3118809BC1968E1
:10ED00000868B0E8F04F1EF0100F08BFB0EC108A92
:10ED100080F30988BFF36F8F704700BFAFF30080A7
:10ED20005012002000BF00BF80B582B000AF4FF08E
:10ED3000500383F31188BFF36F8FBFF34F8F7B6056
:10ED400000BFFEF7CBFE0346002B03D0064B4FF06F
:10ED500080521A6000233B603B6883F3118800BF38
:10ED600000BF0837BD4680BD04ED00E080B400AFB1
:10ED70000B4B00221A600B4B00221A600A4B1B68D7
:10ED80000A4AA2FB03239B09094A013B1360044B77
:10ED900007221A6000BFBD465DF8047B704700BFC4
:10EDA00010E000E018E000E040010020D34D6210C8
:10EDB00014E000E0DFF80C00016841F4700101602C
:10EDC000704700BF88ED00E080B485B000AFEFF37E
:10EDD0000583FB60FB680F2B15D9184AFB681344A9
:10EDE0001B78FB72164B1B78FA7A9A420BD24FF0C3
:10EDF000500383F31188BFF36F8FBFF34F8F7B6096
:10EE000000BF00BFFDE70F4B1B6803F4E0620E4B31
:10EE10001B689A420BD94FF0500383F31188BFF35C
:10EE20006F8FBFF34F8F3B6000BF00BFFDE700BF98
:10EE30001437BD465DF8047B704700BFF0E300E087
:10EE40007C1800200CED00E08018002080B58AB00E
:10EE500000AF78600023FB61FEF784FD5C4B1B680C
:10EE6000002B01D100F024F95A4B1A687B6813403B
:10EE7000002B40F095807B68002B1ED008227B6819
:10EE800013447B607B6803F00703002B15D07B687D
:10EE900023F0070308337B607B6803F00703002B34
:10EEA0000BD04FF0500383F31188BFF36F8FBFF384
:10EEB0004F8F7B6100BF00BFFDE77B68002B6FD0E9
:10EEC000454B1B687A689A426AD8444B3B62434B75
:10EED0001B687B6204E07B6A3B627B6A1B687B6227
:10EEE0007B6A5B687A689A4203D97B6A1B68002B4D
:10EEF000F1D1374B1B687A6A9A4251D03B6A1B6842
:10EF000008221344FB617B6A1A683B6A1A607B6AB9
:10EF10005A687B68D21A08235B009A4220D97A6A21
:10EF20007B681344BB61BB6903F00703002B0BD064
:10EF30004FF0500383F31188BFF36F8FBFF34F8FF0
:10EF40003B6100BF00BFFDE77B6A5A687B68D21A4D
:10EF5000BB695A607B6A7A685A60B86900F00AF93E
:10EF60001D4B1A687B6A5B68D31A1B4A13601A4BE5
:10EF70001A681B4B1B689A4203D2174B1B68184A2E
:10EF800013607B6A5A68134B1B681A437B6A5A608A
:10EF90007B6A00221A60134B1B680133114A13600D
:10EFA000FEF7EEFCFB6903F00703002B0BD04FF0DC
:10EFB000500383F31188BFF36F8FBFF34F8FFB6054
:10EFC00000BF00BFFDE7FB6918462837BD4680BD7E
:10EFD0008C540020A0540020905400208454002021
:10EFE000945400209854002080B586B000AF78601B
:10EFF0007B687B617B68002B4FD008235B427A697A
:10F0000013447B617B693B613B695A68254B1B68F4
:10F010001340002B0BD14FF0500383F31188BFF343
:10F020006F8FBFF34F8FFB6000BF00BFFDE73B69F1
:10F030001B68002B0BD04FF0500383F31188BFF3F4
:10F040006F8FBFF34F8FBB6000BF00BFFDE73B6911
:10F050005A68144B1B681340002B1ED03B691B6879
:10F06000002B1AD13B695A680E4B1B68DB431A40D0
:10F070003B695A60FEF776FC3B695A680A4B1B688D
:10F080001344094A1360386900F074F8074B1B6891
:10F090000133064A1360FEF773FC00BF1837BD4604
:10F0A00080BD00BFA0540020905400209C5400203C
:10F0B00080B485B000AF4FF47053BB60274BFB604A
:10F0C000FB6803F00703002B0CD0FB680733FB60E1
:10F0D000FB6823F00703FB60BA68FB68D31A1F4A7A
:10F0E0001344BB60FB687B601D4A7B6813601C4B4C
:10F0F00000225A607B68BA681344FB600822FB68F0
:10F100009B1AFB60FB6823F00703FB60FB68154A52
:10F110001360144B1B6800225A60124B1B680022BC
:10F120001A607B683B603B68FA68D21A3B685A6099
:10F130000C4B1A683B681A603B685B680A4A1360AC
:10F140003B685B68094A1360094B4FF000421A6044
:10F1500000BF1437BD465DF8047B7047841800205B
:10F16000845400208C54002094540020905400209B
:10F17000A054002080B485B000AF7860284BFB60BD
:10F1800002E0FB681B68FB60FB681B687A689A42B8
:10F19000F7D8FB68BB60FB685B68BA6813447A68A1
:10F1A0009A4208D1FB685A687B685B681A44FB681E
:10F1B0005A60FB687B607B68BB607B685B68BA6891
:10F1C0001A44FB681B689A4218D1FB681A68154BF1
:10F1D0001B689A420DD07B685A68FB681B685B68A5
:10F1E0001A447B685A60FB681B681A687B681A605F
:10F1F00008E00C4B1A687B681A6003E0FB681A6829
:10F200007B681A60FA687B689A4202D0FB687A6869
:10F210001A6000BF1437BD465DF8047B704700BF1D
:10F22000845400208C5400200A22002100F07AB877
:10F23000242B2DE9F0478646904601D8012B06D1B4
:10F2400000F07EFE162303600020BDE8F0873448FE
:10F250000D462A4615F8014B065D16F00806F8D152
:10F260002D2C2DD12C780126951C33F0100209D1BC
:10F27000302C2AD12A7802F0DF02582A25D16C7866
:10F280001023023506F1004C0CF1FF3C0022BCFBC0
:10F29000F3F9104603FB19CAA4F13007092F1BD854
:10F2A0003C46A34227DD571C07D0814520D301D11E
:10F2B000A2451DDB00FB0340012215F8014BEBE7E3
:10F2C0002B2C04BF2C78951CCFE7002BDAD1302CE7
:10F2D0000CBF08230A23D5E7A4F14107192F01D851
:10F2E000373CDEE7A4F16107192F04D8573CD8E773
:10F2F0004FF0FF32E1E7531C08D12223CEF8003053
:10F300006046B8F1000FA0D0691E06E006B1404289
:10F31000B8F1000F99D0002AF6D1C8F8001094E790
:10F320008D3A010813460A46014602480068FFF775
:10F330007FBF00BF5C0100202DE9FF4757EC106B39
:10F34000002F0C4619463B46BBBF07F100431F4642
:10F3500000232D230B700D9BDDF830A0914623F088
:10F360002008BCBF32461646B8F1460F05D0B8F1AA
:10F37000450F00D10134022100E0032103AB0193CA
:10F3800002AB009347EC106B5346224600F09CFE04
:10F39000B8F1470F054619D119F0010F0ED000EB57
:10F3A00004090022002330463946F1F78DFB08B1ED
:10F3B000CDF80C903022039B4B451ED3039B0E9A35
:10F3C0005B1B2846136004B0BDE8F087B8F1460F18
:10F3D00000EB0409E5D10378302B0AD10022002389
:10F3E00030463946F1F770FB18B9C4F10104CAF888
:10F3F0000040DAF800309944D3E7591C03911A70A1
:10F40000D9E7F7B50029BABF49422D232B23092993
:10F410000270437029DD0DF107031D460A271A46C5
:10F42000B1FBF7F607FB1614303402F8014C0C461A
:10F43000632C03F1FF333146F1DC3031941E03F8C5
:10F44000011C411C2346AB420AD30DF109039B1A50
:10F45000AC4288BF002302330344181A03B0F0BD46
:10F4600013F8016B01F8016FEDE730233031837041
:10F47000C170031DF1E700002DE9F04F8DB00C467F
:10F48000DDF8588016461F46054600F00FFD03685C
:10F4900004931846F0F7ECFE00230A93D8F80030E6
:10F4A0000590073323F0070303F1080294F818A02E
:10F4B000D4F800B0C8F80020D3E9008929F000434F
:10F4C0000793CDF81880C4E91289DDE906019C4B49
:10F4D0004FF0FF32F1F72AFB70BBDDE90601984BD4
:10F4E0004FF0FF32F1F704FB30BB0022002340460F
:10F4F0004946F1F7F3FA10B12D2384F84330914ACD
:10F50000914BBAF1470F94BF90469846032323616D
:10F510002BF0040323604FF00009009733460BAA39
:10F520002146284600F0D2F9013040F08D804FF09E
:10F53000FF300DB0BDE8F08F42464B46404649468D
:10F54000F1F7F4FA40B14B46002BBCBF2D2384F8F1
:10F5500043307E4A7E4BD4E763680AF0DF020692AE
:10F560005A1C3BD1062363604BF480620023226067
:10F5700003930AABCDE901A309AB0093616849ECA1
:10F58000108B0DF123032846FFF7D6FE069B099941
:10F59000472B804629D1C81C02DB6368994241DDB4
:10F5A000AAF1020A5FFA8AFA0139524604F15000C0
:10F5B0000991FFF726FF0A9A1318012A8146236151
:10F5C00002DC2268D20701D5013323619DF8233084
:10F5D000002BA2D02D2384F843309EE7069A472AB9
:10F5E000C2D1002BC0D10123BDE7BAF1650FDBD931
:10F5F000BAF1660F18D1002963680BDD216113B9D8
:10F600002268D00702D501330B442361A1654FF076
:10F610000009DBE713B92268D20701D50233F4E70A
:10F620000123F2E74FF0670A0A9B994205DB236842
:10F630002161D807EAD54B1CE7E70029D4BFC1F107
:10F64000020201221344E0E723685A0507D4236924
:10F65000424631462846B84701302BD167E7BAF118
:10F66000650F40F2DD80D4E9120100220023F1F79A
:10F670002BFA002833D0374A012331462846B847B1
:10F6800001303FF454AFDDE90938434502DB23681C
:10F69000D8070FD5DDE9042331462846B8470130A5
:10F6A0003FF445AF4FF0000908F1FF3804F11A0AA2
:10F6B000C84509DC23689B0700F10381E0680B9BC8
:10F6C0009842B8BF184634E70123524631462846CF
:10F6D000B84701303FF42BAF09F10109E8E7099B76
:10F6E000002B39DC1B4A012331462846B84701303C
:10F6F0003FF41DAFDDE9093959EA030302D123685C
:10F70000D907D7D5DDE9042331462846B84701306B
:10F710003FF40DAF4FF0000A04F11A0B099B5B4256
:10F72000534501DC4B4693E701235A4631462846B0
:10F73000B84701303FF4FBAE0AF1010AEEE700BF23
:10F74000FFFFEF7F8D3B0108913B0108953B0108CE
:10F75000993B01089D3B0108A36DDDF828A05345A6
:10F76000A8BF5346002B994636DC4FF0000B29EA20
:10F77000E97904F11A02A36D0693A3EB09035B4533
:10F7800031DC099B9A453ADC2368DA0737D4099BB8
:10F79000AAEB0309069BAAEB03039945A8BF994668
:10F7A000B9F1000F33DC4FF0000829EAE97904F1E0
:10F7B0001A0B099BAAEB0303A3EB090343457FF74D
:10F7C00079AF01235A4631462846B84701303FF405
:10F7D000AEAE08F10108ECE7424631462846B8478C
:10F7E0000130C2D1A3E60123314628460692B8472C
:10F7F00001303FF49CAE069A0BF1010BBBE7DDE94B
:10F80000042331462846B8470130C0D18FE6069A16
:10F810004B46424431462846B8470130C3D186E6BC
:10F82000DDF828A0BAF1010F01DCDB0736D5012392
:10F83000424631462846B84701303FF478AEDDE90C
:10F84000042331462846B84701303FF470AED4E96E
:10F850001201002200230AF1FF3AF1F735F9C0B98D
:10F86000534608F1010231462846B84701300CD111
:10F870005DE601235A4631462846B84701303FF439
:10F8800056AE08F10108D045F3DB4B4604F15002B7
:10F89000DFE64FF0000804F11A0BF4E701234246BB
:10F8A000E1E701234A4631462846B84701303FF494
:10F8B0003EAE08F10108E3680B995B1A4345F0DCA2
:10F8C000FCE64FF0000804F11909F4E72DE9F047D0
:10F8D000164698468A680B69DDF820909342B8BFB7
:10F8E0001346336091F8432007460C460AB10133B2
:10F8F00033602368990642BF33680233336025685A
:10F9000015F0060506D104F1190AE36832689B1A5E
:10F91000AB4226DC94F843302268003B18BF012339
:10F9200092062BD404F1430241463846C8470130C1
:10F930001ED02368226903F00603042B02BFE5688A
:10F940003368ED1AA3680CBF25EAE57500259342DC
:10F95000C4BF9B1AED1800261A34B5421AD10020F4
:10F9600008E00123524641463846C847013003D1DA
:10F970004FF0FF30BDE8F0870135C6E7E1185A1CAB
:10F98000302081F84300224494F8451082F8431057
:10F990000233C7E70123224641463846C8470130B3
:10F9A000E6D00136D9E700002DE9FF470F7E0C9E17
:10F9B000782F914680460C469A4601F1430207D8BB
:10F9C000622F0AD8002F00F0D280582F00F0B980A3
:10F9D00004F1420684F842703AE0A7F16303152B64
:10F9E000F6D801A151F823F041FA000855FA0008B1
:10F9F000D1F90008D1F90008D1F90008D1F90008BF
:10FA000055FA0008D1F90008D1F90008D1F9000829
:10FA1000D1F9000855FB00087FFA00080FFB000829
:10FA2000D1F90008D1F9000877FB0008D1F90008E6
:10FA30007FFA0008D1F90008D1F9000817FB000887
:10FA400033681A1D1B68326004F1420684F84230A4
:10FA500001239DE033682068191D3160060601D539
:10FA60001D6803E04506FBD5B3F90050002D03DA0D
:10FA70002D236D4284F8433059480A2311E0216850
:10FA80003368080653F8045B02D4490648BFADB298
:10FA90006F2F5348336014BF0A230823002184F8D2
:10FAA00043106668A660002EA2BF216821F0040101
:10FAB00021600DB9002E4BD01646B5FBF3F103FBC8
:10FAC0001157C75D06F8017D2F46BB420D46F4D99C
:10FAD000082B0BD12368DF0708D523696168994299
:10FAE000DEBF302306F8013C06F1FF36921B22618F
:10FAF000CDF800A04B4603AA21464046FFF7E6FE9C
:10FB000001304AD14FF0FF3004B0BDE8F0872368E0
:10FB100043F0200323603348782784F84570236836
:10FB200031681F0651F8045B02D45F0648BFADB2CE
:10FB30003160D90744BF43F0200323601DB1102377
:10FB4000ACE72748E9E7236823F020032360F6E7C2
:10FB50001646BDE7336825686169181D30602E06BA
:10FB60001B6801D5196002E06806FBD519800023E7
:10FB700023611646BCE733681A1D32601E6862684E
:10FB800000213046F0F724FB08B1801B60606368F9
:10FB90002361002384F84330AAE7236932464946AB
:10FBA0004046D0470130ADD023689B0713D4E068AE
:10FBB000039B9842B8BF1846A6E701233246494640
:10FBC0004046D04701309DD00135E36803995B1A68
:10FBD000AB42F2DCEBE7002504F11906F5E700BFC4
:10FBE0009F3B0108B03B0108002310B50446C0E963
:10FBF0000033C0E90433836081814366C28183613D
:10FC0000194608225C3000F048F90D4B63620D4B39
:10FC1000A3620D4BE3620D4B23630D4B24629C42A8
:10FC200006D003F16802944202D0D0339C4205D141
:10FC300004F15800BDE8104000F0ACB910BD00BFA1
:10FC400015FE000837FE00086FFE000893FE00084E
:10FC5000A4540020024A0349034800F069B800BFD9
:10FC6000500100200D1901086001002041680C4B73
:10FC7000994210B5044601D001F048FEA168094B35
:10FC8000994202D0204601F041FEE168064B9942BC
:10FC900004D02046BDE8104001F038BE10BD00BFC2
:10FCA000A45400200C5500207455002010B50B4BB7
:10FCB0000B4C0C4A1A60204600220421FFF794FFE7
:10FCC00004F1680001220921FFF78EFF04F1D00042
:10FCD0000222BDE810401221FFF786BFDC5500204C
:10FCE000A454002055FC0008014800F054B900BF9E
:10FCF000E5550020014800F04FB900BFE555002050
:10FD000010B50446FFF7F0FF236A1BB1BDE81040B1
:10FD1000FFF7F0BF044B2362044B1B68002BF5D1A7
:10FD2000FFF7C4FFF2E700BF6DFC0008DC550020C0
:10FD30002DE9F8430746884614460026D4E9019584
:10FD4000B9F1010905D52468002CF7D13046BDE88A
:10FD5000F883AB89012B07D9B5F90E30013303D0F5
:10FD600029463846C04706436835E9E70CB430B544
:10FD7000174B0C1E1D689DB008DA8B232B604FF0CB
:10FD8000FF301DB0BDE8304002B070474FF4027341
:10FD9000ADF8143014BF04F1FF33234604930793E6
:10FDA0004FF6FF7302900690ADF81630209A21AB03
:10FDB00002A92846019301F029FC431CBCBF8B23F8
:10FDC0002B60002CDDD0029B00221A70D9E700BF07
:10FDD0005C0100200EB400B59CB01DAB02900690F3
:10FDE0006FF00041094807910491094953F8042B29
:10FDF00005910068019302A901F008FC029B002212
:10FE00001A701CB05DF804EB03B070475C01002071
:10FE10000802FFFF10B50C46B1F90E1000F06CF8A7
:10FE20000028ABBF636DA3891B1823F48053ACBFBC
:10FE30006365A38110BD2DE9F0411F468B89DB0569
:10FE400005460C46164605D5B1F90E1002230022D0
:10FE500000F040F8A389B4F90E1023F48053A38175
:10FE600032463B462846BDE8F04100F057B810B591
:10FE70000C46B1F90E1000F02DF8431CA38915BFF4
:10FE8000606523F4805343F48053A38118BFA3819A
:10FE900010BDB1F90E1000F00DB8024403469342B4
:10FEA00000D1704703F8011BF9E7000000487047D4
:10FEB0009C02002038B5064D0023044608462B60FE
:10FEC000F6F7F8FF431C02D12B6803B1236038BD5D
:10FED000E055002038B5074D04460846114600227B
:10FEE0002A601A46F7F70DF8431C02D12B6803B1BC
:10FEF000236038BDE055002038B5074D044608465C
:10FF0000114600222A601A46F6F79BFF431C02D1D5
:10FF10002B6803B1236038BDE055002038B5074D8C
:10FF200004460846114600222A601A46F6F7A6FF44
:10FF3000431C02D12B6803B1236038BDE05500207B
:10FF4000014B1868704700BF5C01002070B50D4D73
:10FF50000D4C641BA4100026A64209D10B4D0C4C7D
:10FF600002F0BAFE641BA4100026A64205D170BDA3
:10FF700055F8043B98470136EEE755F8043B98479F
:10FF80000136F2E7F8410108F8410108F84101089B
:10FF9000FC4101087047704770470A44914200F1E4
:10FFA000FF3300D1704710B511F8014B03F8014F32
:10FFB0009142F9D110BD2DE9F74F03690C69A342B5
:10FFC00007467EDB013C01F11408A30000F1140593
:10FFD000009305EB8403019358F8243055F824204E
:10FFE00001339A4208EB8409B2FBF3F62ED34FF0AB
:10FFF000000AC446AE46D3465CF8043B98B206FB02
:020000040801F1
:1000000000A0020C1B0C06FB0323DEF8002080B2CC
:1000100092B2121A5A44DEF800004FEA134A9BB219
:10002000C3EB224303EB104392B242EA0342E145A1
:100030004EF8042B4FEA234BDED2009BEB582BB932
:10004000019B043B9D421A462FD33C61384601F088
:1000500079F9002825DB2946002058F8042BD1F82F
:1000600000C01FFA82FE1FFA8CF3A3EB0E030344B9
:10007000120CC2EB234202EB1C429BB243EA024346
:10008000C14541F8043B4FEA2240E6D255F824200E
:1000900005EB840322B9043B9D421A460BD33C6115
:1000A0000136304603B0BDE8F08F1268043B002AE9
:1000B000CBD1013CC6E71268043B002AEFD1013CDA
:1000C000EAE70020EEE700002DE9F04FC76999B09C
:1000D0008DED020B55EC104B229E099183460E923A
:1000E00013937FB9102000F0FDFD0246CBF81C00F1
:1000F00020B9A74BEF21A74801F05AFCC0E90177CE
:100100000760C760DBF81C30196859B15A684A604B
:10011000012393408B60584600F0DAFEDBF81C3078
:1001200000221A602B1EB9BF23F000430393002363
:100130003360039F984BBCBF01223260BB4312D196
:10014000139A42F20F731360C7F31303234300F0B3
:100150004D85239BDFF854A2002B00F04F850AF158
:10016000030300F049BD9DED027B002251EC170B0B
:1001700000238DED0C7BF0F7A7FC804658B1139A55
:1001800001231360239B13B1239A844B1360DFF880
:1001900020A200F033BD9DED0C0B16AA17A95846FE
:1001A00001F080F9C7F30A568146002E77D00D9BE7
:1001B000CDF85080C3F31303DDE90C0143F07F5306
:1001C00043F44013A6F2FF3619460022744BF0F7B1
:1001D0005BF869A3D3E90023F0F70EFA68A3D3E92B
:1001E0000023F0F753F8044630460D46F0F79AF92D
:1001F00065A3D3E90023F0F7FFF902460B4620463A
:100200002946F0F743F804460D46F0F7A5FC002216
:100210000746002320462946F0F760FC40B13846E7
:10022000F0F780F922462B46F0F74EFC00B9013F6B
:10023000162F51D85B4B03EBC703D3E90023DDE94D
:100240000C01F0F74BFC002848D0013F002312932B
:10025000169B9B1B5A1E44BFC3F101080023089242
:1002600054BF4FF000080893002F39DB089B0F970D
:100270003B44089300230A93099B092B64D8052B60
:10028000C4BF043B0993099BA3F10203CCBF002424
:100290000124032B63D8DFE803F02A373555DDE965
:1002A00016631E4406F23243202BC1BFC3F1400344
:1002B0009F4006F2124324FA03F3D6BFC3F1200392
:1002C00047EA030004FA03F0F0F71CF90122A1F158
:1002D000F873013E149277E70123B8E71290B7E76D
:1002E0007B420A930023A8EB07080F93C4E700237F
:1002F0000B930E9B002B35DC0123009307931A46CA
:100300000E920BE00123F3E700230B930E9BFB18E7
:1003100000930133012B0793B8BF0123DBF81C00C6
:100320000021042202F114059D421FD94160584664
:1003300000F08EFD824600283CD11B4B024640F265
:10034000AF11D8E60123E0E70124002309930B94C1
:100350004FF0FF330093079300221223D0E70123CD
:100360000B93F5E70E9B00930793D7E701315200FB
:10037000D8E700BFAFF3008061436F63A787D23F28
:10038000B3C8608B288AC63FFB799F501344D33F84
:10039000CE3B0108E53B01080000F07F9E3B0108D1
:1003A0000000F83FE03C01083D3C0108CA3B010861
:1003B0009D3B0108DBF81C301860079B0E2B00F2F8
:1003C000A480002C00F0A180002F33DDAD4B07F09E
:1003D0000F0203EBC20393ED007BF8058DED047B68
:1003E0004FEA271416D5A84BDDE90C01D3E9082301
:1003F000F0F72CFACDE9020104F00F040326A24D18
:1004000054B9DDE90423DDE90201F0F71FFACDE973
:10041000020128E00226F2E7E10708D5DDE9040140
:10042000D5E90023F0F7E8F8CDE9040101366410BE
:100430000835E5E700F0D2807C42924B924D04F003
:100440000F0203EBC203D3E90023DDE90C01F0F74F
:10045000D3F8CDE90201241100230226002C40F03C
:10046000B280002BD3D1129BDDE90245002B00F0B6
:10047000B780864B002220462946F0F72FFB002844
:1004800000F0AE80079B002B00F0AA80009B002BA1
:1004900037DD7B1E049320467D4B00222946F0F772
:1004A000ABF8CDE90201009C01363046F0F73AF88E
:1004B000DDE90223F0F7A0F8764B0022EFF7E6FE25
:1004C0000546A1F15076002C40F08D80DDE9020157
:1004D000714B0022EFF7D8FE02460B46CDE902230E
:1004E0002A463346F0F718FB002840F08B82DDE9FE
:1004F00002012A4606F10043F0F7F0FA002840F026
:100500002881DDE90C34CDE90234179B002BC0F2C1
:100510005A810E2F00F357815A4B03EBC70393ED1B
:10052000007B0E9B002B8DED007B03DA079B002BDD
:1005300040F30181DDE902455646DDE9002320460E
:100540002946F0F783F9F0F707FB8046EFF7EAFF5B
:10055000DDE90023F0F750F802460B462046294615
:1005600008F13004EFF790FE06F8014B079DA6EB6B
:100570000A04A54202460B4640F01781EFF786FEBB
:10058000DDE9002304460D46F0F7C6FA002840F0E6
:10059000F980DDE9002320462946F0F795FA18B1E5
:1005A00018F0010F40F0EE804946584600F090FCEC
:1005B00000233370139B01371F60239B002B00F037
:1005C0001D831E601AE3E20705D5D5E90023F0F785
:1005D00013F801360123641008353FE7022642E78D
:1005E000079C049761E7274B0B9903EBC40353E97E
:1005F00002235444002953D028490020F0F726F95B
:1006000033462A46EFF740FECDE910015646DDE9B4
:100610000201F0F7A1FA0546EFF784FF02460B4608
:10062000DDE90201EFF730FE303502460B46CDE939
:10063000022306F8015BDDE91023F0F74FFA0028EA
:1006400071D1DDE9022311490020EFF71DFEDDE93C
:100650001023F0F743FA002840F09580A6423FF4BB
:1006600050AFDDE910010A4B0022EFF7C5FF084B40
:10067000CDE910010022DDE90201EFF7BDFFCDE970
:100680000201C4E7E03C0108B83C01080000F03F6B
:100690000000244000001C40000014400000E03F27
:1006A00031462846EFF7A8FFCDE9100115945646CC
:1006B000DDE90201F0F750FA0546EFF733FF024695
:1006C0000B46DDE90201EFF7DFFD303506F8015B8F
:1006D00002460B46A642CDE902234FF0000224D188
:1006E000AC4BDDE91001EFF7D1FD02460B46DDE929
:1006F0000201F0F711FA002845D1DDE91023A549E0
:100700000020EFF7C1FD02460B46DDE90201F0F7DC
:10071000E5F900283FF4F5AE159E731E159316F803
:10072000013C302BF8D0049F3EE79B4BEFF764FF72
:10073000CDE90201BCE70CD1984B0022DDE90001B4
:10074000EFF75AFFDDE90223F0F7DCF9002800F0AB
:100750005781002425460E9BDB4304935646002711
:100760002146584600F0B4FB002DDCD02FB1AF423B
:1007700003D03946584600F0ABFB2946584600F0F6
:10078000A7FBD0E7049733461E4613F8012D392AFC
:1007900007D19A45F8D1049A0132049230228AF89E
:1007A00000201A7801321A70BDE77B4B0022EFF768
:1007B00023FF0022002304460D46F0F785F90028A8
:1007C0003FF4BBAEF0E60B9A002A00F0DB80099AFA
:1007D000012A00F3BF80149A002A00F0B78003F2C8
:1007E00033430A9C4646089A01211A4458469844C5
:1007F000089200F021FC05465EB1089B002B08DD45
:10080000B342089AA8BF3346A8EB0308F61AD31AD6
:1008100008930A9BF3B10B9B002B00F0B7808CB1BF
:1008200029462246584600F0C7FC4A46014605467E
:10083000584600F017FC49460490584600F048FB23
:10084000049B99460A9B1A1B04D04946584600F05F
:10085000B3FC81460121584600F0EEFB0F9B044695
:10086000002B00F0CF811A460146584600F0A4FC48
:10087000099B012B044600F39580029B002B40F05E
:100880008780039BC3F31303002B40F08980039BF5
:1008900023F000431B0D1B052BB1089B013308936C
:1008A00008F1010801230A930F9B002B00F0B0818F
:1008B000236904EB8303186900F072FBC0F1200088
:1008C000089B184410F01F0077D0C0F12003042BC0
:1008D0006BDD089BC0F11C00034480440644089370
:1008E000B8F1000F05DD49464246584600F0BEFC0F
:1008F0008146089B002B05DD21461A46584600F02C
:10090000B5FC0446129B002B59D02146484600F006
:1009100019FD002853DA7B1E0493494600230A225E
:10092000584600F0F7FA0B9B8146002B00F07281CD
:10093000002329460A22584600F0ECFA009B002BBF
:10094000054667DC099B022B41DC63E0169BC3F183
:10095000360346E7079B5C1E0A9BA342BFBF0A9B68
:100960000F9A0A94E31AB4BFD2181C1B079BBCBF92
:100970000F920024002BB5BFA8EB0306079B0023B2
:10098000464630E70A9C0B9D464635E70A9A5CE7E7
:10099000002388E70000E03F0000244000001440EE
:1009A000029B80E700230A9382E799D0089A1C33C0
:1009B0001A4498441E44089292E70346F6E7079BC0
:1009C0000497002B20DC0093099B022B1EDD009B6B
:1009D000002B7FF4C0AE21460522584600F09AFA5B
:1009E00001460446484600F0ADFC00287FF7B3AE50
:1009F0005646312306F8013B049B01330493AEE6CF
:100A0000079C04972546F3E7079B00930B9B002B5D
:100A100000F00481002E05DD29463246584600F0DC
:100A200025FC05460A9B002B5AD06968584600F001
:100A30000FFA064628B9844B024640F2EF21FFF731
:100A40005ABB2A690232920005F10C010C30FFF703
:100A5000A4FA01223146584600F008FC0AF10103CD
:100A60000793009B53440B93029B03F001032F4613
:100A70000A930546079B2146013B48460093FFF732
:100A80009AFA3946029000F13008484600F05AFCC4
:100A90002A4608902146584600F070FCC268064677
:100AA00002BB0146484600F04DFC0246314658461E
:100AB0000E9200F00DFA099B0E9A079E43EA02017E
:100AC0000A9B194310D1B8F1390F29D0089B002B8C
:100AD00002DD029B03F13108009B83F800803FE6B2
:100AE0002846BBE70122E1E7089B002B04DB0999BC
:100AF0000B430A990B4320D1002AEDDD4946012220
:100B0000584600F0B3FB2146814600F01BFC00284C
:100B100003DCE1D118F0010FDED0B8F1390FD8D1E4
:100B2000009A3923137033461E46013B16F8012CF8
:100B3000392A52D001321A7012E6002A07DDB8F1C4
:100B4000390FEDD0009A08F10103137008E6079BF6
:100B5000079A03F8018C0B9B934228D04946002347
:100B60000A22584600F0D6F9AF4281464FF0000302
:100B70004FF00A023946584607D100F0CBF9074634
:100B80000546079B0133079374E700F0C3F9294634
:100B9000074600230A22584600F0BCF90546F0E754
:100BA000009B002BCCBF1E46012656440027494619
:100BB0000122584600F05AFB2146814600F0C2FB54
:100BC0000028B0DC02D118F0010FACD133461E462C
:100BD00013F8012D302AFAD0C2E59A45A4D1049B1E
:100BE0000133049331238AF80030B9E5239BDFF801
:100BF0005CA01BB10AF10803239A1360504619B098
:100C0000BDE8F08F099B012B7FF737AE0F9B0A934E
:100C1000012055E6009B002B7FF7D6AE56462146B5
:100C20004846FFF7C8F900F1300806F8018B009B31
:100C3000A6EB0A029342B3DD494600230A22584636
:100C400000F068F98146EAE73D3C0108C13B010834
:100C500038B50546002941D051F8043C0C1F002B43
:100C6000B8BFE41800F0E8F81D4A136833B96360B0
:100C700014602846BDE8384000F0E4B8A34208D923
:100C8000206821188B4201BF19685B680918216030
:100C9000EDE71A465B680BB1A342FAD91168501808
:100CA000A0420BD120680144501883421160E0D16A
:100CB00018685B68536008441060DAE702D90C23B7
:100CC0002B60D6E7206821188B4204BF19685B6847
:100CD000636004BF091821605460CAE738BD00BFD3
:100CE000EC550020024B0146186800F025B800BF03
:100CF0005C01002070B50F4E0C463168054611B9F5
:100D000000F046FE30602146284600F041FE431CBC
:100D100003D14FF0FF34204670BDC41C24F00304FF
:100D2000A042F8D0211A284600F032FE0130F2D15C
:100D3000EFE700BFE85500202DE9F843CD1C25F072
:100D4000030508350C2D38BF0C25002D064601DBA8
:100D5000A94204D90C2333600020BDE8F883DFF8F2
:100D6000D48000F069F8D8F800301C4644BB29460E
:100D70003046FFF7BFFF431C044658D1D8F8004067
:100D80002746002F43D1002C4BD0236839463046EC
:100D900004EB030900F0FCFD814542D121686D1A86
:100DA00029463046FFF7A6FF01303AD023682B448E
:100DB0002360D8F800305A6862BBC8F800700FE0B2
:100DC0002268521B20D40B2A17D96119A34225602F
:100DD00018BF5960636808BFC8F8001062514B60C3
:100DE000304600F02FF804F10B00231D20F007001F
:100DF000C21A1CBF1B1AA350AFE76268A3420CBF04
:100E0000C8F800205A60EBE723466468AEE73C462A
:100E10007F68B6E71A465B68A342FBD100235360A4
:100E2000DEE70C233360304600F00CF894E70560F1
:100E3000D6E700BFEC5500200148FFF7ACB800BF73
:100E4000E45500200148FFF7A7B800BFE455002093
:100E500070B5C66904460D4676B91020FFF742FF0B
:100E60000246E06120B9184B18486B2100F0A0FD44
:100E7000C0E901660660C660E669F36883B1E369AC
:100E8000DB6853F82500B8B9012101FA05F6721D97
:100E90009200204600F0AAFD60B1C0E901560EE0C4
:100EA00021220421204600F0A1FDE369F060DB6807
:100EB000002BE4D1002070BD026843F825200023F8
:100EC000C0E90333F7E700BFCE3B01084E3C010801
:100ED00070B5C66905460C4676B91020FFF702FFCB
:100EE0000246E86120B9094B09488F2100F060FDF6
:100EF000C0E901660660C6603CB1EB696268DB6808
:100F000053F82210216043F8224070BDCE3B010807
:100F10004E3C01082DE9F0410D6907460C461E467E
:100F200001F1140C0020DCF8003099B202FB0161E1
:100F30001E0C0B0C02FB063389B2013001EB03419E
:100F400085424CF8041B4FEA1346ECDC0EB3A36851
:100F5000AB4219DC616838460131FFF779FF804602
:100F600028B902460C4B0D48BA2100F021FD226938
:100F7000023204F10C0192000C30FFF70EF821460A
:100F80003846FFF7A5FF444604EB850301355E6153
:100F900025612046BDE8F0813D3C01084E3C01083A
:100FA000B0F5803F034636BF030400201020B3F1A4
:100FB000807F3CBF1B020830B3F1805F3CBF1B0148
:100FC0000430B3F1804F3CBF9B000230002B05DBA7
:100FD00013F0804F00F1010008BF20207047036824
:100FE000024613F007000BD0D90721D4980749BF58
:100FF0005B089B08012013605CBF136002207047F0
:1010000099B209B91B0C1020D9B209B908301B0AD2
:10101000190704BF1B090430990704BF9B0802305D
:10102000D90703D45B0800F1010003D013607047B7
:10103000002070472020704710B50C460121FFF7B3
:1010400007FF024628B9054B054840F2451100F05C
:10105000AFFC01234461036110BD00BF3D3C0108AA
:101060004E3C01082DE9F04F14460A6923699A4263
:10107000A8BF23460F46A4BF0C461F46D4F810A0B5
:10108000D7F81090A36861680AEB0906B34285B0EF
:10109000B8BF0131FFF7DCFE30B90246444B45488A
:1010A0004FF4B17100F084FC00F1140505EB8608E3
:1010B0002B460022434521D307F1140104F1140209
:1010C00002EB8A0201EB89030293131B153B23F009
:1010D0000303043304F11507BA4238BF0423019314
:1010E000029B03918B420CD8002E03DD58F8043D7F
:1010F000002B5BD0066105B0BDE8F08F43F8042BF0
:10110000D8E7B1F800A0BAF1000F24D004F1140E12
:10111000A9464FF0000C5EF8047BD9F800301FFAA6
:1011200087FB9BB20AFB0B334FEA174BD9F80070D1
:1011300063444FEA174C0AFB0BC707EB13479BB2FC
:1011400043EA0743724549F8043B4FEA174CE2D89B
:10115000019B45F803C0039BB3F802900431B9F139
:10116000000F21D02B6804F1140CAE464FF0000A9A
:10117000BCF800B0BEF8027009FB0B7757449BB275
:1011800043EA07434EF8043B5CF8043B4FEA134A3A
:10119000BEF8003009FB0A3303EB174362454FEA00
:1011A000134AE5D8019FEB51043599E7013E9BE7CF
:1011B0003D3C01084E3C01082DE9F843154612F06C
:1011C000030207460E4607D0254C013A002354F887
:1011D0002220FFF79FFE0646AD103DD0FC697CB98A
:1011E0001020FFF77FFD0246F86128B91D4B1E480D
:1011F00040F2B31100F0DCFBC0E901440460C460BC
:10120000D7F81C80D8F808404CB940F27121384614
:10121000FFF712FF0023C8F80800044603604FF0F0
:101220000009EB070AD5314622463846FFF71AFF78
:10123000314680463846FFF74BFE46466D100BD0D0
:10124000206838B9224621463846FFF70BFF206058
:10125000C0F800900446E4E73046BDE8F88300BFDC
:10126000A83C0108CE3B01084E3C01082DE9F0479F
:101270000C464968236903EB6218A3680746914648
:101280004FEA621A08F10106B3420BDB3846FFF75A
:10129000DFFD054648B90246284B29484FF4EF7157
:1012A00000F086FB01315B00EEE7002300F1140142
:1012B00000F110021846534533DB20692AEAEA7A26
:1012C00004F1140319F01F0901EB8A0103EB800CF0
:1012D0002BD0C9F1200E8A460022186800FA09F0C6
:1012E00010434AF8040B53F8042B9C4522FA0EF2E3
:1012F000F3D8ACEB0403153B23F00303043304F1F0
:101300001500844538BF0423CA500AB108F102060B
:10131000013E38462E612146FFF7DAFD2846BDE83A
:10132000F08742F8040F0133C5E7043953F8042B62
:1013300041F8042F9C45F9D8EAE700BF3D3C01087D
:101340004E3C01080A6903460069801A30B50ED187
:101350001433143103EB820401EB820154F8045D71
:1013600051F8042D954203D005D24FF0FF3030BD27
:10137000A342F3D3FBE70120F9E700002DE9F74F83
:1013800089460646114648461446FFF7DBFF051E10
:1013900012D129463046FFF75BFD024628B93F4B84
:1013A00040F237213E4800F003FB0123C0E9043539
:1013B000104603B0BDE8F08FBCBF4B46A146304697
:1013C000D9F80410BABF1C4601250025FFF740FDDF
:1013D000024618B9314B40F24521E3E7D9F81070C5
:1013E0002669C56009F1100309F1140504F1140E12
:1013F00000F1140B05EB87080EEB86060193D94626
:101400004FF0000C019B5EF8040B53F804AF0193FE
:101410001FFA8AF3194683B2CB1A000C6344C0EB5F
:101420001A4000EB23409BB243EA0043764549F85B
:10143000043B4FEA204CE5D8331B153B23F0030354
:1014400015340433A64238BF04231D445B441E46B2
:101450002C4644450ED308F10301491B21F003013A
:10146000033DA84538BF00210B4453F8041D91B13A
:1014700017619DE754F8041BE646080C1CFA81FC32
:10148000714400EB2C4089B241EA004146F8041B4C
:101490004FEA204CDDE7013FE7E700BF3D3C010894
:1014A0004E3C01082DE9F7430F46012159EC108B02
:1014B0001646FFF7CDFC044630B90246234B2448BC
:1014C00040F20F3100F074FAC9F30A55C9F313035F
:1014D0000DB143F480130193B8F1000323D06846A3
:1014E0000093FFF77CFDDDE90012D0B1C0F12003CD
:1014F00002FA03F30B43C24063610192019BA361B3
:10150000002B0CBF012202222261A5B1A5F23345B6
:1015100005443D60C0F135003060204603B0BDE8B1
:10152000F0836161EAE701A8FFF759FD019B636160
:1015300020300122E8E704EB8203A0F23240386059
:101540001869FFF72DFDC0EB4210E5E73D3C0108AF
:101550004E3C01082DE9F0478E681F46BE420B68DD
:1015600082460C4690462DD8B1F90C2012F4906FAB
:1015700026D06569096905EB4505A3EB010905EB73
:10158000D5757B1C4B446D109D4238BF1D465305DD
:1015900027D52946FFF7D0FB064660B321694A46A6
:1015A000FEF7FBFCA38923F4906343F08003A3813F
:1015B000266165614E44A5EB09052660A5603E469F
:1015C000BE4200D93E4620683246414600F0C6F988
:1015D000A3689B1BA3602368334423600020BDE8FD
:1015E000F0872A4600F028FA06460028E0D1216953
:1015F0005046FFF72DFB0C23CAF80030A38943F0B7
:101600004003A3814FF0FF30E9E700002DE9F04FE0
:1016100098468B891B069DB007460D46144610D58B
:101620000B6973B94021FFF787FB2860286130B947
:101630000C233B604FF0FF301DB0BDE8F08F40231E
:101640006B610023099320238DF82930CDF80C809D
:101650003023DFF89C818DF82A304FF001092346B2
:101660009A4613F8012B0AB1252AF9D1BAEB040BDB
:101670000BD05B46224629463846FFF76BFF013008
:1016800000F0A780099A5A4409929AF80030002B7A
:1016900000F09F8000234FF0FF32CDE905230AF1CF
:1016A000010A049307938DF853301A935446052288
:1016B00014F8011B4E48EEF78BFD049AD8B9D006FA
:1016C00044BF20238DF85330110744BF2B238DF8DE
:1016D00053309AF800302A2B15D0079A5446002030
:1016E0004FF00A0C214611F8013B303B092B4BD936
:1016F000B0B1079214E0A0EB080309FA03F3134317
:101700000493A246D2E7039B191D1B680391002B8B
:10171000BBBF5B4242F0020207930793B8BF04923B
:1017200023782E2B0AD163782A2B32D1039B1A1DE2
:101730001B68039243EAE37302340593DFF8C0A009
:10174000217803225046EEF743FD38B1049BA0EB0D
:101750000A004022824013430134049314F8011B11
:1017600024488DF828100622EEF732FD002836D0E6
:10177000214B1BBB039B073323F007030833039361
:10178000099B334409936AE70CFB02320C460120A3
:10179000A8E700230134059319464FF00A0C2046B0
:1017A00010F8012B303A092A03D9002BC6D0059135
:1017B000C4E70CFB012104460123F0E703AB0093CF
:1017C0002A460E4B04A93846FDF756FE421C064633
:1017D000D6D1AB895B063FF52DAF09982CE703AB5B
:1017E00000932A46054B04A93846FEF7DDF8EDE7DD
:1017F000A83D0108B23D010879F40008551501081B
:10180000AE3D0108B1F90C202DE9F041160705465F
:101810000C4654D44B68002B02DC0B6C002B48DDCB
:10182000E66A002E45D0002312F480522F68216A08
:101830002B6030D0626DA389590705D56368D21A31
:10184000636B0BB1236CD21A0023E66A216A284627
:10185000B047431CA38906D129681D292BD82A4AE1
:101860000A41D60727D400226260D9042269226087
:1018700004D5421C01D12B6803B96065616B2F60F0
:10188000B9B104F14403994202D02846FFF7E0F9C8
:10189000002363630DE001232846B0470246501C35
:1018A000C9D12B68002BC6D01D2B01D0162B1ED101
:1018B0002F60002022E043F040031BB21BE00F69C1
:1018C000002FF6D093070E6808BF4B690F6018BF52
:1018D0000023A6EB07088B60B8F1000FE9DD216A51
:1018E000A66A43463A462846B047002808DCB4F9C1
:1018F0000C3043F04003A3814FF0FF30BDE8F0818E
:101900000744A8EB0008E7E7FEFFBFDF38B50B6927
:1019100005460C4613B90025284638BD18B1036AA0
:101920000BB9FEF7EDF9B4F90C30002BF3D0626E71
:10193000D00704D4990502D4A06DFEF72CFB2846ED
:101940002146FFF75FFF636EDA070546E4D4A389FB
:101950009B05E1D4A06DFEF71FFBDDE7884210B5C3
:1019600001EB020402D98442234607D8431EA14258
:1019700008D011F8012B03F8012FF8E702440146C3
:101980008A4200D110BD13F8014D02F8014DF7E76E
:1019900038B5064D0023044608462B60F5F7BEFA1D
:1019A000431C02D12B6803B1236038BDE0550020F1
:1019B0001FB514461A46094B1B680546D86854B92A
:1019C000074B1C46CDE9013400912B46054900F038
:1019D0006FF800F07FF8044BF4E700BF5C010020D3
:1019E000FE3D0108D03D0108C33D010870B5A1FBD3
:1019F00002543CB92946FFF79FF9064628B900264C
:101A0000304670BD0C220260F9E72A462146FEF7F7
:101A100044FAF5E782B001B901A942B14BB113789C
:101A20000B601278101E18BF012002B070471046DC
:101A3000FBE76FF00100F8E72DE9F041804615461D
:101A40000C4621B9BDE8F0411146FFF775B92AB936
:101A5000FFF7FEF800242046BDE8F08100F041F8D1
:101A60008542064602D8B5EB500FF4D829464046C9
:101A7000FFF762F907460028ECD0B5422A46214616
:101A800028BF3246FEF789FA21464046FFF7E0F8C4
:101A90003C46E0E70346084641B1FF2A04D98A22C2
:101AA0001A604FF0FF3070470A7001207047000045
:101AB0000EB403B5014603AB054853F8042B006888
:101AC000019300F03FF802B05DF804EB03B07047FB
:101AD0005C01002008B5062000F008FA0120F5F7A7
:101AE000A5F951F8043C181F002BBCBF0B58C018B7
:101AF00070479368013B002B10B4936008DA946937
:101B0000A34201DB0A2903D15DF8044B00F032B98E
:101B10001368581C1060197008465DF8044B704734
:101B2000F8B506460F461446D518AC4201D1002040
:101B300007E014F8011B3A463046FFF7DAFF431C72
:101B4000F3D1F8BD2DE9F04F0D469DB014469846EF
:101B5000064618B1036A0BB9FEF7D2F86B6ED907C7
:101B600005D4AB899A0502D4A86DFEF714FAAB89A7
:101B70001B0701D52B699BB92946304600F038F97F
:101B800070B16B6EDC0704D54FF0FF301DB0BDE8BF
:101B9000F08FAB899805F7D4A86DFEF7FDF9F3E750
:101BA0000023099320238DF82930CDF80C803023B1
:101BB000DFF8AC818DF82A304FF0010923469A46B0
:101BC00013F8012B0AB1252AF9D1BAEB040B0BD07B
:101BD0005B46224629463046FFF7A2FF013000F05F
:101BE000A780099A5A4409929AF80030002B00F015
:101BF0009F8000234FF0FF32CDE905230AF1010A4F
:101C0000049307938DF853301A935446052214F821
:101C1000011B5348EEF7DCFA049AD8B9D10644BF49
:101C200020238DF85330130744BF2B238DF85330F6
:101C30009AF800302A2B15D0079A544600204FF00E
:101C40000A0C214611F8013B303B092B4BD9B0B1AE
:101C5000079214E0A0EB080309FA03F3134304937B
:101C6000A246D2E7039B191D1B680391002BBBBF43
:101C70005B4242F0020207930793B8BF04922378B5
:101C80002E2B0AD163782A2B32D1039B1A1D1B6895
:101C9000039243EAE37302340593DFF8D4A021787A
:101CA00003225046EEF794FA38B1049BA0EB0A00E9
:101CB0004022824013430134049314F8011B294845
:101CC0008DF828100622EEF783FA00283FD0264B25
:101CD0001BBB039B073323F0070308330393099BC4
:101CE0003B4409936AE70CFB02320C460120A8E74B
:101CF00000230134059319464FF00A0C204610F8D2
:101D0000012B303A092A03D9002BC6D00591C4E72C
:101D10000CFB012104460123F0E703AB00932A46A4
:101D2000124B04A93046FDF7A7FB0746781CD6D115
:101D30006B6ED90705D4AB899A0502D4A86DFEF75E
:101D40002BF9AB895B063FF51FAF09981EE703AB84
:101D500000932A46054B04A93046FDF725FEE4E72B
:101D6000A83D0108B23D010879F40008211B0108D3
:101D7000AE3D0108F8B50E461446054618B1036A93
:101D80000BB9FDF7BDFFA369A360A3891A0701D5AD
:101D9000236943B92146284600F02AF818B14FF0CC
:101DA000FF373846F8BD23682269981A6369F6B28E
:101DB0008342374605DC21462846FFF7A7FD002869
:101DC000EDD1A368013BA36023685A1C22601E70FA
:101DD0006269431C9A4204D0A389DB07E1D50A2E2D
:101DE000DFD121462846FFF791FD0028D9D0D6E75C
:101DF00038B5294B054618680C4618B1036A0BB96B
:101E0000FDF77EFFB4F90C30190722D4DA0607D4A7
:101E100009222A6043F04003A3814FF0FF3033E0F2
:101E2000580712D5616B41B104F14403994202D0C5
:101E30002846FEF70DFF00236363A38923F02403E4
:101E4000A3810023636023692360A38943F008030F
:101E5000A38123694BB9A38903F42073B3F5007FF1
:101E600003D02146284600F083F8B4F90C3013F073
:101E700001020AD00022A26062695242A261226974
:101E800042B913F08000C5D138BD990758BF6269C7
:101E9000A260F4E70020F7E75C0100201F2938B5B5
:101EA00005460C4604D9162303604FF0FF3038BDB9
:101EB000C26B12B152F821304BB9284600F030F80D
:101EC000224601462846BDE8384000F017B8012BED
:101ED0000AD0591C03D1162303600120E7E7002133
:101EE00042F82410204698470020E0E7024B0146C4
:101EF0001868FFF7D3BF00BF5C01002038B5074D5D
:101F000000230446084611462B60F4F77FFF431C6C
:101F100002D12B6803B1236038BD00BFE05500201B
:101F2000F4F76CBF70B50C46B1F90E10002996B0ED
:101F300015461E460DDAA38913F0800F4FF00001FD
:101F400014BF40234FF48063002031602B6016B033
:101F500070BD6A4600F048F80028ECDB019901F4F6
:101F60007041A1F50053594259414FF48063EBE7AA
:101F70008B89F7B59D0706460C4607D504F1470344
:101F8000236023610123636103B0F0BD01AB6A46A6
:101F9000FFF7C8FF009F054639463046FEF7CCFEE6
:101FA00048B9B4F90C309A05EED423F0030343F09A
:101FB0000203A381E2E7A389206043F08003A381A9
:101FC000019BC4E904075BB1B4F90E10304600F080
:101FD0001DF828B1A38923F0030343F00103A38173
:101FE000A3891D43A581CFE738B5074D00230446DB
:101FF000084611462B60F4F769FF431C02D12B6899
:1020000003B1236038BD00BFE055002038B5064D50
:102010000023044608462B60F4F768FF431C02D1F6
:102020002B6803B1236038BDE055002008B52DEDC5
:10203000028BB0EE408A00F01FF9B4EE488AF1EE50
:1020400010FA0CD6DFED078AB4EEE88AF1EE10FA4A
:1020500005D5FDF775FF88EEA80A21230360BDECC6
:10206000028B08BD0000000038B510EE105A25F0B4
:102070000044B4F1A14FF0EE407A10D3B4F1FF4F19
:1020800004D970EE007AB0EE670A38BDDFED4D7A04
:102090009FED4D7A002DC8BFF0EE477AF3E74B4B2A
:1020A0009C4210D8B4F1445F0AD29FED497A30EED9
:1020B000077AF7EE006AB4EEE67AF1EE10FAE2DCA7
:1020C0004FF0FF3313E000F0A3F8424B9C424FD88F
:1020D000A3F5D0039C4241D8F0EE007ABFEE007A1F
:1020E000A0EE277A002330EE270AC7EE007A5A1CAA
:1020F00027EEA76A9FED387ADFED385A9FED385A00
:1021000066EE066AE6EE875A9FED367AA5EEA67A67
:10211000DFED355AE7EE265A9FED347AA5EEA67A22
:10212000DFED335AE7EE265A9FED327AA6EE875A54
:102130009FED317AA5EE267A9FED305AA7EE265A0A
:102140009FED2F7AA5EE267A27EE267AA5EE867ADF
:1021500027EE877A21D177EEC77A94E7F7EE007AF7
:1021600030EE677A30EE270A0123C7EE007ABEE729
:10217000244B9C420BD8F7EE087AB7EE007AA0EE1B
:10218000277A022370EE676AC6EE877AAFE7BFEE62
:10219000007AC7EE007A0323A9E71B4A1B4902EB2A
:1021A000830201EB8303D3ED006A37EE667A002DDC
:1021B00037EE677AD2ED007A77EEC77AB8BFF1EEE4
:1021C000677A60E7DB0FC9BFDB0FC93FFFFFDF3E68
:1021D000CAF24971FFFF973FD769853C59DA4B3DF9
:1021E0006BF16EBD356B883D6E2EBA3D2549123EB2
:1021F000ABAAAA3E21A215BD95879DBD388EE3BD31
:10220000CDCC4CBEFFFF1B40103E0108003E010834
:1022100010EE103A23F0004300EE103A7047000031
:1022200010EE103A07B5124A23F00043934207D844
:10223000DFED100A012003B05DF804EB00F020B8D8
:10224000B3F1FF4F04D330EE400A03B05DF804FB56
:10225000684600F0F5F8400000F00200DDED010AEC
:102260009DED000AC0F1010000F00AF8EDE700BFA3
:10227000DA0F493F00000000B1EEC00A70470000CD
:1022800008B510EE103A23F00042B2F1465FF0EECE
:10229000407A17D2BDEEC07A17EE101A41BB431C2C
:1022A000134308D1FFF7B4FFB7EE007AC7EE007A08
:1022B000B0EE670A08BD0128FAD0BFEE007AC7EE7B
:1022C000007AF5E74C498A4212D3002B9FED4B7AF6
:1022D000B8BFF1EE407A37EE677ADFED497AB8BFE2
:1022E000F1EE600A77EEE07ADFED460A77EE877A64
:1022F00067EEA76ADFED445A9FED446A9FED445AAA
:102300003D4926EEA67A8A42A7EE256ADFED415ABC
:10231000E6EE075A9FED406AA5EE876ADFED3F5A69
:10232000E6EE075A9FED3E6AA5EE876ADFED3D5A5D
:10233000E7EE055A9FED3C5AA5EE875ADFED3B5A72
:10234000E5EE075A9FED3A5AA5EE875ADFED395A66
:10235000E5EE075AB0EE467AA5EEA67A27EEA65A23
:10236000B0EE606AA7EE056A9FED337AE6EE260AC4
:10237000E5EE070A37EEA06A1DD307EE100AB8EEA5
:10238000C77A26EE065A36EE076A9B17C5EE065A3E
:1023900003F00203C3F1010306EE903A35EEE06A62
:1023A000F8EEE66A77EEC67AB0EE006AA7EEC67A75
:1023B00066EE877A7CE701281BD0204B16EE102AA8
:1023C0001A4005EE902A75EEE77AB7EE007A70EEC5
:1023D000E70AFFEE007AC7EE866A16EE902A1340EF
:1023E00007EE903AA5EEA77AA0EEA77AE7EE267A56
:1023F0005EE7F0EE467A5BE740A12C3FDA0F493FFB
:1024000068212233000000005FAE9BB745F4A3387B
:102410008453D937C8261A3A16696B3BA427B33CB4
:102420008988083E7AC09538B937813948DEBE3A86
:102430001F37113CD10D5D3DABAAAA3E00F0FFFF56
:10244000F0B510EE106A884B26F000459D4287B02B
:10245000044605D8002380ED000A4360002022E0F6
:10246000824B9D423AD826F00043002E9FED807AA1
:10247000804A23F00F0318DD934270EE477A09BFBC
:102480009FED7D7ADFED7D6ADFED7D6A77EEC77ABD
:1024900037EEE67A77EEC77A80ED007A77EEE67A65
:1024A000C0ED017A012007B0F0BD934270EE077ACB
:1024B00009BF9FED717ADFED716ADFED716A77EE2A
:1024C000877A37EEA67A77EEC77A80ED007A77EED4
:1024D000A67AC0ED017A4FF0FF30E4E7694B9D42E8
:1024E00073D8FFF795FE9FED687AF6EE007AE0EE7E
:1024F000077AFDEEE77AB8EEE77A17EE900ADFED9D
:102500005C7AA7EE670A1F28DFED5C7A67EE277A10
:10251000B1EE476A70EE676A16EE901A09DC5B4A04
:10252000471E26F0004352F8272023F0FF03934272
:1025300007D1C1F3C752C2EBD552082A4FEAE5537F
:1025400014DC216094ED007A30EE470A002E30EE64
:10255000670A84ED010AA6DAB1EE477AB1EE400AC5
:1025600084ED007A84ED010A40429CE7DFED425A97
:10257000F0EE406AE6EE256A70EE667AE6EE257ABF
:10258000DFED3F5AD7EE257A76EEE75A15EE902A20
:10259000C2F3C7515B1A192B04DCC4ED005AB0EE2C
:1025A000660ACFE7DFED3A5AB0EE660AA6EE250AD4
:1025B00076EEC07ADFED376AE6EE257AD7EE267A38
:1025C00030EE677A84ED007ABCE7B5F1FF4F06D3B1
:1025D00070EE407AC0ED017AC0ED007A3EE7EA1570
:1025E000863AA5EBC25307EE903ABDEEE77ADFEDEF
:1025F0002A6AB8EEC77A77EEC77A8DED037A67EE6E
:10260000A67ABDEEE77AB8EEC77A77EEC77A8DED97
:10261000047A67EEA67AF5EE407AF1EE10FACDED87
:10262000057A1ED1B5EE407AF1EE10FA0CBF012307
:1026300002231A4901910221009103A8214600F0CA
:102640002FF8002EBFF62FAFD4ED007AF1EE677AA7
:10265000C4ED007AD4ED017AF1EE677AC4ED017A27
:1026600082E70323E5E700BFD80F493FE3CB1640DD
:10267000800FC93FD00FC93F004435374344353739
:1026800008A3852E800F494384F9223F203E01088C
:1026900000A3852E32318D2400008043A03E010826
:1026A0002DE9F04F2DED048BD9B090460190B94A39
:1026B000669818F1040F52F820A00F4603F1FF3B73
:1026C00027DBB8F1030248BF08F10402D210551C01
:1026D00067999FEDB47AE800A2EB0B060290A8EB95
:1026E000C5050AEB0B0C1CAC01EB860E0020604507
:1026F00011DD1CA901EB83000DF588794FF0000C6A
:10270000D44527DCDDF804E0DFEDA67A0646002498
:1027100016E00022DBE7C6425DBF5EF8201007EE40
:10272000901AF8EEE77AF0EE477AE4EC017A01309D
:10273000DDE7FEEC016A96ED007AE6EE877A013479
:102740005C45A6F10406F4DDE9EC017A0CF1010C1C
:102750000430D5E708A901EB8A0104916799DFED00
:10276000908A9FED8E9A01EB820203925446A2005A
:10277000059258AA02EB840212ED140A44A908AA91
:1027800001EB840094462646002EA0F104004CDCA8
:102790002846CDE9062300F0F5F9B0EE408AB4EE04
:1027A000000A28EE000A00F053FAF2EE007AA0EEDA
:1027B000678A002DDDE90623FDEEC87A17EE909AB0
:1027C000F8EEE77A38EE678A41DD04F1FF3C08A9AC
:1027D000C5F1080E51F82C6046FA0EF0814400FA5B
:1027E0000EF0361AC5F1070041F82C600641002EA4
:1027F0003CDD4FF0000E09F101097046744568DCBC
:10280000002D03DD012D74D0022D7DD0022E2DD19F
:10281000B7EE000A30EE488A40B32846069300F02F
:10282000B1F9069B38EE408A20E060EE287A013E3E
:10283000FDEEE77AF8EEE77AA7EEC90ABDEEC00A28
:10284000ACEC010A90ED000A37EE800A9CE705D156
:10285000601E08A951F82060F611C8E7F6EE007A6C
:10286000B4EEE78AF1EE10FA31DA0026B5EE408ACE
:10287000F1EE10FA40F09880601E002250454BDACD
:10288000002A65D0013C08AB083D53F82430002BEA
:10289000F8D02846B7EE000A00F074F9631C44AA89
:1028A0009FED3F7A990002EB83022346002B80F2D2
:1028B000A9802346002BC0F2C78044AA02EB8305FF
:1028C000DFF8D4C0DFED377A0020E21AB1E002264B
:1028D0008FE752F8041B48B921B1C1F5807142F865
:1028E000041C01210EF1010E084687E7C1F1FF012A
:1028F000F5E704F1FF3C08AA52F82C2002F07F0211
:1029000008A941F82C2081E704F1FF3C08AA52F8FD
:102910002C2002F03F02F3E708A951F820100138FB
:102920000A43ABE7013250F8046D002EFAD0059946
:1029300001F5B0710DEB0100E6181CA904F1010CC2
:102940004C3801EB86062244624504DA14460EE751
:1029500004980122E7E70399DDF804E051F82C1010
:10296000059107EE901AF8EEE77A0024E6EC017A7A
:10297000DFED0C7AB1465C4504DDE0EC017A0CF148
:10298000010CE1E7FEEC016A39ED017A0134E6EE73
:10299000877AF0E7E4410108B8410108000080436C
:1029A0000000803B00000000029BB0EE480AA3EB51
:1029B000080000F0E7F81FED077AB4EEC70AF1EE61
:1029C00010FA19DB5FED0A7A60EE277A08AAFDEEAD
:1029D000E77A0835F8EEE77AA7EEC70AFDEEE77A60
:1029E000BDEEC00A10EE103A42F8243017EE903ACD
:1029F000013442F824304CE7BDEEC00A08AA10EEBC
:102A0000103AF6E708A850F82300019007EE900A64
:102A1000F8EEE77A013B67EE807A20EE070A62ED76
:102A2000017A43E7FCEC016AB5EC017AE6EE877ABD
:102A30000130504501DC8242F4DA58A800EB8202F2
:102A400042ED287A013B35E7669B022B09DC002B1F
:102A50002BDC44D009F0070059B0BDEC048BBDE875
:102A6000F08F669B032BF5D130AA0B1F13441A4637
:102A700020460028A2F1040252DC2246012AA3F1DA
:102A800004035DDC30AB5FED397A0B44012C67DC6D
:102A9000DDED306A9DED317A002E67D1C7ED006A19
:102AA00087ED017AC7ED027AD4E730AB1FED437AA8
:102AB0000B442246002A24DA4EB3F1EE477AC7EDE2
:102AC000007ADDED307A77EEC77A31AA01239C4295
:102AD00020DA0EB1F1EE677AC7ED017ABAE730ABD2
:102AE0005FED507A0B44002C05DA0EB1F1EE677AF7
:102AF000C7ED007AAEE733ED017A013C77EE877AD5
:102B0000F1E773ED017A013A37EE277AD2E7F0EE7A
:102B1000477AD4E7B2EC017A013377EE877AD6E7C9
:102B2000D2ED007AD2ED016A37EEA67A013877EE5F
:102B3000C77A82ED007A77EEA67AC2ED017A98E73D
:102B4000D3ED007AD3ED016A37EEA67A013A77EE3B
:102B5000C77A83ED007A77EEA67AC3ED017A8DE726
:102B600033ED017A013C77EE877A8FE7F1EE666A02
:102B7000B1EE477AC7ED006A87ED017AF1EE677A28
:102B800090E700BF10EE103A33F000422BD0B2F1C4
:102B9000FF4F02D330EE000A704713F0FF4F23D1EE
:102BA000244BDFED257A984220EE270A17DB10EE42
:102BB000103AC3F3C752193A4CF25031884215DD2E
:102BC000DFED1E7ADFED1E6A10EE103AB0EE677A86
:102BD000002BB8BFF0EE667A27EE870A7047DFED6C
:102BE000197A27EE800A7047D20DE5E71044FE28D7
:102BF000E6DC002806DD23F0FF4343EAC05300EE85
:102C0000103A704710F1160F09DADFED0E7ADFED9A
:102C10000E6A10EE103AB0EE677A002BD9E7193041
:102C200023F0FF4343EAC0539FED080A07EE903AB2
:102C3000D7E700BFB03CFFFF0000004CCAF249716B
:102C4000CAF249F16042A20D6042A28D0000003339
:102C500010EE103AC3F3C7527F3A162A23F0004110
:102C60002BDC002A12DADFED197A30EE270AB5EEF6
:102C7000C00AF1EE10FA06DD002B24DA0029144B0D
:102C800008BF4FF0004300EE103A70471149114160
:102C90000B42FAD0DFED0D7A30EE270AB5EEC00A0E
:102CA000F1EE10FAEFDD002BBEBF4FF4000040FA4A
:102CB00002F29B1823EA0103E5E7B1F1FF4FE4D3E9
:102CC00030EE000A70470023DDE700BFCAF2497109
:102CD000000080BFFFFF7F00F8B500BFF8BC08BC54
:102CE0009E467047F8B500BFF8BC08BC9E467047CA
:102CF0006F6C65645461736B00000000636F6D6DF1
:102D0000616E645461736B004144435461736B00A2
:102D10006D6F7665446973745461736B00000000D5
:102D200066617374657374506174685461736B0089
:102D300062757A7A65725461736B0000464C546117
:102D4000736B000046525461736B0000424C546137
:102D5000736B000042525461736B000066617374C0
:102D60006573745061746856320000006261747457
:102D70006572795461736B006D6F76654469737425
:102D80004F62735461736B0053656E736F7254615D
:102D9000736B000049525461736B0000646F6E6581
:102DA0002100000041434B7C0D0A0000646F696EF6
:102DB00067000000636D643A25632C256400000001
:102DC0004C3A20256420523A20256420000000005F
:102DD0002566000050574D3A2564202C20256400BC
:102DE0005475726E3A25640028256429000000009D
:102DF00044697374616E63653A20256420000000A5
:102E000049444C4500000000546D72205376630025
:102E1000546D725100000000F02C01080000000009
:102E200000000000000000000000000000020000A0
:102E3000080000000000000000000000FC2C010859
:102E40000000000000000000000000000000000082
:102E50000002000018000000000000000000000058
:102E6000082D010800000000000000000000000024
:102E70000000000000020000180000000000000038
:102E800000000000102D01080000000000000000FC
:102E90000000000000000000000200001800000018
:102EA0000000000000000000202D010800000000CC
:102EB0000000000000000000000000000002000010
:102EC000180000000000000000000000302D010884
:102ED00000000000000000000000000000000000F2
:102EE00000020000180000000000000000000000C8
:102EF0003C2D010800000000000000000000000060
:102F000000000000000200001800000000000000A7
:102F100000000000442D0108000000000000000037
:102F20000000000000000000000200001800000087
:102F300000000000000000004C2D0108000000000F
:102F4000000000000000000000000000000200007F
:102F5000180000000000000000000000542D0108CF
:102F60000000000000000000000000000000000061
:102F70000002000018000000000000000000000037
:102F80005C2D0108000000000000000000000000AF
:102F90000000000000020000180000000000000017
:102FA000000000006C2D010800000000000000007F
:102FB00000000000000000000002000018000000F7
:102FC0000000000000000000782D01080000000053
:102FD00000000000000000000000000000020000EF
:102FE000180000000000000000000000882D01080B
:102FF00000000000000000000000000000000000D1
:1030000000080000180000000000000000000000A0
:1030100000000000000000000000000000000000B0
:103020003F40000000000000000030004000300081
:103030004000000009000BC03D000BC03D0009002E
:1030400018C024407FE0224031800000180024C0D6
:103050001B000D803240018003801C4027401C80F3
:103060000740004010006000000000000000000069
:103070000000000000001F80204040200000402091
:1030800020401F8000000000090006001F8006008D
:1030900009000000040004003F8004000400000058
:1030A00000100060000000000000000004000400A8
:1030B00004000400040000000000004000000000C4
:1030C00000000000002001C00600380040000000A1
:1030D0001F802040204020401F8000000000104042
:1030E0003FC000400000000018C0214022402440A2
:1030F0001840000010802040244024401B80000025
:1031000002000D0011003FC0014000003C8024403F
:1031100024402440238000001F8024402440344069
:10312000038000003000200027C03800200000008D
:103130001B802440244024401B8000001C0022C02F
:10314000224022401F8000000000000008400000D4
:10315000000000000000000004600000000000000B
:10316000000004000A00110020804040090009000E
:103170000900090009000000000040402080110003
:103180000A0004001800200023402400180000005A
:103190001F802040274029401F400000004007C0FA
:1031A00039000F0001C0004020403FC024402440AF
:1031B0001B8000001F802040204020403080000005
:1031C00020403FC0204020401F80000020403FC0E2
:1031D00024402E4030C0000020403FC024402E003C
:1031E000300000000F001080204022403380020099
:1031F00020403FC0040004003FC020402040204049
:103200003FC02040204000000060202020203FC020
:103210002000200020403FC024400B0030C0204050
:1032200020403FC020400040004000C03FC03C0064
:1032300003C03C003FC0000020403FC00C402300C2
:103240003FC020001F802040204020401F80000001
:1032500020403FC024402400180000001F8021406F
:10326000214020E01FA0000020403FC02440260055
:1032700019C0004018C02440244022403180000082
:10328000300020403FC020403000000020003F8040
:10329000004000403F80200020003E0001C00700A9
:1032A00038002000380007C03C0007C0380000008C
:1032B000204039C0060039C02040000020003840BE
:1032C00007C0384020000000304021C02640384070
:1032D00020C00000000000007FE0402040200000EF
:1032E000000070000C00038000400000000040203F
:1032F00040207FE00000000000002000400020008F
:10330000000000000010001000100010001000105D
:1033100000000000400000000000000000000280EB
:103320000540054003C0004020003FC00440044069
:1033300003800000000003800440044006400000B9
:1033400000000380044024403FC000400000038090
:103350000540054003400000000004401FC0244019
:1033600024402000000002E00550055006500420D3
:1033700020403FC00440040003C00040000004405F
:1033800027C000400000000000100010041027E0DB
:103390000000000020403FC00140070004C004407E
:1033A000204020403FC000400040000007C0040013
:1033B00007C0040003C00000044007C0044004002C
:1033C00003C000400000038004400440038000006C
:1033D000041007F004500440038000000000038044
:1033E0000440045007F00010044007C002400400ED
:1033F00004000000000006400540054004C0000035
:10340000000004001F80044000400000040007800A
:103410000040044007C000400400070004C00180D1
:1034200006000400060001C0070001C006000000FD
:10343000044006C0010006C004400000041007104C
:1034400004E00180060004000000044005C00640BE
:10345000044000000000000004007BE04020000069
:10346000000000000000FFF000000000000040200D
:103470007BE00400000000004000800040002000CD
:1034800020004000000000000000000000000000DC
:10349000000000000000000000001FCC000C000035
:1034A000000000000000080030006000080030004C
:1034B00060000000022003FC1E20022003FC1E20EE
:1034C0000220000000000E1811043FFF10840C7849
:1034D000000000000F0010840F3800C00778188427
:1034E0000078000000780F8410C411240E9800E4C6
:1034F0000084000808006800700000000000000060
:103500000000000000000000000007E01818200480
:1035100040020000000040022004181807E00000EC
:10352000000000000240024001800FF001800240D4
:10353000024000000080008000800FF800800080C2
:10354000008000000001000D000E000000000000DF
:1035500000000000000000800080008000800080EB
:10356000008000800000000C000C00000000000043
:103570000000000000000006001800600180060046
:1035800018002000000007F00808100410040808C4
:1035900007F000000000080408041FFC00040004F9
:1035A0000000000000000E0C1014102410441184C0
:1035B0000E0C000000000C181004110411041288F5
:1035C0000C700000000000E00320042408241FFC0D
:1035D0000024000000001F981084110411041088BA
:1035E00010700000000007F008881104110418880A
:1035F0000070000000001C00100010FC13001C00F4
:103600001000000000000E38114410841084114492
:103610000E38000000000700088C10441044088891
:1036200007F00000000000000000030C030C000085
:103630000000000000000000000101060000000082
:103640000000000000000080014002200410080873
:10365000100400000220022002200220022002208A
:10366000022000000000100408080410022001409D
:103670000080000000000E001200100C106C108082
:103680000F00000003E00C1813E4142417C40828EA
:1036900007D000000004003C03C41C40074000E4C5
:1036A000001C000410041FFC1104110411040E88F6
:1036B0000070000003E00C1810041004100410083F
:1036C0001C10000010041FFC100410041004080853
:1036D00007F0000010041FFC1104110417C41004AB
:1036E0000818000010041FFC1104110017C010007E
:1036F0000800000003E00C181004100410441C78AB
:103700000040000010041FFC108400800080108422
:103710001FFC10040000100410041FFC100410040F
:103720000000000000030001100110011FFE100046
:103730001000000010041FFC110403801464181C06
:103740001004000010041FFC100400040004000416
:10375000000C000010041FFC1F0000FC1F001FFCD9
:103760001004000010041FFC0C04030000E01018FB
:103770001FFC100007F008081004100410040808CB
:1037800007F0000010041FFC1084108010801080CF
:103790000F00000007F0081810241024101C080A5D
:1037A00007F2000010041FFC1104110011C01130B9
:1037B0000E0C000400000E1C110410841084104430
:1037C0001C3800001800100010041FFC100410002A
:1037D0001800000010001FF810040004000410047A
:1037E0001FF8100010001E0011E0001C0070138074
:1037F0001C0010001FC0103C00E01F0000E0103C47
:103800001FC000001004180C163401C001C016348B
:10381000180C100410001C00130400FC13041C00FE
:10382000100000000804101C1064108413041C0411
:10383000101800000000000000007FFE400240025F
:1038400040020000000030000C0003800060001CFB
:103850000003000000004002400240027FFE000022
:103860000000000000000000200040004000400078
:103870002000000000010001000100010001000122
:103880000001000100004000400020000000000096
:10389000000000000000009801240144014401449C
:1038A00000FC000410001FFC0088010401040088D3
:1038B0000070000000000070008801040104010491
:1038C0000088000000000070008801040104110855
:1038D0001FFC0004000000F80144014401440144BD
:1038E00000C800000000010401040FFC11041104D1
:1038F00011001800000000D601290129012901C981
:103900000106000010041FFC0084010001000104F6
:1039100000FC000400000104190419FC0004000468
:10392000000000000000000300010101190119FE60
:103930000000000010041FFC0024004001B4010C32
:10394000010400000000100410041FFC0004000427
:1039500000000000010401FC0104010001FC01045D
:10396000010000FC010401FC0084010001000104CD
:1039700000FC0004000000F801040104010401043B
:1039800000F80000010101FF008501040104008826
:1039900000700000000000700088010401040105AF
:1039A00001FF00010104010401FC00840104010085
:1039B00001800000000000CC012401240124012426
:1039C0000198000000000100010007F80104010453
:1039D00000000000010001F80004000400040108D8
:1039E00001FC0004010001800170000C0010016066
:1039F0000180010001F0010C003001C00030010C19
:103A000001F0010000000104018C00740170018CC0
:103A100001040000010101810171000E0018016024
:103A20000180010000000184010C01340144018483
:103A3000010C0000000000000000000001003EFC3E
:103A4000400240020000000000000000FFFF0000F4
:103A5000000000000000400240023EFC01000000A7
:103A60000000000000006000800080004000400076
:103A700020002000000000000000000001020304FC
:103A800006070809000000000102030400202020AE
:103A900020202020202028282828282020202020FE
:103AA00020202020202020202020202020881010CE
:103AB000101010101010101010101010100404042A
:103AC00004040404040404101010101010104141E8
:103AD00041414141010101010101010101010101D6
:103AE00001010101010101011010101010104242EA
:103AF00042424242020202020202020202020202A6
:103B00000202020202020202101010102000000045
:103B100000000000000000000000000000000000A5
:103B20000000000000000000000000000000000095
:103B30000000000000000000000000000000000085
:103B40000000000000000000000000000000000075
:103B50000000000000000000000000000000000065
:103B60000000000000000000000000000000000055
:103B70000000000000000000000000000000000045
:103B800000000000000000000000000000494E4658
:103B900000696E66004E414E006E616E003000306E
:103BA00031323334353637383941424344454600A3
:103BB00030313233343536373839616263646566A3
:103BC00000496E66696E697479004E614E00524517
:103BD000454E54206D616C6C6F6320737563636533
:103BE00065646564002F6275696C642F676E752D5E
:103BF000746F6F6C732D666F722D73746D33325FDB
:103C000031322E332E72656C312E323032343036F2
:103C100031322D313331352F7372632F6E65776CEE
:103C200069622F6E65776C69622F6C6962632F73AE
:103C300074646C69622F64746F612E630042616CFE
:103C40006C6F6320737563636565646564002F62E0
:103C500075696C642F676E752D746F6F6C732D664C
:103C60006F722D73746D33325F31322E332E726565
:103C70006C312E32303234303631322D31333135F1
:103C80002F7372632F6E65776C69622F6E65776C28
:103C900069622F6C6962632F7374646C69622F6D43
:103CA000707265632E6300000500000019000000BB
:103CB0007D000000000000000080E03779C3414330
:103CC000176E05B5B5B89346F5F93FE9034F384D82
:103CD000321D30F94877825A3CBF737FDD4F15752E
:103CE000000000000000F03F000000000000244041
:103CF00000000000000059400000000000408F401C
:103D0000000000000088C34000000000006AF84086
:103D10000000000080842E4100000000D0126341AA
:103D20000000000084D797410000000065CDCD4120
:103D3000000000205FA00242000000E87648374201
:103D4000000000A2941A6D42000040E59C30A2429F
:103D50000000901EC4BCD64200003426F56B0C4314
:103D60000080E03779C3414300A0D88557347643BB
:103D700000C84E676DC1AB43003D9160E458E1431C
:103D8000408CB5781DAF154450EFE2D6E41A4B4491
:103D900092D54D06CFF08044F64AE1C7022DB544D6
:103DA000B49DD9794378EA44232D302B2000686CE8
:103DB0004C00656667454647004300504F534958DD
:103DC000002E002C2066756E6374696F6E3A2000B9
:103DD000617373657274696F6E2022257322206689
:103DE00061696C65643A2066696C652022257322DE
:103DF0002C206C696E65202564257325730A0000EC
:103E00006937AC3168212233B40F14336821A233EF
:103E10003863ED3EDA0F493F5E987B3FDA0FC93FCA
:103E2000000FC93F000F494000CB9640000FC9402A
:103E30000053FB4000CB164100ED2F41000F4941DC
:103E40000031624100537B41003A8A4100CB9641E8
:103E5000005CA34100EDAF41007EBC41000FC941B1
:103E600000A0D5410031E24100C2EE410053FB41C8
:103E700000F20342003A0A420083104200CB16428D
:103E800000141D42005C234200A5294200ED2F4290
:103E900000363642007E3C4200C74242000F494293
:103EA000A2000000F9000000830000006E00000086
:103EB0004E00000044000000150000002900000032
:103EC000FC0000002700000057000000D1000000A7
:103ED000F500000034000000DD000000C00000001C
:103EE000DB00000062000000950000009900000067
:103EF0003C00000043000000900000004100000072
:103F0000FE0000005100000063000000AB00000054
:103F1000DE000000BB000000C500000061000000E2
:103F2000B7000000240000006E0000003A0000000E
:103F3000420000004D000000D2000000E000000040
:103F400006000000490000002E000000EA0000000A
:103F500009000000D1000000920000001C000000D9
:103F6000FE0000001D000000EB0000001C0000002F
:103F7000B100000029000000A70000003E00000082
:103F8000E80000008200000035000000F50000009D
:103F90002E000000BB000000440000008400000070
:103FA000E90000009C0000007000000026000000F6
:103FB000B40000005F0000007E000000410000002F
:103FC0003900000091000000D60000003900000018
:103FD000830000005300000039000000F4000000DE
:103FE0009C000000840000005F0000008B000000C7
:103FF000BD000000F9000000280000003B000000A8
:104000001F000000F800000097000000FF00000003
:10401000DE00000005000000980000000F00000016
:10402000EF0000002F000000110000008B000000D6
:104030005A0000000A0000006D0000001F00000090
:104040006D000000360000007E000000CF00000080
:1040500027000000CB00000009000000B7000000AE
:104060004F000000460000003F0000006600000016
:104070009E0000005F000000EA0000002D0000002C
:104080007500000027000000BA000000C700000013
:10409000EB000000E5000000F10000007B000000E4
:1040A0003D0000000700000039000000F70000009C
:1040B0008A0000005200000092000000EA000000A8
:1040C0006B000000FB0000005F000000B10000007A
:1040D0001F0000008D0000005D00000008000000CF
:1040E0005600000003000000300000004600000001
:1040F000FC0000007B0000006B000000AB00000033
:10410000F0000000CF000000BC0000002000000014
:104110009A000000F4000000360000001D000000BE
:10412000A9000000E3000000910000006100000011
:104130005E000000E60000001B0000000800000018
:104140006500000099000000850000005F0000008D
:1041500014000000A0000000680000004000000003
:104160008D000000FF000000D8000000800000006B
:104170004D00000073000000270000003100000027
:1041800006000000060000001500000056000000B8
:10419000CA00000073000000A8000000C900000071
:1041A00060000000E20000007B000000C000000092
:1041B0008C0000006B0000000000C93F0000F039D7
:1041C0000000DA370000A2330000842E0000502BDC
:1041D0000000C2270000D0220000C41F0000C61B40
:1041E0000000441704000000070000000900000060
:0841F000E0BFFE7F01000000AA
:0441F800B501000805
:0441FC009101000825
:10420000040C0000000000000000904200000000CC
:104210000100000096062F070000904200000000F9
:104220000100000096062F070000904200000000E9
:10423000000000002003B00400004842000000001D
:1042400001000000B004DC050000E64200000000B0
:10425000010000002003B0040000484200000000FC
:1042600000000000B00420030000E642000000004F
:10427000000000008E063707000030420000B14207
:10428000010000006E0751060000C4420080AAC26F
:10429000010000008E063707000034420080ABC2E8
:1042A000000000006E0751060080C5423333B14262
:1042B0000000000096060000000090420000000090
:1042C0000100000000002F070000904200000000E5
:1042D00000000000BC020807000048420000B2C213
:1042E000000000000807BC020000E6420000B242E5
:1042F00000000000DC05DC05000054420000AF4275
:1043000001000000DC05DC050000D8420000ADC261
:1043100001000000DC05DC0500004C420000AFC2DB
:1043200000000000DC054C040000E6420000B04242
:10433000000000000B0B01000000803F280001007E
:104340000024F4001000000001000000AAAAAAAA9C
:104350000000000003000000A454002060010020C1
:1043600000000000A45400200C55002074550020CB
:10437000000000000000000000000000000000003D
:10438000000000000000000000000000000000002D
:10439000000000000000000000000000000000001D
:1043A00000000000000000000000000043000000CA
:1043B00000000000000000000000000000000000FD
:1043C00000000000000000000000000043000000AA
:1043D00000000000000000000000000000000000DD
:1043E000000000000000000000000000430000008A
:1043F00000000000000000000000000000000000BD
:104400000000000000000000000000004300000069
:10441000000000000000000000000000000000009C
:104420000000000000000000000000004300000049
:10443000000000000000000000000000000000007C
:104440000000000000000000000000004300000029
:10445000000000000000000000000000000000005C
:104460000000000000000000000000004300000009
:10447000000000000000000000000000000000003C
:10448000000000000000000000000000951A010874
:10449000151A0108000000008C3A0108C13D01080E
:1044A000FE3D0108FE3D0108FE3D0108FE3D0108FC
:1044B000FE3D0108FE3D0108FE3D0108FE3D0108EC
:1044C000FE3D0108FFFFFFFFFFFFFFFFFFFFFFFFB4
:1044D000FFFF000001004153434949000000000074
:1044E00000000000000000000000000000000000CC
:1044F0000000000000004153434949000000000053
:1045000000000000000000000000000000000000AB
:084510000000000000000000A3
:0400000508006FADD3
:00000001FF
