21:09:34 **** Incremental Build of configuration Debug for project MDP_STM32 ****
make -j8 all 
arm-none-eabi-gcc "../Core/Src/test.c" -mcpu=cortex-m4 -std=gnu11 -g3 -DDEBUG -DUSE_HAL_DRIVER -DSTM32F407xx -c -I../Core/Inc -I../Drivers/STM32F4xx_HAL_Driver/Inc -I../Drivers/STM32F4xx_HAL_Driver/Inc/Legacy -I../Drivers/CMSIS/Device/ST/STM32F4xx/Include -I../Drivers/CMSIS/Include -O0 -ffunction-sections -fdata-sections -Wall -u _printf_float -fstack-usage -fcyclomatic-complexity -MMD -MP -MF"Core/Src/test.d" -MT"Core/Src/test.o" --specs=nano.specs -mfpu=fpv4-sp-d16 -mfloat-abi=hard -mthumb -o "Core/Src/test.o"
../Core/Src/test.c: In function 'task_A1':
../Core/Src/test.c:15:17: warning: implicit declaration of function 'servo_set_val'; did you mean 'servo_set_dir'? [-Wimplicit-function-declaration]
   15 |                 servo_set_val(LEFT);
      |                 ^~~~~~~~~~~~~
      |                 servo_set_dir
../Core/Src/test.c:18:39: warning: pointer targets in passing argument 3 of 'OLED_ShowString' differ in signedness [-Wpointer-sign]
   18 |                 OLED_ShowString(0, 0, "Left");
      |                                       ^~~~~~
      |                                       |
      |                                       char *
In file included from ../Core/Inc/test.h:12,
                 from ../Core/Src/test.c:8:
../Core/Inc/oled.h:44:59: note: expected 'const uint8_t *' {aka 'const unsigned char *'} but argument is of type 'char *'
   44 | void OLED_ShowString(uint8_t x, uint8_t y, const uint8_t *p);
      |                                            ~~~~~~~~~~~~~~~^
../Core/Src/test.c:20:17: warning: implicit declaration of function 'motor_forward_left'; did you mean 'motor_forward'? [-Wimplicit-function-declaration]
   20 |                 motor_forward_left(90);
      |                 ^~~~~~~~~~~~~~~~~~
      |                 motor_forward
../Core/Src/test.c: In function 'task_A4_right':
../Core/Src/test.c:50:19: warning: implicit declaration of function 'motor_forward_right'; did you mean 'forward_right'? [-Wimplicit-function-declaration]
   50 |                   motor_forward_right(90);
      |                   ^~~~~~~~~~~~~~~~~~~
      |                   forward_right
../Core/Src/test.c: In function 'abhinav_task':
../Core/Src/test.c:64:17: warning: implicit declaration of function 'motor_backward_inf'; did you mean 'motor_backward'? [-Wimplicit-function-declaration]
   64 |                 motor_backward_inf();
      |                 ^~~~~~~~~~~~~~~~~~
      |                 motor_backward
../Core/Src/test.c: In function 'moving_task':
../Core/Src/test.c:84:39: warning: pointer targets in passing argument 3 of 'OLED_ShowString' differ in signedness [-Wpointer-sign]
   84 |                 OLED_ShowString(0, 0, "Forward");
      |                                       ^~~~~~~~~
      |                                       |
      |                                       char *
../Core/Inc/oled.h:44:59: note: expected 'const uint8_t *' {aka 'const unsigned char *'} but argument is of type 'char *'
   44 | void OLED_ShowString(uint8_t x, uint8_t y, const uint8_t *p);
      |                                            ~~~~~~~~~~~~~~~^
../Core/Src/test.c:91:39: warning: pointer targets in passing argument 3 of 'OLED_ShowString' differ in signedness [-Wpointer-sign]
   91 |                 OLED_ShowString(0, 0, "Backward");
      |                                       ^~~~~~~~~~
      |                                       |
      |                                       char *
../Core/Inc/oled.h:44:59: note: expected 'const uint8_t *' {aka 'const unsigned char *'} but argument is of type 'char *'
   44 | void OLED_ShowString(uint8_t x, uint8_t y, const uint8_t *p);
      |                                            ~~~~~~~~~~~~~~~^
../Core/Src/test.c:98:39: warning: pointer targets in passing argument 3 of 'OLED_ShowString' differ in signedness [-Wpointer-sign]
   98 |                 OLED_ShowString(0, 0, "Left");
      |                                       ^~~~~~
      |                                       |
      |                                       char *
../Core/Inc/oled.h:44:59: note: expected 'const uint8_t *' {aka 'const unsigned char *'} but argument is of type 'char *'
   44 | void OLED_ShowString(uint8_t x, uint8_t y, const uint8_t *p);
      |                                            ~~~~~~~~~~~~~~~^
../Core/Src/test.c:105:39: warning: pointer targets in passing argument 3 of 'OLED_ShowString' differ in signedness [-Wpointer-sign]
  105 |                 OLED_ShowString(0, 0, "Right");
      |                                       ^~~~~~~
      |                                       |
      |                                       char *
../Core/Inc/oled.h:44:59: note: expected 'const uint8_t *' {aka 'const unsigned char *'} but argument is of type 'char *'
   44 | void OLED_ShowString(uint8_t x, uint8_t y, const uint8_t *p);
      |                                            ~~~~~~~~~~~~~~~^
../Core/Src/test.c: In function 'ultrasonic_task':
../Core/Src/test.c:137:5: warning: implicit declaration of function 'HCSR04_Init' [-Wimplicit-function-declaration]
  137 |     HCSR04_Init();
      |     ^~~~~~~~~~~
../Core/Src/test.c:140:22: warning: pointer targets in passing argument 3 of 'print_OLED' differ in signedness [-Wpointer-sign]
  140 |     print_OLED(0, 0, "tc1:", false, 0);
      |                      ^~~~~~
      |                      |
      |                      char *
In file included from ../Core/Inc/test.h:13:
../Core/Inc/helper.h:30:40: note: expected 'uint8_t *' {aka 'unsigned char *'} but argument is of type 'char *'
   30 | void print_OLED(int x, int y, uint8_t* msg, bool var_exist, int32_t val);
      |                               ~~~~~~~~~^~~
../Core/Src/test.c:141:23: warning: pointer targets in passing argument 3 of 'print_OLED' differ in signedness [-Wpointer-sign]
  141 |     print_OLED(0, 15, "tc2:", false, 0);
      |                       ^~~~~~
      |                       |
      |                       char *
../Core/Inc/helper.h:30:40: note: expected 'uint8_t *' {aka 'unsigned char *'} but argument is of type 'char *'
   30 | void print_OLED(int x, int y, uint8_t* msg, bool var_exist, int32_t val);
      |                               ~~~~~~~~~^~~
../Core/Src/test.c:142:23: warning: pointer targets in passing argument 3 of 'print_OLED' differ in signedness [-Wpointer-sign]
  142 |     print_OLED(0, 30, "echo:", false, 0);
      |                       ^~~~~~~
      |                       |
      |                       char *
../Core/Inc/helper.h:30:40: note: expected 'uint8_t *' {aka 'unsigned char *'} but argument is of type 'char *'
   30 | void print_OLED(int x, int y, uint8_t* msg, bool var_exist, int32_t val);
      |                               ~~~~~~~~~^~~
../Core/Src/test.c:143:23: warning: pointer targets in passing argument 3 of 'print_OLED' differ in signedness [-Wpointer-sign]
  143 |     print_OLED(0, 45, "dist:", false, 0);
      |                       ^~~~~~~
      |                       |
      |                       char *
../Core/Inc/helper.h:30:40: note: expected 'uint8_t *' {aka 'unsigned char *'} but argument is of type 'char *'
   30 | void print_OLED(int x, int y, uint8_t* msg, bool var_exist, int32_t val);
      |                               ~~~~~~~~~^~~
../Core/Src/test.c:145:23: warning: pointer targets in passing argument 3 of 'print_OLED' differ in signedness [-Wpointer-sign]
  145 |     print_OLED(40, 0, "%u", true, tc1);
      |                       ^~~~
      |                       |
      |                       char *
../Core/Inc/helper.h:30:40: note: expected 'uint8_t *' {aka 'unsigned char *'} but argument is of type 'char *'
   30 | void print_OLED(int x, int y, uint8_t* msg, bool var_exist, int32_t val);
      |                               ~~~~~~~~~^~~
../Core/Src/test.c:146:24: warning: pointer targets in passing argument 3 of 'print_OLED' differ in signedness [-Wpointer-sign]
  146 |     print_OLED(40, 15, "%u", true, tc2);
      |                        ^~~~
      |                        |
      |                        char *
../Core/Inc/helper.h:30:40: note: expected 'uint8_t *' {aka 'unsigned char *'} but argument is of type 'char *'
   30 | void print_OLED(int x, int y, uint8_t* msg, bool var_exist, int32_t val);
      |                               ~~~~~~~~~^~~
../Core/Src/test.c:147:24: warning: pointer targets in passing argument 3 of 'print_OLED' differ in signedness [-Wpointer-sign]
  147 |     print_OLED(40, 30, "%u", true, echo);
      |                        ^~~~
      |                        |
      |                        char *
../Core/Inc/helper.h:30:40: note: expected 'uint8_t *' {aka 'unsigned char *'} but argument is of type 'char *'
   30 | void print_OLED(int x, int y, uint8_t* msg, bool var_exist, int32_t val);
      |                               ~~~~~~~~~^~~
../Core/Src/test.c:148:24: warning: pointer targets in passing argument 3 of 'print_OLED' differ in signedness [-Wpointer-sign]
  148 |     print_OLED(40, 45, "%u", true, dist);
      |                        ^~~~
      |                        |
      |                        char *
../Core/Inc/helper.h:30:40: note: expected 'uint8_t *' {aka 'unsigned char *'} but argument is of type 'char *'
   30 | void print_OLED(int x, int y, uint8_t* msg, bool var_exist, int32_t val);
      |                               ~~~~~~~~~^~~
../Core/Src/test.c: In function 'gyroscope_task':
../Core/Src/test.c:166:43: warning: pointer targets in passing argument 3 of 'print_OLED' differ in signedness [-Wpointer-sign]
  166 |                         print_OLED(50, 0, "%d", true, gyroZ);
      |                                           ^~~~
      |                                           |
      |                                           char *
../Core/Inc/helper.h:30:40: note: expected 'uint8_t *' {aka 'unsigned char *'} but argument is of type 'char *'
   30 | void print_OLED(int x, int y, uint8_t* msg, bool var_exist, int32_t val);
      |                               ~~~~~~~~~^~~
../Core/Src/test.c:167:44: warning: pointer targets in passing argument 3 of 'print_OLED' differ in signedness [-Wpointer-sign]
  167 |                         print_OLED(70, 15, "%d", true, gyro_angle);
      |                                            ^~~~
      |                                            |
      |                                            char *
../Core/Inc/helper.h:30:40: note: expected 'uint8_t *' {aka 'unsigned char *'} but argument is of type 'char *'
   30 | void print_OLED(int x, int y, uint8_t* msg, bool var_exist, int32_t val);
      |                               ~~~~~~~~~^~~
../Core/Src/test.c:168:56: warning: implicit declaration of function 'abs' [-Wimplicit-function-declaration]
  168 |                         print_OLED(50, 30, "%d", true, abs(gyro_angle - target));
      |                                                        ^~~
../Core/Src/test.c:9:1: note: include '<stdlib.h>' or provide a declaration of 'abs'
    8 | #include "test.h"
  +++ |+#include <stdlib.h>
    9 | 
../Core/Src/test.c:168:44: warning: pointer targets in passing argument 3 of 'print_OLED' differ in signedness [-Wpointer-sign]
  168 |                         print_OLED(50, 30, "%d", true, abs(gyro_angle - target));
      |                                            ^~~~
      |                                            |
      |                                            char *
../Core/Inc/helper.h:30:40: note: expected 'uint8_t *' {aka 'unsigned char *'} but argument is of type 'char *'
   30 | void print_OLED(int x, int y, uint8_t* msg, bool var_exist, int32_t val);
      |                               ~~~~~~~~~^~~
../Core/Src/test.c:178:26: warning: pointer targets in passing argument 3 of 'print_OLED' differ in signedness [-Wpointer-sign]
  178 |         print_OLED(0, 0, "Done", false, 0);
      |                          ^~~~~~
      |                          |
      |                          char *
../Core/Inc/helper.h:30:40: note: expected 'uint8_t *' {aka 'unsigned char *'} but argument is of type 'char *'
   30 | void print_OLED(int x, int y, uint8_t* msg, bool var_exist, int32_t val);
      |                               ~~~~~~~~~^~~
../Core/Src/test.c: In function 'UART3_task':
../Core/Src/test.c:182:26: warning: pointer targets in passing argument 3 of 'print_OLED' differ in signedness [-Wpointer-sign]
  182 |         print_OLED(0, 0, "cmd_cnt: %u", true, cmd_cnt);
      |                          ^~~~~~~~~~~~~
      |                          |
      |                          char *
../Core/Inc/helper.h:30:40: note: expected 'uint8_t *' {aka 'unsigned char *'} but argument is of type 'char *'
   30 | void print_OLED(int x, int y, uint8_t* msg, bool var_exist, int32_t val);
      |                               ~~~~~~~~~^~~
arm-none-eabi-gcc -o "MDP_STM32.elf" @"objects.list"   -mcpu=cortex-m4 -T"D:\3. CE Timetable and Curriculum\7. AY2023-2024 Sem 1 (Year 4)\1. SC2079 - Multidisciplinary Design Project\4. Project\SC2079_GROUP13\Hardware_STM\MDP_STM32\STM32F407VETX_FLASH.ld" --specs=nosys.specs -Wl,-Map="MDP_STM32.map" -Wl,--gc-sections -static -u _printf_float --specs=nano.specs -mfpu=fpv4-sp-d16 -mfloat-abi=hard -mthumb -Wl,--start-group -lc -lm -Wl,--end-group
Finished building target: MDP_STM32.elf
 
arm-none-eabi-size  MDP_STM32.elf 
arm-none-eabi-objdump -h -S MDP_STM32.elf  > "MDP_STM32.list"
   text	   data	    bss	    dec	    hex	filename
  45112	    476	   4628	  50216	   c428	MDP_STM32.elf
Finished building: default.size.stdout
 
Finished building: MDP_STM32.list
 
21:09:36 **** Incremental Build of configuration Debug for project MDP_STM32 ****
make -j8 all 
arm-none-eabi-size  MDP_STM32.elf 
   text	   data	    bss	    dec	    hex	filename
  45112	    476	   4628	  50216	   c428	MDP_STM32.elf
Finished building: default.size.stdout
 
21:12:45 **** Incremental Build of configuration Debug for project MDP_STM32 ****
make -j8 all 
arm-none-eabi-gcc "../Core/Src/test.c" -mcpu=cortex-m4 -std=gnu11 -g3 -DDEBUG -DUSE_HAL_DRIVER -DSTM32F407xx -c -I../Core/Inc -I../Drivers/STM32F4xx_HAL_Driver/Inc -I../Drivers/STM32F4xx_HAL_Driver/Inc/Legacy -I../Drivers/CMSIS/Device/ST/STM32F4xx/Include -I../Drivers/CMSIS/Include -O0 -ffunction-sections -fdata-sections -Wall -u _printf_float -fstack-usage -fcyclomatic-complexity -MMD -MP -MF"Core/Src/test.d" -MT"Core/Src/test.o" --specs=nano.specs -mfpu=fpv4-sp-d16 -mfloat-abi=hard -mthumb -o "Core/Src/test.o"
../Core/Src/test.c: In function 'task_A1':
../Core/Src/test.c:15:17: warning: implicit declaration of function 'servo_set_val'; did you mean 'servo_set_dir'? [-Wimplicit-function-declaration]
   15 |                 servo_set_val(LEFT);
      |                 ^~~~~~~~~~~~~
      |                 servo_set_dir
../Core/Src/test.c:18:39: warning: pointer targets in passing argument 3 of 'OLED_ShowString' differ in signedness [-Wpointer-sign]
   18 |                 OLED_ShowString(0, 0, "Left");
      |                                       ^~~~~~
      |                                       |
      |                                       char *
In file included from ../Core/Inc/test.h:12,
                 from ../Core/Src/test.c:8:
../Core/Inc/oled.h:44:59: note: expected 'const uint8_t *' {aka 'const unsigned char *'} but argument is of type 'char *'
   44 | void OLED_ShowString(uint8_t x, uint8_t y, const uint8_t *p);
      |                                            ~~~~~~~~~~~~~~~^
../Core/Src/test.c:20:17: warning: implicit declaration of function 'motor_forward_left'; did you mean 'motor_forward'? [-Wimplicit-function-declaration]
   20 |                 motor_forward_left(90);
      |                 ^~~~~~~~~~~~~~~~~~
      |                 motor_forward
../Core/Src/test.c: In function 'task_A4_right':
../Core/Src/test.c:50:19: warning: implicit declaration of function 'motor_forward_right'; did you mean 'forward_right'? [-Wimplicit-function-declaration]
   50 |                   motor_forward_right(90);
      |                   ^~~~~~~~~~~~~~~~~~~
      |                   forward_right
../Core/Src/test.c: In function 'abhinav_task':
../Core/Src/test.c:64:17: warning: implicit declaration of function 'motor_backward_inf'; did you mean 'motor_backward'? [-Wimplicit-function-declaration]
   64 |                 motor_backward_inf();
      |                 ^~~~~~~~~~~~~~~~~~
      |                 motor_backward
../Core/Src/test.c: In function 'moving_task':
../Core/Src/test.c:84:39: warning: pointer targets in passing argument 3 of 'OLED_ShowString' differ in signedness [-Wpointer-sign]
   84 |                 OLED_ShowString(0, 0, "Forward");
      |                                       ^~~~~~~~~
      |                                       |
      |                                       char *
../Core/Inc/oled.h:44:59: note: expected 'const uint8_t *' {aka 'const unsigned char *'} but argument is of type 'char *'
   44 | void OLED_ShowString(uint8_t x, uint8_t y, const uint8_t *p);
      |                                            ~~~~~~~~~~~~~~~^
../Core/Src/test.c:91:39: warning: pointer targets in passing argument 3 of 'OLED_ShowString' differ in signedness [-Wpointer-sign]
   91 |                 OLED_ShowString(0, 0, "Backward");
      |                                       ^~~~~~~~~~
      |                                       |
      |                                       char *
../Core/Inc/oled.h:44:59: note: expected 'const uint8_t *' {aka 'const unsigned char *'} but argument is of type 'char *'
   44 | void OLED_ShowString(uint8_t x, uint8_t y, const uint8_t *p);
      |                                            ~~~~~~~~~~~~~~~^
../Core/Src/test.c:98:39: warning: pointer targets in passing argument 3 of 'OLED_ShowString' differ in signedness [-Wpointer-sign]
   98 |                 OLED_ShowString(0, 0, "Left");
      |                                       ^~~~~~
      |                                       |
      |                                       char *
../Core/Inc/oled.h:44:59: note: expected 'const uint8_t *' {aka 'const unsigned char *'} but argument is of type 'char *'
   44 | void OLED_ShowString(uint8_t x, uint8_t y, const uint8_t *p);
      |                                            ~~~~~~~~~~~~~~~^
../Core/Src/test.c:105:39: warning: pointer targets in passing argument 3 of 'OLED_ShowString' differ in signedness [-Wpointer-sign]
  105 |                 OLED_ShowString(0, 0, "Right");
      |                                       ^~~~~~~
      |                                       |
      |                                       char *
../Core/Inc/oled.h:44:59: note: expected 'const uint8_t *' {aka 'const unsigned char *'} but argument is of type 'char *'
   44 | void OLED_ShowString(uint8_t x, uint8_t y, const uint8_t *p);
      |                                            ~~~~~~~~~~~~~~~^
../Core/Src/test.c: In function 'ultrasonic_task':
../Core/Src/test.c:137:5: warning: implicit declaration of function 'HCSR04_Init' [-Wimplicit-function-declaration]
  137 |     HCSR04_Init();
      |     ^~~~~~~~~~~
../Core/Src/test.c:140:22: warning: pointer targets in passing argument 3 of 'print_OLED' differ in signedness [-Wpointer-sign]
  140 |     print_OLED(0, 0, "tc1:", false, 0);
      |                      ^~~~~~
      |                      |
      |                      char *
In file included from ../Core/Inc/test.h:13:
../Core/Inc/helper.h:30:40: note: expected 'uint8_t *' {aka 'unsigned char *'} but argument is of type 'char *'
   30 | void print_OLED(int x, int y, uint8_t* msg, bool var_exist, int32_t val);
      |                               ~~~~~~~~~^~~
../Core/Src/test.c:141:23: warning: pointer targets in passing argument 3 of 'print_OLED' differ in signedness [-Wpointer-sign]
  141 |     print_OLED(0, 15, "tc2:", false, 0);
      |                       ^~~~~~
      |                       |
      |                       char *
../Core/Inc/helper.h:30:40: note: expected 'uint8_t *' {aka 'unsigned char *'} but argument is of type 'char *'
   30 | void print_OLED(int x, int y, uint8_t* msg, bool var_exist, int32_t val);
      |                               ~~~~~~~~~^~~
../Core/Src/test.c:142:23: warning: pointer targets in passing argument 3 of 'print_OLED' differ in signedness [-Wpointer-sign]
  142 |     print_OLED(0, 30, "echo:", false, 0);
      |                       ^~~~~~~
      |                       |
      |                       char *
../Core/Inc/helper.h:30:40: note: expected 'uint8_t *' {aka 'unsigned char *'} but argument is of type 'char *'
   30 | void print_OLED(int x, int y, uint8_t* msg, bool var_exist, int32_t val);
      |                               ~~~~~~~~~^~~
../Core/Src/test.c:143:23: warning: pointer targets in passing argument 3 of 'print_OLED' differ in signedness [-Wpointer-sign]
  143 |     print_OLED(0, 45, "dist:", false, 0);
      |                       ^~~~~~~
      |                       |
      |                       char *
../Core/Inc/helper.h:30:40: note: expected 'uint8_t *' {aka 'unsigned char *'} but argument is of type 'char *'
   30 | void print_OLED(int x, int y, uint8_t* msg, bool var_exist, int32_t val);
      |                               ~~~~~~~~~^~~
../Core/Src/test.c:145:23: warning: pointer targets in passing argument 3 of 'print_OLED' differ in signedness [-Wpointer-sign]
  145 |     print_OLED(40, 0, "%u", true, tc1);
      |                       ^~~~
      |                       |
      |                       char *
../Core/Inc/helper.h:30:40: note: expected 'uint8_t *' {aka 'unsigned char *'} but argument is of type 'char *'
   30 | void print_OLED(int x, int y, uint8_t* msg, bool var_exist, int32_t val);
      |                               ~~~~~~~~~^~~
../Core/Src/test.c:146:24: warning: pointer targets in passing argument 3 of 'print_OLED' differ in signedness [-Wpointer-sign]
  146 |     print_OLED(40, 15, "%u", true, tc2);
      |                        ^~~~
      |                        |
      |                        char *
../Core/Inc/helper.h:30:40: note: expected 'uint8_t *' {aka 'unsigned char *'} but argument is of type 'char *'
   30 | void print_OLED(int x, int y, uint8_t* msg, bool var_exist, int32_t val);
      |                               ~~~~~~~~~^~~
../Core/Src/test.c:147:24: warning: pointer targets in passing argument 3 of 'print_OLED' differ in signedness [-Wpointer-sign]
  147 |     print_OLED(40, 30, "%u", true, echo);
      |                        ^~~~
      |                        |
      |                        char *
../Core/Inc/helper.h:30:40: note: expected 'uint8_t *' {aka 'unsigned char *'} but argument is of type 'char *'
   30 | void print_OLED(int x, int y, uint8_t* msg, bool var_exist, int32_t val);
      |                               ~~~~~~~~~^~~
../Core/Src/test.c:148:24: warning: pointer targets in passing argument 3 of 'print_OLED' differ in signedness [-Wpointer-sign]
  148 |     print_OLED(40, 45, "%u", true, dist);
      |                        ^~~~
      |                        |
      |                        char *
../Core/Inc/helper.h:30:40: note: expected 'uint8_t *' {aka 'unsigned char *'} but argument is of type 'char *'
   30 | void print_OLED(int x, int y, uint8_t* msg, bool var_exist, int32_t val);
      |                               ~~~~~~~~~^~~
../Core/Src/test.c: In function 'gyroscope_task':
../Core/Src/test.c:166:43: warning: pointer targets in passing argument 3 of 'print_OLED' differ in signedness [-Wpointer-sign]
  166 |                         print_OLED(50, 0, "%d", true, gyroZ);
      |                                           ^~~~
      |                                           |
      |                                           char *
../Core/Inc/helper.h:30:40: note: expected 'uint8_t *' {aka 'unsigned char *'} but argument is of type 'char *'
   30 | void print_OLED(int x, int y, uint8_t* msg, bool var_exist, int32_t val);
      |                               ~~~~~~~~~^~~
../Core/Src/test.c:167:44: warning: pointer targets in passing argument 3 of 'print_OLED' differ in signedness [-Wpointer-sign]
  167 |                         print_OLED(70, 15, "%d", true, gyro_angle);
      |                                            ^~~~
      |                                            |
      |                                            char *
../Core/Inc/helper.h:30:40: note: expected 'uint8_t *' {aka 'unsigned char *'} but argument is of type 'char *'
   30 | void print_OLED(int x, int y, uint8_t* msg, bool var_exist, int32_t val);
      |                               ~~~~~~~~~^~~
../Core/Src/test.c:168:56: warning: implicit declaration of function 'abs' [-Wimplicit-function-declaration]
  168 |                         print_OLED(50, 30, "%d", true, abs(gyro_angle - target));
      |                                                        ^~~
../Core/Src/test.c:9:1: note: include '<stdlib.h>' or provide a declaration of 'abs'
    8 | #include "test.h"
  +++ |+#include <stdlib.h>
    9 | 
../Core/Src/test.c:168:44: warning: pointer targets in passing argument 3 of 'print_OLED' differ in signedness [-Wpointer-sign]
  168 |                         print_OLED(50, 30, "%d", true, abs(gyro_angle - target));
      |                                            ^~~~
      |                                            |
      |                                            char *
../Core/Inc/helper.h:30:40: note: expected 'uint8_t *' {aka 'unsigned char *'} but argument is of type 'char *'
   30 | void print_OLED(int x, int y, uint8_t* msg, bool var_exist, int32_t val);
      |                               ~~~~~~~~~^~~
../Core/Src/test.c:178:26: warning: pointer targets in passing argument 3 of 'print_OLED' differ in signedness [-Wpointer-sign]
  178 |         print_OLED(0, 0, "Done", false, 0);
      |                          ^~~~~~
      |                          |
      |                          char *
../Core/Inc/helper.h:30:40: note: expected 'uint8_t *' {aka 'unsigned char *'} but argument is of type 'char *'
   30 | void print_OLED(int x, int y, uint8_t* msg, bool var_exist, int32_t val);
      |                               ~~~~~~~~~^~~
../Core/Src/test.c: In function 'UART3_task':
../Core/Src/test.c:182:26: warning: pointer targets in passing argument 3 of 'print_OLED' differ in signedness [-Wpointer-sign]
  182 |         print_OLED(0, 0, "cmd_cnt: %u", true, cmd_cnt);
      |                          ^~~~~~~~~~~~~
      |                          |
      |                          char *
../Core/Inc/helper.h:30:40: note: expected 'uint8_t *' {aka 'unsigned char *'} but argument is of type 'char *'
   30 | void print_OLED(int x, int y, uint8_t* msg, bool var_exist, int32_t val);
      |                               ~~~~~~~~~^~~
arm-none-eabi-gcc -o "MDP_STM32.elf" @"objects.list"   -mcpu=cortex-m4 -T"D:\3. CE Timetable and Curriculum\7. AY2023-2024 Sem 1 (Year 4)\1. SC2079 - Multidisciplinary Design Project\4. Project\SC2079_GROUP13\Hardware_STM\MDP_STM32\STM32F407VETX_FLASH.ld" --specs=nosys.specs -Wl,-Map="MDP_STM32.map" -Wl,--gc-sections -static -u _printf_float --specs=nano.specs -mfpu=fpv4-sp-d16 -mfloat-abi=hard -mthumb -Wl,--start-group -lc -lm -Wl,--end-group
Finished building target: MDP_STM32.elf
 
arm-none-eabi-size  MDP_STM32.elf 
arm-none-eabi-objdump -h -S MDP_STM32.elf  > "MDP_STM32.list"
   text	   data	    bss	    dec	    hex	filename
  45112	    476	   4628	  50216	   c428	MDP_STM32.elf
Finished building: default.size.stdout
 
Finished building: MDP_STM32.list
 
21:12:55 **** Incremental Build of configuration Debug for project MDP_STM32 ****
make -j8 all 
arm-none-eabi-size  MDP_STM32.elf 
   text	   data	    bss	    dec	    hex	filename
  45112	    476	   4628	  50216	   c428	MDP_STM32.elf
Finished building: default.size.stdout
 
21:18:18 **** Incremental Build of configuration Debug for project MDP_STM32 ****
make -j8 all 
arm-none-eabi-gcc "../Core/Src/test.c" -mcpu=cortex-m4 -std=gnu11 -g3 -DDEBUG -DUSE_HAL_DRIVER -DSTM32F407xx -c -I../Core/Inc -I../Drivers/STM32F4xx_HAL_Driver/Inc -I../Drivers/STM32F4xx_HAL_Driver/Inc/Legacy -I../Drivers/CMSIS/Device/ST/STM32F4xx/Include -I../Drivers/CMSIS/Include -O0 -ffunction-sections -fdata-sections -Wall -u _printf_float -fstack-usage -fcyclomatic-complexity -MMD -MP -MF"Core/Src/test.d" -MT"Core/Src/test.o" --specs=nano.specs -mfpu=fpv4-sp-d16 -mfloat-abi=hard -mthumb -o "Core/Src/test.o"
../Core/Src/test.c: In function 'task_A1':
../Core/Src/test.c:15:17: warning: implicit declaration of function 'servo_set_val'; did you mean 'servo_set_dir'? [-Wimplicit-function-declaration]
   15 |                 servo_set_val(LEFT);
      |                 ^~~~~~~~~~~~~
      |                 servo_set_dir
../Core/Src/test.c:18:39: warning: pointer targets in passing argument 3 of 'OLED_ShowString' differ in signedness [-Wpointer-sign]
   18 |                 OLED_ShowString(0, 0, "Left");
      |                                       ^~~~~~
      |                                       |
      |                                       char *
In file included from ../Core/Inc/test.h:12,
                 from ../Core/Src/test.c:8:
../Core/Inc/oled.h:44:59: note: expected 'const uint8_t *' {aka 'const unsigned char *'} but argument is of type 'char *'
   44 | void OLED_ShowString(uint8_t x, uint8_t y, const uint8_t *p);
      |                                            ~~~~~~~~~~~~~~~^
../Core/Src/test.c:20:17: warning: implicit declaration of function 'motor_forward_left'; did you mean 'motor_forward'? [-Wimplicit-function-declaration]
   20 |                 motor_forward_left(90);
      |                 ^~~~~~~~~~~~~~~~~~
      |                 motor_forward
../Core/Src/test.c: In function 'task_A4_right':
../Core/Src/test.c:50:19: warning: implicit declaration of function 'motor_forward_right'; did you mean 'forward_right'? [-Wimplicit-function-declaration]
   50 |                   motor_forward_right(90);
      |                   ^~~~~~~~~~~~~~~~~~~
      |                   forward_right
../Core/Src/test.c: In function 'abhinav_task':
../Core/Src/test.c:64:17: warning: implicit declaration of function 'motor_backward_inf'; did you mean 'motor_backward'? [-Wimplicit-function-declaration]
   64 |                 motor_backward_inf();
      |                 ^~~~~~~~~~~~~~~~~~
      |                 motor_backward
../Core/Src/test.c: In function 'moving_task':
../Core/Src/test.c:84:39: warning: pointer targets in passing argument 3 of 'OLED_ShowString' differ in signedness [-Wpointer-sign]
   84 |                 OLED_ShowString(0, 0, "Forward");
      |                                       ^~~~~~~~~
      |                                       |
      |                                       char *
../Core/Inc/oled.h:44:59: note: expected 'const uint8_t *' {aka 'const unsigned char *'} but argument is of type 'char *'
   44 | void OLED_ShowString(uint8_t x, uint8_t y, const uint8_t *p);
      |                                            ~~~~~~~~~~~~~~~^
../Core/Src/test.c:91:39: warning: pointer targets in passing argument 3 of 'OLED_ShowString' differ in signedness [-Wpointer-sign]
   91 |                 OLED_ShowString(0, 0, "Backward");
      |                                       ^~~~~~~~~~
      |                                       |
      |                                       char *
../Core/Inc/oled.h:44:59: note: expected 'const uint8_t *' {aka 'const unsigned char *'} but argument is of type 'char *'
   44 | void OLED_ShowString(uint8_t x, uint8_t y, const uint8_t *p);
      |                                            ~~~~~~~~~~~~~~~^
../Core/Src/test.c:98:39: warning: pointer targets in passing argument 3 of 'OLED_ShowString' differ in signedness [-Wpointer-sign]
   98 |                 OLED_ShowString(0, 0, "Left");
      |                                       ^~~~~~
      |                                       |
      |                                       char *
../Core/Inc/oled.h:44:59: note: expected 'const uint8_t *' {aka 'const unsigned char *'} but argument is of type 'char *'
   44 | void OLED_ShowString(uint8_t x, uint8_t y, const uint8_t *p);
      |                                            ~~~~~~~~~~~~~~~^
../Core/Src/test.c:105:39: warning: pointer targets in passing argument 3 of 'OLED_ShowString' differ in signedness [-Wpointer-sign]
  105 |                 OLED_ShowString(0, 0, "Right");
      |                                       ^~~~~~~
      |                                       |
      |                                       char *
../Core/Inc/oled.h:44:59: note: expected 'const uint8_t *' {aka 'const unsigned char *'} but argument is of type 'char *'
   44 | void OLED_ShowString(uint8_t x, uint8_t y, const uint8_t *p);
      |                                            ~~~~~~~~~~~~~~~^
../Core/Src/test.c: In function 'ultrasonic_task':
../Core/Src/test.c:137:5: warning: implicit declaration of function 'HCSR04_Init' [-Wimplicit-function-declaration]
  137 |     HCSR04_Init();
      |     ^~~~~~~~~~~
../Core/Src/test.c:140:22: warning: pointer targets in passing argument 3 of 'print_OLED' differ in signedness [-Wpointer-sign]
  140 |     print_OLED(0, 0, "tc1:", false, 0);
      |                      ^~~~~~
      |                      |
      |                      char *
In file included from ../Core/Inc/test.h:13:
../Core/Inc/helper.h:30:40: note: expected 'uint8_t *' {aka 'unsigned char *'} but argument is of type 'char *'
   30 | void print_OLED(int x, int y, uint8_t* msg, bool var_exist, int32_t val);
      |                               ~~~~~~~~~^~~
../Core/Src/test.c:141:23: warning: pointer targets in passing argument 3 of 'print_OLED' differ in signedness [-Wpointer-sign]
  141 |     print_OLED(0, 15, "tc2:", false, 0);
      |                       ^~~~~~
      |                       |
      |                       char *
../Core/Inc/helper.h:30:40: note: expected 'uint8_t *' {aka 'unsigned char *'} but argument is of type 'char *'
   30 | void print_OLED(int x, int y, uint8_t* msg, bool var_exist, int32_t val);
      |                               ~~~~~~~~~^~~
../Core/Src/test.c:142:23: warning: pointer targets in passing argument 3 of 'print_OLED' differ in signedness [-Wpointer-sign]
  142 |     print_OLED(0, 30, "echo:", false, 0);
      |                       ^~~~~~~
      |                       |
      |                       char *
../Core/Inc/helper.h:30:40: note: expected 'uint8_t *' {aka 'unsigned char *'} but argument is of type 'char *'
   30 | void print_OLED(int x, int y, uint8_t* msg, bool var_exist, int32_t val);
      |                               ~~~~~~~~~^~~
../Core/Src/test.c:143:23: warning: pointer targets in passing argument 3 of 'print_OLED' differ in signedness [-Wpointer-sign]
  143 |     print_OLED(0, 45, "dist:", false, 0);
      |                       ^~~~~~~
      |                       |
      |                       char *
../Core/Inc/helper.h:30:40: note: expected 'uint8_t *' {aka 'unsigned char *'} but argument is of type 'char *'
   30 | void print_OLED(int x, int y, uint8_t* msg, bool var_exist, int32_t val);
      |                               ~~~~~~~~~^~~
../Core/Src/test.c:145:23: warning: pointer targets in passing argument 3 of 'print_OLED' differ in signedness [-Wpointer-sign]
  145 |     print_OLED(40, 0, "%u", true, tc1);
      |                       ^~~~
      |                       |
      |                       char *
../Core/Inc/helper.h:30:40: note: expected 'uint8_t *' {aka 'unsigned char *'} but argument is of type 'char *'
   30 | void print_OLED(int x, int y, uint8_t* msg, bool var_exist, int32_t val);
      |                               ~~~~~~~~~^~~
../Core/Src/test.c:146:24: warning: pointer targets in passing argument 3 of 'print_OLED' differ in signedness [-Wpointer-sign]
  146 |     print_OLED(40, 15, "%u", true, tc2);
      |                        ^~~~
      |                        |
      |                        char *
../Core/Inc/helper.h:30:40: note: expected 'uint8_t *' {aka 'unsigned char *'} but argument is of type 'char *'
   30 | void print_OLED(int x, int y, uint8_t* msg, bool var_exist, int32_t val);
      |                               ~~~~~~~~~^~~
../Core/Src/test.c:147:24: warning: pointer targets in passing argument 3 of 'print_OLED' differ in signedness [-Wpointer-sign]
  147 |     print_OLED(40, 30, "%u", true, echo);
      |                        ^~~~
      |                        |
      |                        char *
../Core/Inc/helper.h:30:40: note: expected 'uint8_t *' {aka 'unsigned char *'} but argument is of type 'char *'
   30 | void print_OLED(int x, int y, uint8_t* msg, bool var_exist, int32_t val);
      |                               ~~~~~~~~~^~~
../Core/Src/test.c:148:24: warning: pointer targets in passing argument 3 of 'print_OLED' differ in signedness [-Wpointer-sign]
  148 |     print_OLED(40, 45, "%u", true, dist);
      |                        ^~~~
      |                        |
      |                        char *
../Core/Inc/helper.h:30:40: note: expected 'uint8_t *' {aka 'unsigned char *'} but argument is of type 'char *'
   30 | void print_OLED(int x, int y, uint8_t* msg, bool var_exist, int32_t val);
      |                               ~~~~~~~~~^~~
../Core/Src/test.c: In function 'gyroscope_task':
../Core/Src/test.c:166:43: warning: pointer targets in passing argument 3 of 'print_OLED' differ in signedness [-Wpointer-sign]
  166 |                         print_OLED(50, 0, "%d", true, gyroZ);
      |                                           ^~~~
      |                                           |
      |                                           char *
../Core/Inc/helper.h:30:40: note: expected 'uint8_t *' {aka 'unsigned char *'} but argument is of type 'char *'
   30 | void print_OLED(int x, int y, uint8_t* msg, bool var_exist, int32_t val);
      |                               ~~~~~~~~~^~~
../Core/Src/test.c:167:44: warning: pointer targets in passing argument 3 of 'print_OLED' differ in signedness [-Wpointer-sign]
  167 |                         print_OLED(70, 15, "%d", true, gyro_angle);
      |                                            ^~~~
      |                                            |
      |                                            char *
../Core/Inc/helper.h:30:40: note: expected 'uint8_t *' {aka 'unsigned char *'} but argument is of type 'char *'
   30 | void print_OLED(int x, int y, uint8_t* msg, bool var_exist, int32_t val);
      |                               ~~~~~~~~~^~~
../Core/Src/test.c:168:56: warning: implicit declaration of function 'abs' [-Wimplicit-function-declaration]
  168 |                         print_OLED(50, 30, "%d", true, abs(gyro_angle - target));
      |                                                        ^~~
../Core/Src/test.c:9:1: note: include '<stdlib.h>' or provide a declaration of 'abs'
    8 | #include "test.h"
  +++ |+#include <stdlib.h>
    9 | 
../Core/Src/test.c:168:44: warning: pointer targets in passing argument 3 of 'print_OLED' differ in signedness [-Wpointer-sign]
  168 |                         print_OLED(50, 30, "%d", true, abs(gyro_angle - target));
      |                                            ^~~~
      |                                            |
      |                                            char *
../Core/Inc/helper.h:30:40: note: expected 'uint8_t *' {aka 'unsigned char *'} but argument is of type 'char *'
   30 | void print_OLED(int x, int y, uint8_t* msg, bool var_exist, int32_t val);
      |                               ~~~~~~~~~^~~
../Core/Src/test.c:178:26: warning: pointer targets in passing argument 3 of 'print_OLED' differ in signedness [-Wpointer-sign]
  178 |         print_OLED(0, 0, "Done", false, 0);
      |                          ^~~~~~
      |                          |
      |                          char *
../Core/Inc/helper.h:30:40: note: expected 'uint8_t *' {aka 'unsigned char *'} but argument is of type 'char *'
   30 | void print_OLED(int x, int y, uint8_t* msg, bool var_exist, int32_t val);
      |                               ~~~~~~~~~^~~
../Core/Src/test.c: In function 'UART3_task':
../Core/Src/test.c:182:26: warning: pointer targets in passing argument 3 of 'print_OLED' differ in signedness [-Wpointer-sign]
  182 |         print_OLED(0, 0, "cmd_cnt: %u", true, cmd_cnt);
      |                          ^~~~~~~~~~~~~
      |                          |
      |                          char *
../Core/Inc/helper.h:30:40: note: expected 'uint8_t *' {aka 'unsigned char *'} but argument is of type 'char *'
   30 | void print_OLED(int x, int y, uint8_t* msg, bool var_exist, int32_t val);
      |                               ~~~~~~~~~^~~
arm-none-eabi-gcc -o "MDP_STM32.elf" @"objects.list"   -mcpu=cortex-m4 -T"D:\3. CE Timetable and Curriculum\7. AY2023-2024 Sem 1 (Year 4)\1. SC2079 - Multidisciplinary Design Project\4. Project\SC2079_GROUP13\Hardware_STM\MDP_STM32\STM32F407VETX_FLASH.ld" --specs=nosys.specs -Wl,-Map="MDP_STM32.map" -Wl,--gc-sections -static -u _printf_float --specs=nano.specs -mfpu=fpv4-sp-d16 -mfloat-abi=hard -mthumb -Wl,--start-group -lc -lm -Wl,--end-group
Finished building target: MDP_STM32.elf
 
arm-none-eabi-size  MDP_STM32.elf 
arm-none-eabi-objdump -h -S MDP_STM32.elf  > "MDP_STM32.list"
   text	   data	    bss	    dec	    hex	filename
  45080	    476	   4628	  50184	   c408	MDP_STM32.elf
Finished building: default.size.stdout
 
Finished building: MDP_STM32.list
 
21:19:08 **** Incremental Build of configuration Debug for project MDP_STM32 ****
make -j8 all 
arm-none-eabi-size  MDP_STM32.elf 
   text	   data	    bss	    dec	    hex	filename
  45080	    476	   4628	  50184	   c408	MDP_STM32.elf
Finished building: default.size.stdout
 
21:21:23 **** Incremental Build of configuration Debug for project MDP_STM32 ****
make -j8 all 
arm-none-eabi-gcc "../Core/Src/ICM20948.c" -mcpu=cortex-m4 -std=gnu11 -g3 -DDEBUG -DUSE_HAL_DRIVER -DSTM32F407xx -c -I../Core/Inc -I../Drivers/STM32F4xx_HAL_Driver/Inc -I../Drivers/STM32F4xx_HAL_Driver/Inc/Legacy -I../Drivers/CMSIS/Device/ST/STM32F4xx/Include -I../Drivers/CMSIS/Include -O0 -ffunction-sections -fdata-sections -Wall -u _printf_float -fstack-usage -fcyclomatic-complexity -MMD -MP -MF"Core/Src/ICM20948.d" -MT"Core/Src/ICM20948.o" --specs=nano.specs -mfpu=fpv4-sp-d16 -mfloat-abi=hard -mthumb -o "Core/Src/ICM20948.o"
arm-none-eabi-gcc "../Core/Src/main.c" -mcpu=cortex-m4 -std=gnu11 -g3 -DDEBUG -DUSE_HAL_DRIVER -DSTM32F407xx -c -I../Core/Inc -I../Drivers/STM32F4xx_HAL_Driver/Inc -I../Drivers/STM32F4xx_HAL_Driver/Inc/Legacy -I../Drivers/CMSIS/Device/ST/STM32F4xx/Include -I../Drivers/CMSIS/Include -O0 -ffunction-sections -fdata-sections -Wall -u _printf_float -fstack-usage -fcyclomatic-complexity -MMD -MP -MF"Core/Src/main.d" -MT"Core/Src/main.o" --specs=nano.specs -mfpu=fpv4-sp-d16 -mfloat-abi=hard -mthumb -o "Core/Src/main.o"
arm-none-eabi-gcc "../Core/Src/sensor.c" -mcpu=cortex-m4 -std=gnu11 -g3 -DDEBUG -DUSE_HAL_DRIVER -DSTM32F407xx -c -I../Core/Inc -I../Drivers/STM32F4xx_HAL_Driver/Inc -I../Drivers/STM32F4xx_HAL_Driver/Inc/Legacy -I../Drivers/CMSIS/Device/ST/STM32F4xx/Include -I../Drivers/CMSIS/Include -O0 -ffunction-sections -fdata-sections -Wall -u _printf_float -fstack-usage -fcyclomatic-complexity -MMD -MP -MF"Core/Src/sensor.d" -MT"Core/Src/sensor.o" --specs=nano.specs -mfpu=fpv4-sp-d16 -mfloat-abi=hard -mthumb -o "Core/Src/sensor.o"
arm-none-eabi-gcc "../Core/Src/test.c" -mcpu=cortex-m4 -std=gnu11 -g3 -DDEBUG -DUSE_HAL_DRIVER -DSTM32F407xx -c -I../Core/Inc -I../Drivers/STM32F4xx_HAL_Driver/Inc -I../Drivers/STM32F4xx_HAL_Driver/Inc/Legacy -I../Drivers/CMSIS/Device/ST/STM32F4xx/Include -I../Drivers/CMSIS/Include -O0 -ffunction-sections -fdata-sections -Wall -u _printf_float -fstack-usage -fcyclomatic-complexity -MMD -MP -MF"Core/Src/test.d" -MT"Core/Src/test.o" --specs=nano.specs -mfpu=fpv4-sp-d16 -mfloat-abi=hard -mthumb -o "Core/Src/test.o"
../Core/Src/ICM20948.c: In function 'ICM20948_init':
../Core/Src/ICM20948.c:120:27: warning: variable 'status' set but not used [-Wunused-but-set-variable]
  120 |         HAL_StatusTypeDef status = HAL_OK;
      |                           ^~~~~~
../Core/Src/ICM20948.c: In function 'ICM20948_readTemperature':
../Core/Src/ICM20948.c:280:21: warning: variable 'status' set but not used [-Wunused-but-set-variable]
  280 |   HAL_StatusTypeDef status = HAL_OK;
      |                     ^~~~~~
../Core/Src/ICM20948.c: In function 'ICM20948_readMagnetometer_allAxises':
../Core/Src/ICM20948.c:321:27: warning: variable 'status' set but not used [-Wunused-but-set-variable]
  321 |         HAL_StatusTypeDef status = HAL_OK;
      |                           ^~~~~~
../Core/Src/sensor.c: In function 'sensors_read_gyroZ':
../Core/Src/sensor.c:38:68: warning: passing argument 4 of 'ICM20948_readGyroscope_Z' from incompatible pointer type [-Wincompatible-pointer-types]
   38 |         ICM20948_readGyroscope_Z(hi2c_ptr, ICM_I2C_ADDR, GYRO_SEN, &val);
      |                                                                    ^~~~
      |                                                                    |
      |                                                                    float *
In file included from ../Core/Inc/sensor.h:15,
                 from ../Core/Src/sensor.c:10:
../Core/Inc/ICM20948.h:76:135: note: expected 'int16_t *' {aka 'short int *'} but argument is of type 'float *'
   76 | void ICM20948_readGyroscope_Z(I2C_HandleTypeDef * hi2c, uint8_t const selectI2cAddress, uint8_t const selectGyroSensitivity, int16_t *gyroZ);
      |                                                                                                                              ~~~~~~~~~^~~~~
../Core/Src/main.c: In function 'main':
../Core/Src/main.c:213:25: warning: pointer targets in passing argument 3 of 'OLED_ShowString' differ in signedness [-Wpointer-sign]
  213 |   OLED_ShowString(0, 0, "Press USER btn");
      |                         ^~~~~~~~~~~~~~~~
      |                         |
      |                         char *
In file included from ../Core/Src/main.c:25:
../Core/Inc/oled.h:44:59: note: expected 'const uint8_t *' {aka 'const unsigned char *'} but argument is of type 'char *'
   44 | void OLED_ShowString(uint8_t x, uint8_t y, const uint8_t *p);
      |                                            ~~~~~~~~~~~~~~~^
../Core/Src/main.c:214:26: warning: pointer targets in passing argument 3 of 'OLED_ShowString' differ in signedness [-Wpointer-sign]
  214 |   OLED_ShowString(0, 15, "to continue");
      |                          ^~~~~~~~~~~~~
      |                          |
      |                          char *
../Core/Inc/oled.h:44:59: note: expected 'const uint8_t *' {aka 'const unsigned char *'} but argument is of type 'char *'
   44 | void OLED_ShowString(uint8_t x, uint8_t y, const uint8_t *p);
      |                                            ~~~~~~~~~~~~~~~^
../Core/Src/main.c:227:20: warning: pointer targets in passing argument 3 of 'print_OLED' differ in signedness [-Wpointer-sign]
  227 |   print_OLED(0, 0, "gyroZ:", false, 0);
      |                    ^~~~~~~~
      |                    |
      |                    char *
In file included from ../Core/Src/main.c:26:
../Core/Inc/helper.h:30:40: note: expected 'uint8_t *' {aka 'unsigned char *'} but argument is of type 'char *'
   30 | void print_OLED(int x, int y, uint8_t* msg, bool var_exist, int32_t val);
      |                               ~~~~~~~~~^~~
../Core/Src/main.c:228:21: warning: pointer targets in passing argument 3 of 'print_OLED' differ in signedness [-Wpointer-sign]
  228 |   print_OLED(0, 15, "angle:", false, 0);
      |                     ^~~~~~~~
      |                     |
      |                     char *
../Core/Inc/helper.h:30:40: note: expected 'uint8_t *' {aka 'unsigned char *'} but argument is of type 'char *'
   30 | void print_OLED(int x, int y, uint8_t* msg, bool var_exist, int32_t val);
      |                               ~~~~~~~~~^~~
../Core/Src/main.c:229:21: warning: pointer targets in passing argument 3 of 'print_OLED' differ in signedness [-Wpointer-sign]
  229 |   print_OLED(0, 30, "g-t:", false, 0);
      |                     ^~~~~~
      |                     |
      |                     char *
../Core/Inc/helper.h:30:40: note: expected 'uint8_t *' {aka 'unsigned char *'} but argument is of type 'char *'
   30 | void print_OLED(int x, int y, uint8_t* msg, bool var_exist, int32_t val);
      |                               ~~~~~~~~~^~~
../Core/Src/sensor.c: In function 'sensors_read_accel':
../Core/Src/sensor.c:45:9: warning: implicit declaration of function 'ICM20948_readAccelerometer_all'; did you mean 'ICM20948_readAccelerometer_allAxises'? [-Wimplicit-function-declaration]
   45 |         ICM20948_readAccelerometer_all(hi2c_ptr, ICM_I2C_ADDR, ACCEL_SEN, accel_new);
      |         ^~~~~~~~~~~~~~~~~~~~~~~~~~~~~~
      |         ICM20948_readAccelerometer_allAxises
../Core/Src/test.c: In function 'task_A1':
../Core/Src/test.c:15:17: warning: implicit declaration of function 'servo_set_val'; did you mean 'servo_set_dir'? [-Wimplicit-function-declaration]
   15 |                 servo_set_val(LEFT);
      |                 ^~~~~~~~~~~~~
      |                 servo_set_dir
../Core/Src/test.c:18:39: warning: pointer targets in passing argument 3 of 'OLED_ShowString' differ in signedness [-Wpointer-sign]
   18 |                 OLED_ShowString(0, 0, "Left");
      |                                       ^~~~~~
      |                                       |
      |                                       char *
In file included from ../Core/Inc/test.h:12,
                 from ../Core/Src/test.c:8:
../Core/Inc/oled.h:44:59: note: expected 'const uint8_t *' {aka 'const unsigned char *'} but argument is of type 'char *'
   44 | void OLED_ShowString(uint8_t x, uint8_t y, const uint8_t *p);
      |                                            ~~~~~~~~~~~~~~~^
../Core/Src/test.c:20:17: warning: implicit declaration of function 'motor_forward_left'; did you mean 'motor_forward'? [-Wimplicit-function-declaration]
   20 |                 motor_forward_left(90);
      |                 ^~~~~~~~~~~~~~~~~~
      |                 motor_forward
../Core/Src/test.c: In function 'task_A4_right':
../Core/Src/test.c:50:19: warning: implicit declaration of function 'motor_forward_right'; did you mean 'forward_right'? [-Wimplicit-function-declaration]
   50 |                   motor_forward_right(90);
      |                   ^~~~~~~~~~~~~~~~~~~
      |                   forward_right
../Core/Src/test.c: In function 'abhinav_task':
../Core/Src/test.c:64:17: warning: implicit declaration of function 'motor_backward_inf'; did you mean 'motor_backward'? [-Wimplicit-function-declaration]
   64 |                 motor_backward_inf();
      |                 ^~~~~~~~~~~~~~~~~~
      |                 motor_backward
../Core/Src/test.c: In function 'moving_task':
../Core/Src/test.c:84:39: warning: pointer targets in passing argument 3 of 'OLED_ShowString' differ in signedness [-Wpointer-sign]
   84 |                 OLED_ShowString(0, 0, "Forward");
      |                                       ^~~~~~~~~
      |                                       |
      |                                       char *
../Core/Inc/oled.h:44:59: note: expected 'const uint8_t *' {aka 'const unsigned char *'} but argument is of type 'char *'
   44 | void OLED_ShowString(uint8_t x, uint8_t y, const uint8_t *p);
      |                                            ~~~~~~~~~~~~~~~^
../Core/Src/test.c:91:39: warning: pointer targets in passing argument 3 of 'OLED_ShowString' differ in signedness [-Wpointer-sign]
   91 |                 OLED_ShowString(0, 0, "Backward");
      |                                       ^~~~~~~~~~
      |                                       |
      |                                       char *
../Core/Inc/oled.h:44:59: note: expected 'const uint8_t *' {aka 'const unsigned char *'} but argument is of type 'char *'
   44 | void OLED_ShowString(uint8_t x, uint8_t y, const uint8_t *p);
      |                                            ~~~~~~~~~~~~~~~^
../Core/Src/test.c:98:39: warning: pointer targets in passing argument 3 of 'OLED_ShowString' differ in signedness [-Wpointer-sign]
   98 |                 OLED_ShowString(0, 0, "Left");
      |                                       ^~~~~~
      |                                       |
      |                                       char *
../Core/Inc/oled.h:44:59: note: expected 'const uint8_t *' {aka 'const unsigned char *'} but argument is of type 'char *'
   44 | void OLED_ShowString(uint8_t x, uint8_t y, const uint8_t *p);
      |                                            ~~~~~~~~~~~~~~~^
../Core/Src/test.c:105:39: warning: pointer targets in passing argument 3 of 'OLED_ShowString' differ in signedness [-Wpointer-sign]
  105 |                 OLED_ShowString(0, 0, "Right");
      |                                       ^~~~~~~
      |                                       |
      |                                       char *
../Core/Inc/oled.h:44:59: note: expected 'const uint8_t *' {aka 'const unsigned char *'} but argument is of type 'char *'
   44 | void OLED_ShowString(uint8_t x, uint8_t y, const uint8_t *p);
      |                                            ~~~~~~~~~~~~~~~^
../Core/Src/test.c: In function 'ultrasonic_task':
../Core/Src/test.c:137:5: warning: implicit declaration of function 'HCSR04_Init' [-Wimplicit-function-declaration]
  137 |     HCSR04_Init();
      |     ^~~~~~~~~~~
../Core/Src/test.c:140:22: warning: pointer targets in passing argument 3 of 'print_OLED' differ in signedness [-Wpointer-sign]
  140 |     print_OLED(0, 0, "tc1:", false, 0);
      |                      ^~~~~~
      |                      |
      |                      char *
In file included from ../Core/Inc/test.h:13:
../Core/Inc/helper.h:30:40: note: expected 'uint8_t *' {aka 'unsigned char *'} but argument is of type 'char *'
   30 | void print_OLED(int x, int y, uint8_t* msg, bool var_exist, int32_t val);
      |                               ~~~~~~~~~^~~
../Core/Src/test.c:141:23: warning: pointer targets in passing argument 3 of 'print_OLED' differ in signedness [-Wpointer-sign]
  141 |     print_OLED(0, 15, "tc2:", false, 0);
      |                       ^~~~~~
      |                       |
      |                       char *
../Core/Inc/helper.h:30:40: note: expected 'uint8_t *' {aka 'unsigned char *'} but argument is of type 'char *'
   30 | void print_OLED(int x, int y, uint8_t* msg, bool var_exist, int32_t val);
      |                               ~~~~~~~~~^~~
../Core/Src/test.c:142:23: warning: pointer targets in passing argument 3 of 'print_OLED' differ in signedness [-Wpointer-sign]
  142 |     print_OLED(0, 30, "echo:", false, 0);
      |                       ^~~~~~~
      |                       |
      |                       char *
../Core/Inc/helper.h:30:40: note: expected 'uint8_t *' {aka 'unsigned char *'} but argument is of type 'char *'
   30 | void print_OLED(int x, int y, uint8_t* msg, bool var_exist, int32_t val);
      |                               ~~~~~~~~~^~~
../Core/Src/test.c:143:23: warning: pointer targets in passing argument 3 of 'print_OLED' differ in signedness [-Wpointer-sign]
  143 |     print_OLED(0, 45, "dist:", false, 0);
      |                       ^~~~~~~
      |                       |
      |                       char *
../Core/Inc/helper.h:30:40: note: expected 'uint8_t *' {aka 'unsigned char *'} but argument is of type 'char *'
   30 | void print_OLED(int x, int y, uint8_t* msg, bool var_exist, int32_t val);
      |                               ~~~~~~~~~^~~
../Core/Src/test.c:145:23: warning: pointer targets in passing argument 3 of 'print_OLED' differ in signedness [-Wpointer-sign]
  145 |     print_OLED(40, 0, "%u", true, tc1);
      |                       ^~~~
      |                       |
      |                       char *
../Core/Inc/helper.h:30:40: note: expected 'uint8_t *' {aka 'unsigned char *'} but argument is of type 'char *'
   30 | void print_OLED(int x, int y, uint8_t* msg, bool var_exist, int32_t val);
      |                               ~~~~~~~~~^~~
../Core/Src/test.c:146:24: warning: pointer targets in passing argument 3 of 'print_OLED' differ in signedness [-Wpointer-sign]
  146 |     print_OLED(40, 15, "%u", true, tc2);
      |                        ^~~~
      |                        |
      |                        char *
../Core/Inc/helper.h:30:40: note: expected 'uint8_t *' {aka 'unsigned char *'} but argument is of type 'char *'
   30 | void print_OLED(int x, int y, uint8_t* msg, bool var_exist, int32_t val);
      |                               ~~~~~~~~~^~~
../Core/Src/test.c:147:24: warning: pointer targets in passing argument 3 of 'print_OLED' differ in signedness [-Wpointer-sign]
  147 |     print_OLED(40, 30, "%u", true, echo);
      |                        ^~~~
      |                        |
      |                        char *
../Core/Inc/helper.h:30:40: note: expected 'uint8_t *' {aka 'unsigned char *'} but argument is of type 'char *'
   30 | void print_OLED(int x, int y, uint8_t* msg, bool var_exist, int32_t val);
      |                               ~~~~~~~~~^~~
../Core/Src/test.c:148:24: warning: pointer targets in passing argument 3 of 'print_OLED' differ in signedness [-Wpointer-sign]
  148 |     print_OLED(40, 45, "%u", true, dist);
      |                        ^~~~
      |                        |
      |                        char *
../Core/Inc/helper.h:30:40: note: expected 'uint8_t *' {aka 'unsigned char *'} but argument is of type 'char *'
   30 | void print_OLED(int x, int y, uint8_t* msg, bool var_exist, int32_t val);
      |                               ~~~~~~~~~^~~
../Core/Src/test.c: In function 'gyroscope_task':
../Core/Src/test.c:166:43: warning: pointer targets in passing argument 3 of 'print_OLED' differ in signedness [-Wpointer-sign]
  166 |                         print_OLED(50, 0, "%d", true, gyroZ);
      |                                           ^~~~
      |                                           |
      |                                           char *
../Core/Inc/helper.h:30:40: note: expected 'uint8_t *' {aka 'unsigned char *'} but argument is of type 'char *'
   30 | void print_OLED(int x, int y, uint8_t* msg, bool var_exist, int32_t val);
      |                               ~~~~~~~~~^~~
../Core/Src/test.c:167:44: warning: pointer targets in passing argument 3 of 'print_OLED' differ in signedness [-Wpointer-sign]
  167 |                         print_OLED(70, 15, "%d", true, gyro_angle);
      |                                            ^~~~
      |                                            |
      |                                            char *
../Core/Inc/helper.h:30:40: note: expected 'uint8_t *' {aka 'unsigned char *'} but argument is of type 'char *'
   30 | void print_OLED(int x, int y, uint8_t* msg, bool var_exist, int32_t val);
      |                               ~~~~~~~~~^~~
../Core/Src/test.c:168:56: warning: implicit declaration of function 'abs' [-Wimplicit-function-declaration]
  168 |                         print_OLED(50, 30, "%d", true, abs(gyro_angle - target));
      |                                                        ^~~
../Core/Src/test.c:9:1: note: include '<stdlib.h>' or provide a declaration of 'abs'
    8 | #include "test.h"
  +++ |+#include <stdlib.h>
    9 | 
../Core/Src/test.c:168:44: warning: pointer targets in passing argument 3 of 'print_OLED' differ in signedness [-Wpointer-sign]
  168 |                         print_OLED(50, 30, "%d", true, abs(gyro_angle - target));
      |                                            ^~~~
      |                                            |
      |                                            char *
../Core/Inc/helper.h:30:40: note: expected 'uint8_t *' {aka 'unsigned char *'} but argument is of type 'char *'
   30 | void print_OLED(int x, int y, uint8_t* msg, bool var_exist, int32_t val);
      |                               ~~~~~~~~~^~~
../Core/Src/test.c:178:26: warning: pointer targets in passing argument 3 of 'print_OLED' differ in signedness [-Wpointer-sign]
  178 |         print_OLED(0, 0, "Done", false, 0);
      |                          ^~~~~~
      |                          |
      |                          char *
../Core/Inc/helper.h:30:40: note: expected 'uint8_t *' {aka 'unsigned char *'} but argument is of type 'char *'
   30 | void print_OLED(int x, int y, uint8_t* msg, bool var_exist, int32_t val);
      |                               ~~~~~~~~~^~~
../Core/Src/test.c: In function 'UART3_task':
../Core/Src/test.c:182:26: warning: pointer targets in passing argument 3 of 'print_OLED' differ in signedness [-Wpointer-sign]
  182 |         print_OLED(0, 0, "cmd_cnt: %u", true, cmd_cnt);
      |                          ^~~~~~~~~~~~~
      |                          |
      |                          char *
../Core/Inc/helper.h:30:40: note: expected 'uint8_t *' {aka 'unsigned char *'} but argument is of type 'char *'
   30 | void print_OLED(int x, int y, uint8_t* msg, bool var_exist, int32_t val);
      |                               ~~~~~~~~~^~~
arm-none-eabi-gcc -o "MDP_STM32.elf" @"objects.list"   -mcpu=cortex-m4 -T"D:\3. CE Timetable and Curriculum\7. AY2023-2024 Sem 1 (Year 4)\1. SC2079 - Multidisciplinary Design Project\4. Project\SC2079_GROUP13\Hardware_STM\MDP_STM32\STM32F407VETX_FLASH.ld" --specs=nosys.specs -Wl,-Map="MDP_STM32.map" -Wl,--gc-sections -static -u _printf_float --specs=nano.specs -mfpu=fpv4-sp-d16 -mfloat-abi=hard -mthumb -Wl,--start-group -lc -lm -Wl,--end-group
Finished building target: MDP_STM32.elf
 
arm-none-eabi-size  MDP_STM32.elf 
arm-none-eabi-objdump -h -S MDP_STM32.elf  > "MDP_STM32.list"
   text	   data	    bss	    dec	    hex	filename
  45112	    476	   4628	  50216	   c428	MDP_STM32.elf
Finished building: default.size.stdout
 
Finished building: MDP_STM32.list
 
21:21:34 **** Incremental Build of configuration Debug for project MDP_STM32 ****
make -j8 all 
arm-none-eabi-size  MDP_STM32.elf 
   text	   data	    bss	    dec	    hex	filename
  45112	    476	   4628	  50216	   c428	MDP_STM32.elf
Finished building: default.size.stdout
 
22:33:48 **** Incremental Build of configuration Debug for project MDP_STM32 ****
make -j8 all 
arm-none-eabi-gcc "../Core/Src/main.c" -mcpu=cortex-m4 -std=gnu11 -g3 -DDEBUG -DUSE_HAL_DRIVER -DSTM32F407xx -c -I../Core/Inc -I../Drivers/STM32F4xx_HAL_Driver/Inc -I../Drivers/STM32F4xx_HAL_Driver/Inc/Legacy -I../Drivers/CMSIS/Device/ST/STM32F4xx/Include -I../Drivers/CMSIS/Include -O0 -ffunction-sections -fdata-sections -Wall -u _printf_float -fstack-usage -fcyclomatic-complexity -MMD -MP -MF"Core/Src/main.d" -MT"Core/Src/main.o" --specs=nano.specs -mfpu=fpv4-sp-d16 -mfloat-abi=hard -mthumb -o "Core/Src/main.o"
arm-none-eabi-gcc "../Core/Src/test.c" -mcpu=cortex-m4 -std=gnu11 -g3 -DDEBUG -DUSE_HAL_DRIVER -DSTM32F407xx -c -I../Core/Inc -I../Drivers/STM32F4xx_HAL_Driver/Inc -I../Drivers/STM32F4xx_HAL_Driver/Inc/Legacy -I../Drivers/CMSIS/Device/ST/STM32F4xx/Include -I../Drivers/CMSIS/Include -O0 -ffunction-sections -fdata-sections -Wall -u _printf_float -fstack-usage -fcyclomatic-complexity -MMD -MP -MF"Core/Src/test.d" -MT"Core/Src/test.o" --specs=nano.specs -mfpu=fpv4-sp-d16 -mfloat-abi=hard -mthumb -o "Core/Src/test.o"
../Core/Src/main.c: In function 'main':
../Core/Src/main.c:213:25: warning: pointer targets in passing argument 3 of 'OLED_ShowString' differ in signedness [-Wpointer-sign]
  213 |   OLED_ShowString(0, 0, "Press USER btn");
      |                         ^~~~~~~~~~~~~~~~
      |                         |
      |                         char *
In file included from ../Core/Src/main.c:25:
../Core/Inc/oled.h:44:59: note: expected 'const uint8_t *' {aka 'const unsigned char *'} but argument is of type 'char *'
   44 | void OLED_ShowString(uint8_t x, uint8_t y, const uint8_t *p);
      |                                            ~~~~~~~~~~~~~~~^
../Core/Src/main.c:214:26: warning: pointer targets in passing argument 3 of 'OLED_ShowString' differ in signedness [-Wpointer-sign]
  214 |   OLED_ShowString(0, 15, "to continue");
      |                          ^~~~~~~~~~~~~
      |                          |
      |                          char *
../Core/Inc/oled.h:44:59: note: expected 'const uint8_t *' {aka 'const unsigned char *'} but argument is of type 'char *'
   44 | void OLED_ShowString(uint8_t x, uint8_t y, const uint8_t *p);
      |                                            ~~~~~~~~~~~~~~~^
../Core/Src/main.c:227:20: warning: pointer targets in passing argument 3 of 'print_OLED' differ in signedness [-Wpointer-sign]
  227 |   print_OLED(0, 0, "gyroZ:", false, 0);
      |                    ^~~~~~~~
      |                    |
      |                    char *
In file included from ../Core/Src/main.c:26:
../Core/Inc/helper.h:30:40: note: expected 'uint8_t *' {aka 'unsigned char *'} but argument is of type 'char *'
   30 | void print_OLED(int x, int y, uint8_t* msg, bool var_exist, int32_t val);
      |                               ~~~~~~~~~^~~
../Core/Src/main.c:228:21: warning: pointer targets in passing argument 3 of 'print_OLED' differ in signedness [-Wpointer-sign]
  228 |   print_OLED(0, 15, "angle:", false, 0);
      |                     ^~~~~~~~
      |                     |
      |                     char *
../Core/Inc/helper.h:30:40: note: expected 'uint8_t *' {aka 'unsigned char *'} but argument is of type 'char *'
   30 | void print_OLED(int x, int y, uint8_t* msg, bool var_exist, int32_t val);
      |                               ~~~~~~~~~^~~
../Core/Src/main.c:229:21: warning: pointer targets in passing argument 3 of 'print_OLED' differ in signedness [-Wpointer-sign]
  229 |   print_OLED(0, 30, "g-t:", false, 0);
      |                     ^~~~~~
      |                     |
      |                     char *
../Core/Inc/helper.h:30:40: note: expected 'uint8_t *' {aka 'unsigned char *'} but argument is of type 'char *'
   30 | void print_OLED(int x, int y, uint8_t* msg, bool var_exist, int32_t val);
      |                               ~~~~~~~~~^~~
../Core/Src/test.c: In function 'task_A1':
../Core/Src/test.c:15:17: warning: implicit declaration of function 'servo_set_val'; did you mean 'servo_set_dir'? [-Wimplicit-function-declaration]
   15 |                 servo_set_val(LEFT);
      |                 ^~~~~~~~~~~~~
      |                 servo_set_dir
../Core/Src/test.c:18:39: warning: pointer targets in passing argument 3 of 'OLED_ShowString' differ in signedness [-Wpointer-sign]
   18 |                 OLED_ShowString(0, 0, "Left");
      |                                       ^~~~~~
      |                                       |
      |                                       char *
In file included from ../Core/Inc/test.h:12,
                 from ../Core/Src/test.c:8:
../Core/Inc/oled.h:44:59: note: expected 'const uint8_t *' {aka 'const unsigned char *'} but argument is of type 'char *'
   44 | void OLED_ShowString(uint8_t x, uint8_t y, const uint8_t *p);
      |                                            ~~~~~~~~~~~~~~~^
../Core/Src/test.c:20:17: warning: implicit declaration of function 'motor_forward_left'; did you mean 'motor_forward'? [-Wimplicit-function-declaration]
   20 |                 motor_forward_left(90);
      |                 ^~~~~~~~~~~~~~~~~~
      |                 motor_forward
../Core/Src/test.c: In function 'task_A4_right':
../Core/Src/test.c:50:19: warning: implicit declaration of function 'motor_forward_right'; did you mean 'forward_right'? [-Wimplicit-function-declaration]
   50 |                   motor_forward_right(90);
      |                   ^~~~~~~~~~~~~~~~~~~
      |                   forward_right
../Core/Src/test.c: In function 'abhinav_task':
../Core/Src/test.c:64:17: warning: implicit declaration of function 'motor_backward_inf'; did you mean 'motor_backward'? [-Wimplicit-function-declaration]
   64 |                 motor_backward_inf();
      |                 ^~~~~~~~~~~~~~~~~~
      |                 motor_backward
../Core/Src/test.c: In function 'moving_task':
../Core/Src/test.c:84:39: warning: pointer targets in passing argument 3 of 'OLED_ShowString' differ in signedness [-Wpointer-sign]
   84 |                 OLED_ShowString(0, 0, "Forward");
      |                                       ^~~~~~~~~
      |                                       |
      |                                       char *
../Core/Inc/oled.h:44:59: note: expected 'const uint8_t *' {aka 'const unsigned char *'} but argument is of type 'char *'
   44 | void OLED_ShowString(uint8_t x, uint8_t y, const uint8_t *p);
      |                                            ~~~~~~~~~~~~~~~^
../Core/Src/test.c:91:39: warning: pointer targets in passing argument 3 of 'OLED_ShowString' differ in signedness [-Wpointer-sign]
   91 |                 OLED_ShowString(0, 0, "Backward");
      |                                       ^~~~~~~~~~
      |                                       |
      |                                       char *
../Core/Inc/oled.h:44:59: note: expected 'const uint8_t *' {aka 'const unsigned char *'} but argument is of type 'char *'
   44 | void OLED_ShowString(uint8_t x, uint8_t y, const uint8_t *p);
      |                                            ~~~~~~~~~~~~~~~^
../Core/Src/test.c:98:39: warning: pointer targets in passing argument 3 of 'OLED_ShowString' differ in signedness [-Wpointer-sign]
   98 |                 OLED_ShowString(0, 0, "Left");
      |                                       ^~~~~~
      |                                       |
      |                                       char *
../Core/Inc/oled.h:44:59: note: expected 'const uint8_t *' {aka 'const unsigned char *'} but argument is of type 'char *'
   44 | void OLED_ShowString(uint8_t x, uint8_t y, const uint8_t *p);
      |                                            ~~~~~~~~~~~~~~~^
../Core/Src/test.c:105:39: warning: pointer targets in passing argument 3 of 'OLED_ShowString' differ in signedness [-Wpointer-sign]
  105 |                 OLED_ShowString(0, 0, "Right");
      |                                       ^~~~~~~
      |                                       |
      |                                       char *
../Core/Inc/oled.h:44:59: note: expected 'const uint8_t *' {aka 'const unsigned char *'} but argument is of type 'char *'
   44 | void OLED_ShowString(uint8_t x, uint8_t y, const uint8_t *p);
      |                                            ~~~~~~~~~~~~~~~^
../Core/Src/test.c: In function 'ultrasonic_task':
../Core/Src/test.c:137:5: warning: implicit declaration of function 'HCSR04_Init' [-Wimplicit-function-declaration]
  137 |     HCSR04_Init();
      |     ^~~~~~~~~~~
../Core/Src/test.c:140:22: warning: pointer targets in passing argument 3 of 'print_OLED' differ in signedness [-Wpointer-sign]
  140 |     print_OLED(0, 0, "tc1:", false, 0);
      |                      ^~~~~~
      |                      |
      |                      char *
In file included from ../Core/Inc/test.h:13:
../Core/Inc/helper.h:30:40: note: expected 'uint8_t *' {aka 'unsigned char *'} but argument is of type 'char *'
   30 | void print_OLED(int x, int y, uint8_t* msg, bool var_exist, int32_t val);
      |                               ~~~~~~~~~^~~
../Core/Src/test.c:141:23: warning: pointer targets in passing argument 3 of 'print_OLED' differ in signedness [-Wpointer-sign]
  141 |     print_OLED(0, 15, "tc2:", false, 0);
      |                       ^~~~~~
      |                       |
      |                       char *
../Core/Inc/helper.h:30:40: note: expected 'uint8_t *' {aka 'unsigned char *'} but argument is of type 'char *'
   30 | void print_OLED(int x, int y, uint8_t* msg, bool var_exist, int32_t val);
      |                               ~~~~~~~~~^~~
../Core/Src/test.c:142:23: warning: pointer targets in passing argument 3 of 'print_OLED' differ in signedness [-Wpointer-sign]
  142 |     print_OLED(0, 30, "echo:", false, 0);
      |                       ^~~~~~~
      |                       |
      |                       char *
../Core/Inc/helper.h:30:40: note: expected 'uint8_t *' {aka 'unsigned char *'} but argument is of type 'char *'
   30 | void print_OLED(int x, int y, uint8_t* msg, bool var_exist, int32_t val);
      |                               ~~~~~~~~~^~~
../Core/Src/test.c:143:23: warning: pointer targets in passing argument 3 of 'print_OLED' differ in signedness [-Wpointer-sign]
  143 |     print_OLED(0, 45, "dist:", false, 0);
      |                       ^~~~~~~
      |                       |
      |                       char *
../Core/Inc/helper.h:30:40: note: expected 'uint8_t *' {aka 'unsigned char *'} but argument is of type 'char *'
   30 | void print_OLED(int x, int y, uint8_t* msg, bool var_exist, int32_t val);
      |                               ~~~~~~~~~^~~
../Core/Src/test.c:145:23: warning: pointer targets in passing argument 3 of 'print_OLED' differ in signedness [-Wpointer-sign]
  145 |     print_OLED(40, 0, "%u", true, tc1);
      |                       ^~~~
      |                       |
      |                       char *
../Core/Inc/helper.h:30:40: note: expected 'uint8_t *' {aka 'unsigned char *'} but argument is of type 'char *'
   30 | void print_OLED(int x, int y, uint8_t* msg, bool var_exist, int32_t val);
      |                               ~~~~~~~~~^~~
../Core/Src/test.c:146:24: warning: pointer targets in passing argument 3 of 'print_OLED' differ in signedness [-Wpointer-sign]
  146 |     print_OLED(40, 15, "%u", true, tc2);
      |                        ^~~~
      |                        |
      |                        char *
../Core/Inc/helper.h:30:40: note: expected 'uint8_t *' {aka 'unsigned char *'} but argument is of type 'char *'
   30 | void print_OLED(int x, int y, uint8_t* msg, bool var_exist, int32_t val);
      |                               ~~~~~~~~~^~~
../Core/Src/test.c:147:24: warning: pointer targets in passing argument 3 of 'print_OLED' differ in signedness [-Wpointer-sign]
  147 |     print_OLED(40, 30, "%u", true, echo);
      |                        ^~~~
      |                        |
      |                        char *
../Core/Inc/helper.h:30:40: note: expected 'uint8_t *' {aka 'unsigned char *'} but argument is of type 'char *'
   30 | void print_OLED(int x, int y, uint8_t* msg, bool var_exist, int32_t val);
      |                               ~~~~~~~~~^~~
../Core/Src/test.c:148:24: warning: pointer targets in passing argument 3 of 'print_OLED' differ in signedness [-Wpointer-sign]
  148 |     print_OLED(40, 45, "%u", true, dist);
      |                        ^~~~
      |                        |
      |                        char *
../Core/Inc/helper.h:30:40: note: expected 'uint8_t *' {aka 'unsigned char *'} but argument is of type 'char *'
   30 | void print_OLED(int x, int y, uint8_t* msg, bool var_exist, int32_t val);
      |                               ~~~~~~~~~^~~
../Core/Src/test.c: In function 'gyroscope_task':
../Core/Src/test.c:166:43: warning: pointer targets in passing argument 3 of 'print_OLED' differ in signedness [-Wpointer-sign]
  166 |                         print_OLED(50, 0, "%d", true, gyroZ);
      |                                           ^~~~
      |                                           |
      |                                           char *
../Core/Inc/helper.h:30:40: note: expected 'uint8_t *' {aka 'unsigned char *'} but argument is of type 'char *'
   30 | void print_OLED(int x, int y, uint8_t* msg, bool var_exist, int32_t val);
      |                               ~~~~~~~~~^~~
../Core/Src/test.c:167:44: warning: pointer targets in passing argument 3 of 'print_OLED' differ in signedness [-Wpointer-sign]
  167 |                         print_OLED(70, 15, "%d", true, gyro_angle);
      |                                            ^~~~
      |                                            |
      |                                            char *
../Core/Inc/helper.h:30:40: note: expected 'uint8_t *' {aka 'unsigned char *'} but argument is of type 'char *'
   30 | void print_OLED(int x, int y, uint8_t* msg, bool var_exist, int32_t val);
      |                               ~~~~~~~~~^~~
../Core/Src/test.c:168:56: warning: implicit declaration of function 'abs' [-Wimplicit-function-declaration]
  168 |                         print_OLED(50, 30, "%d", true, abs(gyro_angle - target));
      |                                                        ^~~
../Core/Src/test.c:9:1: note: include '<stdlib.h>' or provide a declaration of 'abs'
    8 | #include "test.h"
  +++ |+#include <stdlib.h>
    9 | 
../Core/Src/test.c:168:44: warning: pointer targets in passing argument 3 of 'print_OLED' differ in signedness [-Wpointer-sign]
  168 |                         print_OLED(50, 30, "%d", true, abs(gyro_angle - target));
      |                                            ^~~~
      |                                            |
      |                                            char *
../Core/Inc/helper.h:30:40: note: expected 'uint8_t *' {aka 'unsigned char *'} but argument is of type 'char *'
   30 | void print_OLED(int x, int y, uint8_t* msg, bool var_exist, int32_t val);
      |                               ~~~~~~~~~^~~
../Core/Src/test.c:178:26: warning: pointer targets in passing argument 3 of 'print_OLED' differ in signedness [-Wpointer-sign]
  178 |         print_OLED(0, 0, "Done", false, 0);
      |                          ^~~~~~
      |                          |
      |                          char *
../Core/Inc/helper.h:30:40: note: expected 'uint8_t *' {aka 'unsigned char *'} but argument is of type 'char *'
   30 | void print_OLED(int x, int y, uint8_t* msg, bool var_exist, int32_t val);
      |                               ~~~~~~~~~^~~
../Core/Src/test.c: In function 'UART3_task':
../Core/Src/test.c:182:26: warning: pointer targets in passing argument 3 of 'print_OLED' differ in signedness [-Wpointer-sign]
  182 |         print_OLED(0, 0, "cmd_cnt: %u", true, cmd_cnt);
      |                          ^~~~~~~~~~~~~
      |                          |
      |                          char *
../Core/Inc/helper.h:30:40: note: expected 'uint8_t *' {aka 'unsigned char *'} but argument is of type 'char *'
   30 | void print_OLED(int x, int y, uint8_t* msg, bool var_exist, int32_t val);
      |                               ~~~~~~~~~^~~
../Core/Src/test.c: In function 'count_encoder_task':
../Core/Src/test.c:200:17: error: 'encoder_cnt' undeclared (first use in this function)
  200 |                 encoder_cnt = __HAL_TIM_GET_COUNTER(l_enc_tim);
      |                 ^~~~~~~~~~~
../Core/Src/test.c:200:17: note: each undeclared identifier is reported only once for each function it appears in
In file included from ../Core/Inc/stm32f4xx_hal_conf.h:407,
                 from ../Drivers/STM32F4xx_HAL_Driver/Inc/stm32f4xx_hal.h:29,
                 from ../Core/Inc/main.h:30,
                 from ../Core/Inc/test.h:11:
../Core/Src/test.c:200:53: error: 'l_enc_tim' undeclared (first use in this function)
  200 |                 encoder_cnt = __HAL_TIM_GET_COUNTER(l_enc_tim);
      |                                                     ^~~~~~~~~
../Drivers/STM32F4xx_HAL_Driver/Inc/stm32f4xx_hal_tim.h:1289:46: note: in definition of macro '__HAL_TIM_GET_COUNTER'
 1289 | #define __HAL_TIM_GET_COUNTER(__HANDLE__)  ((__HANDLE__)->Instance->CNT)
      |                                              ^~~~~~~~~~
../Core/Src/test.c:201:34: warning: pointer targets in passing argument 3 of 'print_OLED' differ in signedness [-Wpointer-sign]
  201 |                 print_OLED(0, 0, "%u", true, 65535 - encoder_cnt);
      |                                  ^~~~
      |                                  |
      |                                  char *
../Core/Inc/helper.h:30:40: note: expected 'uint8_t *' {aka 'unsigned char *'} but argument is of type 'char *'
   30 | void print_OLED(int x, int y, uint8_t* msg, bool var_exist, int32_t val);
      |                               ~~~~~~~~~^~~
make: *** [Core/Src/subdir.mk:55: Core/Src/test.o] Error 1
make: *** Waiting for unfinished jobs....
"make -j8 all" terminated with exit code 2. Build might be incomplete.
22:36:49 **** Incremental Build of configuration Debug for project MDP_STM32 ****
make -j8 all 
arm-none-eabi-gcc "../Core/Src/main.c" -mcpu=cortex-m4 -std=gnu11 -g3 -DDEBUG -DUSE_HAL_DRIVER -DSTM32F407xx -c -I../Core/Inc -I../Drivers/STM32F4xx_HAL_Driver/Inc -I../Drivers/STM32F4xx_HAL_Driver/Inc/Legacy -I../Drivers/CMSIS/Device/ST/STM32F4xx/Include -I../Drivers/CMSIS/Include -O0 -ffunction-sections -fdata-sections -Wall -u _printf_float -fstack-usage -fcyclomatic-complexity -MMD -MP -MF"Core/Src/main.d" -MT"Core/Src/main.o" --specs=nano.specs -mfpu=fpv4-sp-d16 -mfloat-abi=hard -mthumb -o "Core/Src/main.o"
arm-none-eabi-gcc "../Core/Src/test.c" -mcpu=cortex-m4 -std=gnu11 -g3 -DDEBUG -DUSE_HAL_DRIVER -DSTM32F407xx -c -I../Core/Inc -I../Drivers/STM32F4xx_HAL_Driver/Inc -I../Drivers/STM32F4xx_HAL_Driver/Inc/Legacy -I../Drivers/CMSIS/Device/ST/STM32F4xx/Include -I../Drivers/CMSIS/Include -O0 -ffunction-sections -fdata-sections -Wall -u _printf_float -fstack-usage -fcyclomatic-complexity -MMD -MP -MF"Core/Src/test.d" -MT"Core/Src/test.o" --specs=nano.specs -mfpu=fpv4-sp-d16 -mfloat-abi=hard -mthumb -o "Core/Src/test.o"
../Core/Src/main.c: In function 'main':
../Core/Src/main.c:213:25: warning: pointer targets in passing argument 3 of 'OLED_ShowString' differ in signedness [-Wpointer-sign]
  213 |   OLED_ShowString(0, 0, "Press USER btn");
      |                         ^~~~~~~~~~~~~~~~
      |                         |
      |                         char *
In file included from ../Core/Src/main.c:25:
../Core/Inc/oled.h:44:59: note: expected 'const uint8_t *' {aka 'const unsigned char *'} but argument is of type 'char *'
   44 | void OLED_ShowString(uint8_t x, uint8_t y, const uint8_t *p);
      |                                            ~~~~~~~~~~~~~~~^
../Core/Src/main.c:214:26: warning: pointer targets in passing argument 3 of 'OLED_ShowString' differ in signedness [-Wpointer-sign]
  214 |   OLED_ShowString(0, 15, "to continue");
      |                          ^~~~~~~~~~~~~
      |                          |
      |                          char *
../Core/Inc/oled.h:44:59: note: expected 'const uint8_t *' {aka 'const unsigned char *'} but argument is of type 'char *'
   44 | void OLED_ShowString(uint8_t x, uint8_t y, const uint8_t *p);
      |                                            ~~~~~~~~~~~~~~~^
../Core/Src/main.c:227:20: warning: pointer targets in passing argument 3 of 'print_OLED' differ in signedness [-Wpointer-sign]
  227 |   print_OLED(0, 0, "gyroZ:", false, 0);
      |                    ^~~~~~~~
      |                    |
      |                    char *
In file included from ../Core/Src/main.c:26:
../Core/Inc/helper.h:30:40: note: expected 'uint8_t *' {aka 'unsigned char *'} but argument is of type 'char *'
   30 | void print_OLED(int x, int y, uint8_t* msg, bool var_exist, int32_t val);
      |                               ~~~~~~~~~^~~
../Core/Src/main.c:228:21: warning: pointer targets in passing argument 3 of 'print_OLED' differ in signedness [-Wpointer-sign]
  228 |   print_OLED(0, 15, "angle:", false, 0);
      |                     ^~~~~~~~
      |                     |
      |                     char *
../Core/Inc/helper.h:30:40: note: expected 'uint8_t *' {aka 'unsigned char *'} but argument is of type 'char *'
   30 | void print_OLED(int x, int y, uint8_t* msg, bool var_exist, int32_t val);
      |                               ~~~~~~~~~^~~
../Core/Src/main.c:229:21: warning: pointer targets in passing argument 3 of 'print_OLED' differ in signedness [-Wpointer-sign]
  229 |   print_OLED(0, 30, "g-t:", false, 0);
      |                     ^~~~~~
      |                     |
      |                     char *
../Core/Inc/helper.h:30:40: note: expected 'uint8_t *' {aka 'unsigned char *'} but argument is of type 'char *'
   30 | void print_OLED(int x, int y, uint8_t* msg, bool var_exist, int32_t val);
      |                               ~~~~~~~~~^~~
../Core/Src/test.c: In function 'task_A1':
../Core/Src/test.c:15:17: warning: implicit declaration of function 'servo_set_val'; did you mean 'servo_set_dir'? [-Wimplicit-function-declaration]
   15 |                 servo_set_val(LEFT);
      |                 ^~~~~~~~~~~~~
      |                 servo_set_dir
../Core/Src/test.c:18:39: warning: pointer targets in passing argument 3 of 'OLED_ShowString' differ in signedness [-Wpointer-sign]
   18 |                 OLED_ShowString(0, 0, "Left");
      |                                       ^~~~~~
      |                                       |
      |                                       char *
In file included from ../Core/Inc/test.h:12,
                 from ../Core/Src/test.c:8:
../Core/Inc/oled.h:44:59: note: expected 'const uint8_t *' {aka 'const unsigned char *'} but argument is of type 'char *'
   44 | void OLED_ShowString(uint8_t x, uint8_t y, const uint8_t *p);
      |                                            ~~~~~~~~~~~~~~~^
../Core/Src/test.c:20:17: warning: implicit declaration of function 'motor_forward_left'; did you mean 'motor_forward'? [-Wimplicit-function-declaration]
   20 |                 motor_forward_left(90);
      |                 ^~~~~~~~~~~~~~~~~~
      |                 motor_forward
../Core/Src/test.c: In function 'task_A4_right':
../Core/Src/test.c:50:19: warning: implicit declaration of function 'motor_forward_right'; did you mean 'forward_right'? [-Wimplicit-function-declaration]
   50 |                   motor_forward_right(90);
      |                   ^~~~~~~~~~~~~~~~~~~
      |                   forward_right
../Core/Src/test.c: In function 'abhinav_task':
../Core/Src/test.c:64:17: warning: implicit declaration of function 'motor_backward_inf'; did you mean 'motor_backward'? [-Wimplicit-function-declaration]
   64 |                 motor_backward_inf();
      |                 ^~~~~~~~~~~~~~~~~~
      |                 motor_backward
../Core/Src/test.c: In function 'moving_task':
../Core/Src/test.c:84:39: warning: pointer targets in passing argument 3 of 'OLED_ShowString' differ in signedness [-Wpointer-sign]
   84 |                 OLED_ShowString(0, 0, "Forward");
      |                                       ^~~~~~~~~
      |                                       |
      |                                       char *
../Core/Inc/oled.h:44:59: note: expected 'const uint8_t *' {aka 'const unsigned char *'} but argument is of type 'char *'
   44 | void OLED_ShowString(uint8_t x, uint8_t y, const uint8_t *p);
      |                                            ~~~~~~~~~~~~~~~^
../Core/Src/test.c:91:39: warning: pointer targets in passing argument 3 of 'OLED_ShowString' differ in signedness [-Wpointer-sign]
   91 |                 OLED_ShowString(0, 0, "Backward");
      |                                       ^~~~~~~~~~
      |                                       |
      |                                       char *
../Core/Inc/oled.h:44:59: note: expected 'const uint8_t *' {aka 'const unsigned char *'} but argument is of type 'char *'
   44 | void OLED_ShowString(uint8_t x, uint8_t y, const uint8_t *p);
      |                                            ~~~~~~~~~~~~~~~^
../Core/Src/test.c:98:39: warning: pointer targets in passing argument 3 of 'OLED_ShowString' differ in signedness [-Wpointer-sign]
   98 |                 OLED_ShowString(0, 0, "Left");
      |                                       ^~~~~~
      |                                       |
      |                                       char *
../Core/Inc/oled.h:44:59: note: expected 'const uint8_t *' {aka 'const unsigned char *'} but argument is of type 'char *'
   44 | void OLED_ShowString(uint8_t x, uint8_t y, const uint8_t *p);
      |                                            ~~~~~~~~~~~~~~~^
../Core/Src/test.c:105:39: warning: pointer targets in passing argument 3 of 'OLED_ShowString' differ in signedness [-Wpointer-sign]
  105 |                 OLED_ShowString(0, 0, "Right");
      |                                       ^~~~~~~
      |                                       |
      |                                       char *
../Core/Inc/oled.h:44:59: note: expected 'const uint8_t *' {aka 'const unsigned char *'} but argument is of type 'char *'
   44 | void OLED_ShowString(uint8_t x, uint8_t y, const uint8_t *p);
      |                                            ~~~~~~~~~~~~~~~^
../Core/Src/test.c: In function 'ultrasonic_task':
../Core/Src/test.c:137:5: warning: implicit declaration of function 'HCSR04_Init' [-Wimplicit-function-declaration]
  137 |     HCSR04_Init();
      |     ^~~~~~~~~~~
../Core/Src/test.c:140:22: warning: pointer targets in passing argument 3 of 'print_OLED' differ in signedness [-Wpointer-sign]
  140 |     print_OLED(0, 0, "tc1:", false, 0);
      |                      ^~~~~~
      |                      |
      |                      char *
In file included from ../Core/Inc/test.h:13:
../Core/Inc/helper.h:30:40: note: expected 'uint8_t *' {aka 'unsigned char *'} but argument is of type 'char *'
   30 | void print_OLED(int x, int y, uint8_t* msg, bool var_exist, int32_t val);
      |                               ~~~~~~~~~^~~
../Core/Src/test.c:141:23: warning: pointer targets in passing argument 3 of 'print_OLED' differ in signedness [-Wpointer-sign]
  141 |     print_OLED(0, 15, "tc2:", false, 0);
      |                       ^~~~~~
      |                       |
      |                       char *
../Core/Inc/helper.h:30:40: note: expected 'uint8_t *' {aka 'unsigned char *'} but argument is of type 'char *'
   30 | void print_OLED(int x, int y, uint8_t* msg, bool var_exist, int32_t val);
      |                               ~~~~~~~~~^~~
../Core/Src/test.c:142:23: warning: pointer targets in passing argument 3 of 'print_OLED' differ in signedness [-Wpointer-sign]
  142 |     print_OLED(0, 30, "echo:", false, 0);
      |                       ^~~~~~~
      |                       |
      |                       char *
../Core/Inc/helper.h:30:40: note: expected 'uint8_t *' {aka 'unsigned char *'} but argument is of type 'char *'
   30 | void print_OLED(int x, int y, uint8_t* msg, bool var_exist, int32_t val);
      |                               ~~~~~~~~~^~~
../Core/Src/test.c:143:23: warning: pointer targets in passing argument 3 of 'print_OLED' differ in signedness [-Wpointer-sign]
  143 |     print_OLED(0, 45, "dist:", false, 0);
      |                       ^~~~~~~
      |                       |
      |                       char *
../Core/Inc/helper.h:30:40: note: expected 'uint8_t *' {aka 'unsigned char *'} but argument is of type 'char *'
   30 | void print_OLED(int x, int y, uint8_t* msg, bool var_exist, int32_t val);
      |                               ~~~~~~~~~^~~
../Core/Src/test.c:145:23: warning: pointer targets in passing argument 3 of 'print_OLED' differ in signedness [-Wpointer-sign]
  145 |     print_OLED(40, 0, "%u", true, tc1);
      |                       ^~~~
      |                       |
      |                       char *
../Core/Inc/helper.h:30:40: note: expected 'uint8_t *' {aka 'unsigned char *'} but argument is of type 'char *'
   30 | void print_OLED(int x, int y, uint8_t* msg, bool var_exist, int32_t val);
      |                               ~~~~~~~~~^~~
../Core/Src/test.c:146:24: warning: pointer targets in passing argument 3 of 'print_OLED' differ in signedness [-Wpointer-sign]
  146 |     print_OLED(40, 15, "%u", true, tc2);
      |                        ^~~~
      |                        |
      |                        char *
../Core/Inc/helper.h:30:40: note: expected 'uint8_t *' {aka 'unsigned char *'} but argument is of type 'char *'
   30 | void print_OLED(int x, int y, uint8_t* msg, bool var_exist, int32_t val);
      |                               ~~~~~~~~~^~~
../Core/Src/test.c:147:24: warning: pointer targets in passing argument 3 of 'print_OLED' differ in signedness [-Wpointer-sign]
  147 |     print_OLED(40, 30, "%u", true, echo);
      |                        ^~~~
      |                        |
      |                        char *
../Core/Inc/helper.h:30:40: note: expected 'uint8_t *' {aka 'unsigned char *'} but argument is of type 'char *'
   30 | void print_OLED(int x, int y, uint8_t* msg, bool var_exist, int32_t val);
      |                               ~~~~~~~~~^~~
../Core/Src/test.c:148:24: warning: pointer targets in passing argument 3 of 'print_OLED' differ in signedness [-Wpointer-sign]
  148 |     print_OLED(40, 45, "%u", true, dist);
      |                        ^~~~
      |                        |
      |                        char *
../Core/Inc/helper.h:30:40: note: expected 'uint8_t *' {aka 'unsigned char *'} but argument is of type 'char *'
   30 | void print_OLED(int x, int y, uint8_t* msg, bool var_exist, int32_t val);
      |                               ~~~~~~~~~^~~
../Core/Src/test.c: In function 'gyroscope_task':
../Core/Src/test.c:166:43: warning: pointer targets in passing argument 3 of 'print_OLED' differ in signedness [-Wpointer-sign]
  166 |                         print_OLED(50, 0, "%d", true, gyroZ);
      |                                           ^~~~
      |                                           |
      |                                           char *
../Core/Inc/helper.h:30:40: note: expected 'uint8_t *' {aka 'unsigned char *'} but argument is of type 'char *'
   30 | void print_OLED(int x, int y, uint8_t* msg, bool var_exist, int32_t val);
      |                               ~~~~~~~~~^~~
../Core/Src/test.c:167:44: warning: pointer targets in passing argument 3 of 'print_OLED' differ in signedness [-Wpointer-sign]
  167 |                         print_OLED(70, 15, "%d", true, gyro_angle);
      |                                            ^~~~
      |                                            |
      |                                            char *
../Core/Inc/helper.h:30:40: note: expected 'uint8_t *' {aka 'unsigned char *'} but argument is of type 'char *'
   30 | void print_OLED(int x, int y, uint8_t* msg, bool var_exist, int32_t val);
      |                               ~~~~~~~~~^~~
../Core/Src/test.c:168:56: warning: implicit declaration of function 'abs' [-Wimplicit-function-declaration]
  168 |                         print_OLED(50, 30, "%d", true, abs(gyro_angle - target));
      |                                                        ^~~
../Core/Src/test.c:9:1: note: include '<stdlib.h>' or provide a declaration of 'abs'
    8 | #include "test.h"
  +++ |+#include <stdlib.h>
    9 | 
../Core/Src/test.c:168:44: warning: pointer targets in passing argument 3 of 'print_OLED' differ in signedness [-Wpointer-sign]
  168 |                         print_OLED(50, 30, "%d", true, abs(gyro_angle - target));
      |                                            ^~~~
      |                                            |
      |                                            char *
../Core/Inc/helper.h:30:40: note: expected 'uint8_t *' {aka 'unsigned char *'} but argument is of type 'char *'
   30 | void print_OLED(int x, int y, uint8_t* msg, bool var_exist, int32_t val);
      |                               ~~~~~~~~~^~~
../Core/Src/test.c:178:26: warning: pointer targets in passing argument 3 of 'print_OLED' differ in signedness [-Wpointer-sign]
  178 |         print_OLED(0, 0, "Done", false, 0);
      |                          ^~~~~~
      |                          |
      |                          char *
../Core/Inc/helper.h:30:40: note: expected 'uint8_t *' {aka 'unsigned char *'} but argument is of type 'char *'
   30 | void print_OLED(int x, int y, uint8_t* msg, bool var_exist, int32_t val);
      |                               ~~~~~~~~~^~~
../Core/Src/test.c: In function 'UART3_task':
../Core/Src/test.c:182:26: warning: pointer targets in passing argument 3 of 'print_OLED' differ in signedness [-Wpointer-sign]
  182 |         print_OLED(0, 0, "cmd_cnt: %u", true, cmd_cnt);
      |                          ^~~~~~~~~~~~~
      |                          |
      |                          char *
../Core/Inc/helper.h:30:40: note: expected 'uint8_t *' {aka 'unsigned char *'} but argument is of type 'char *'
   30 | void print_OLED(int x, int y, uint8_t* msg, bool var_exist, int32_t val);
      |                               ~~~~~~~~~^~~
In file included from ../Core/Inc/stm32f4xx_hal_conf.h:407,
                 from ../Drivers/STM32F4xx_HAL_Driver/Inc/stm32f4xx_hal.h:29,
                 from ../Core/Inc/main.h:30,
                 from ../Core/Inc/test.h:11:
../Core/Src/test.c: In function 'count_encoder_task':
../Core/Src/test.c:202:53: error: 'l_enc_tim' undeclared (first use in this function)
  202 |                 encoder_cnt = __HAL_TIM_GET_COUNTER(l_enc_tim);
      |                                                     ^~~~~~~~~
../Drivers/STM32F4xx_HAL_Driver/Inc/stm32f4xx_hal_tim.h:1289:46: note: in definition of macro '__HAL_TIM_GET_COUNTER'
 1289 | #define __HAL_TIM_GET_COUNTER(__HANDLE__)  ((__HANDLE__)->Instance->CNT)
      |                                              ^~~~~~~~~~
../Core/Src/test.c:202:53: note: each undeclared identifier is reported only once for each function it appears in
  202 |                 encoder_cnt = __HAL_TIM_GET_COUNTER(l_enc_tim);
      |                                                     ^~~~~~~~~
../Drivers/STM32F4xx_HAL_Driver/Inc/stm32f4xx_hal_tim.h:1289:46: note: in definition of macro '__HAL_TIM_GET_COUNTER'
 1289 | #define __HAL_TIM_GET_COUNTER(__HANDLE__)  ((__HANDLE__)->Instance->CNT)
      |                                              ^~~~~~~~~~
../Core/Src/test.c:203:34: warning: pointer targets in passing argument 3 of 'print_OLED' differ in signedness [-Wpointer-sign]
  203 |                 print_OLED(0, 0, "%u", true, 65535 - encoder_cnt);
      |                                  ^~~~
      |                                  |
      |                                  char *
../Core/Inc/helper.h:30:40: note: expected 'uint8_t *' {aka 'unsigned char *'} but argument is of type 'char *'
   30 | void print_OLED(int x, int y, uint8_t* msg, bool var_exist, int32_t val);
      |                               ~~~~~~~~~^~~
make: *** [Core/Src/subdir.mk:55: Core/Src/test.o] Error 1
make: *** Waiting for unfinished jobs....
"make -j8 all" terminated with exit code 2. Build might be incomplete.
22:37:01 **** Incremental Build of configuration Debug for project MDP_STM32 ****
make -j8 all 
arm-none-eabi-gcc "../Core/Src/test.c" -mcpu=cortex-m4 -std=gnu11 -g3 -DDEBUG -DUSE_HAL_DRIVER -DSTM32F407xx -c -I../Core/Inc -I../Drivers/STM32F4xx_HAL_Driver/Inc -I../Drivers/STM32F4xx_HAL_Driver/Inc/Legacy -I../Drivers/CMSIS/Device/ST/STM32F4xx/Include -I../Drivers/CMSIS/Include -O0 -ffunction-sections -fdata-sections -Wall -u _printf_float -fstack-usage -fcyclomatic-complexity -MMD -MP -MF"Core/Src/test.d" -MT"Core/Src/test.o" --specs=nano.specs -mfpu=fpv4-sp-d16 -mfloat-abi=hard -mthumb -o "Core/Src/test.o"
../Core/Src/test.c: In function 'task_A1':
../Core/Src/test.c:15:17: warning: implicit declaration of function 'servo_set_val'; did you mean 'servo_set_dir'? [-Wimplicit-function-declaration]
   15 |                 servo_set_val(LEFT);
      |                 ^~~~~~~~~~~~~
      |                 servo_set_dir
../Core/Src/test.c:18:39: warning: pointer targets in passing argument 3 of 'OLED_ShowString' differ in signedness [-Wpointer-sign]
   18 |                 OLED_ShowString(0, 0, "Left");
      |                                       ^~~~~~
      |                                       |
      |                                       char *
In file included from ../Core/Inc/test.h:12,
                 from ../Core/Src/test.c:8:
../Core/Inc/oled.h:44:59: note: expected 'const uint8_t *' {aka 'const unsigned char *'} but argument is of type 'char *'
   44 | void OLED_ShowString(uint8_t x, uint8_t y, const uint8_t *p);
      |                                            ~~~~~~~~~~~~~~~^
../Core/Src/test.c:20:17: warning: implicit declaration of function 'motor_forward_left'; did you mean 'motor_forward'? [-Wimplicit-function-declaration]
   20 |                 motor_forward_left(90);
      |                 ^~~~~~~~~~~~~~~~~~
      |                 motor_forward
../Core/Src/test.c: In function 'task_A4_right':
../Core/Src/test.c:50:19: warning: implicit declaration of function 'motor_forward_right'; did you mean 'forward_right'? [-Wimplicit-function-declaration]
   50 |                   motor_forward_right(90);
      |                   ^~~~~~~~~~~~~~~~~~~
      |                   forward_right
../Core/Src/test.c: In function 'abhinav_task':
../Core/Src/test.c:64:17: warning: implicit declaration of function 'motor_backward_inf'; did you mean 'motor_backward'? [-Wimplicit-function-declaration]
   64 |                 motor_backward_inf();
      |                 ^~~~~~~~~~~~~~~~~~
      |                 motor_backward
../Core/Src/test.c: In function 'moving_task':
../Core/Src/test.c:84:39: warning: pointer targets in passing argument 3 of 'OLED_ShowString' differ in signedness [-Wpointer-sign]
   84 |                 OLED_ShowString(0, 0, "Forward");
      |                                       ^~~~~~~~~
      |                                       |
      |                                       char *
../Core/Inc/oled.h:44:59: note: expected 'const uint8_t *' {aka 'const unsigned char *'} but argument is of type 'char *'
   44 | void OLED_ShowString(uint8_t x, uint8_t y, const uint8_t *p);
      |                                            ~~~~~~~~~~~~~~~^
../Core/Src/test.c:91:39: warning: pointer targets in passing argument 3 of 'OLED_ShowString' differ in signedness [-Wpointer-sign]
   91 |                 OLED_ShowString(0, 0, "Backward");
      |                                       ^~~~~~~~~~
      |                                       |
      |                                       char *
../Core/Inc/oled.h:44:59: note: expected 'const uint8_t *' {aka 'const unsigned char *'} but argument is of type 'char *'
   44 | void OLED_ShowString(uint8_t x, uint8_t y, const uint8_t *p);
      |                                            ~~~~~~~~~~~~~~~^
../Core/Src/test.c:98:39: warning: pointer targets in passing argument 3 of 'OLED_ShowString' differ in signedness [-Wpointer-sign]
   98 |                 OLED_ShowString(0, 0, "Left");
      |                                       ^~~~~~
      |                                       |
      |                                       char *
../Core/Inc/oled.h:44:59: note: expected 'const uint8_t *' {aka 'const unsigned char *'} but argument is of type 'char *'
   44 | void OLED_ShowString(uint8_t x, uint8_t y, const uint8_t *p);
      |                                            ~~~~~~~~~~~~~~~^
../Core/Src/test.c:105:39: warning: pointer targets in passing argument 3 of 'OLED_ShowString' differ in signedness [-Wpointer-sign]
  105 |                 OLED_ShowString(0, 0, "Right");
      |                                       ^~~~~~~
      |                                       |
      |                                       char *
../Core/Inc/oled.h:44:59: note: expected 'const uint8_t *' {aka 'const unsigned char *'} but argument is of type 'char *'
   44 | void OLED_ShowString(uint8_t x, uint8_t y, const uint8_t *p);
      |                                            ~~~~~~~~~~~~~~~^
../Core/Src/test.c: In function 'ultrasonic_task':
../Core/Src/test.c:137:5: warning: implicit declaration of function 'HCSR04_Init' [-Wimplicit-function-declaration]
  137 |     HCSR04_Init();
      |     ^~~~~~~~~~~
../Core/Src/test.c:140:22: warning: pointer targets in passing argument 3 of 'print_OLED' differ in signedness [-Wpointer-sign]
  140 |     print_OLED(0, 0, "tc1:", false, 0);
      |                      ^~~~~~
      |                      |
      |                      char *
In file included from ../Core/Inc/test.h:13:
../Core/Inc/helper.h:30:40: note: expected 'uint8_t *' {aka 'unsigned char *'} but argument is of type 'char *'
   30 | void print_OLED(int x, int y, uint8_t* msg, bool var_exist, int32_t val);
      |                               ~~~~~~~~~^~~
../Core/Src/test.c:141:23: warning: pointer targets in passing argument 3 of 'print_OLED' differ in signedness [-Wpointer-sign]
  141 |     print_OLED(0, 15, "tc2:", false, 0);
      |                       ^~~~~~
      |                       |
      |                       char *
../Core/Inc/helper.h:30:40: note: expected 'uint8_t *' {aka 'unsigned char *'} but argument is of type 'char *'
   30 | void print_OLED(int x, int y, uint8_t* msg, bool var_exist, int32_t val);
      |                               ~~~~~~~~~^~~
../Core/Src/test.c:142:23: warning: pointer targets in passing argument 3 of 'print_OLED' differ in signedness [-Wpointer-sign]
  142 |     print_OLED(0, 30, "echo:", false, 0);
      |                       ^~~~~~~
      |                       |
      |                       char *
../Core/Inc/helper.h:30:40: note: expected 'uint8_t *' {aka 'unsigned char *'} but argument is of type 'char *'
   30 | void print_OLED(int x, int y, uint8_t* msg, bool var_exist, int32_t val);
      |                               ~~~~~~~~~^~~
../Core/Src/test.c:143:23: warning: pointer targets in passing argument 3 of 'print_OLED' differ in signedness [-Wpointer-sign]
  143 |     print_OLED(0, 45, "dist:", false, 0);
      |                       ^~~~~~~
      |                       |
      |                       char *
../Core/Inc/helper.h:30:40: note: expected 'uint8_t *' {aka 'unsigned char *'} but argument is of type 'char *'
   30 | void print_OLED(int x, int y, uint8_t* msg, bool var_exist, int32_t val);
      |                               ~~~~~~~~~^~~
../Core/Src/test.c:145:23: warning: pointer targets in passing argument 3 of 'print_OLED' differ in signedness [-Wpointer-sign]
  145 |     print_OLED(40, 0, "%u", true, tc1);
      |                       ^~~~
      |                       |
      |                       char *
../Core/Inc/helper.h:30:40: note: expected 'uint8_t *' {aka 'unsigned char *'} but argument is of type 'char *'
   30 | void print_OLED(int x, int y, uint8_t* msg, bool var_exist, int32_t val);
      |                               ~~~~~~~~~^~~
../Core/Src/test.c:146:24: warning: pointer targets in passing argument 3 of 'print_OLED' differ in signedness [-Wpointer-sign]
  146 |     print_OLED(40, 15, "%u", true, tc2);
      |                        ^~~~
      |                        |
      |                        char *
../Core/Inc/helper.h:30:40: note: expected 'uint8_t *' {aka 'unsigned char *'} but argument is of type 'char *'
   30 | void print_OLED(int x, int y, uint8_t* msg, bool var_exist, int32_t val);
      |                               ~~~~~~~~~^~~
../Core/Src/test.c:147:24: warning: pointer targets in passing argument 3 of 'print_OLED' differ in signedness [-Wpointer-sign]
  147 |     print_OLED(40, 30, "%u", true, echo);
      |                        ^~~~
      |                        |
      |                        char *
../Core/Inc/helper.h:30:40: note: expected 'uint8_t *' {aka 'unsigned char *'} but argument is of type 'char *'
   30 | void print_OLED(int x, int y, uint8_t* msg, bool var_exist, int32_t val);
      |                               ~~~~~~~~~^~~
../Core/Src/test.c:148:24: warning: pointer targets in passing argument 3 of 'print_OLED' differ in signedness [-Wpointer-sign]
  148 |     print_OLED(40, 45, "%u", true, dist);
      |                        ^~~~
      |                        |
      |                        char *
../Core/Inc/helper.h:30:40: note: expected 'uint8_t *' {aka 'unsigned char *'} but argument is of type 'char *'
   30 | void print_OLED(int x, int y, uint8_t* msg, bool var_exist, int32_t val);
      |                               ~~~~~~~~~^~~
../Core/Src/test.c: In function 'gyroscope_task':
../Core/Src/test.c:166:43: warning: pointer targets in passing argument 3 of 'print_OLED' differ in signedness [-Wpointer-sign]
  166 |                         print_OLED(50, 0, "%d", true, gyroZ);
      |                                           ^~~~
      |                                           |
      |                                           char *
../Core/Inc/helper.h:30:40: note: expected 'uint8_t *' {aka 'unsigned char *'} but argument is of type 'char *'
   30 | void print_OLED(int x, int y, uint8_t* msg, bool var_exist, int32_t val);
      |                               ~~~~~~~~~^~~
../Core/Src/test.c:167:44: warning: pointer targets in passing argument 3 of 'print_OLED' differ in signedness [-Wpointer-sign]
  167 |                         print_OLED(70, 15, "%d", true, gyro_angle);
      |                                            ^~~~
      |                                            |
      |                                            char *
../Core/Inc/helper.h:30:40: note: expected 'uint8_t *' {aka 'unsigned char *'} but argument is of type 'char *'
   30 | void print_OLED(int x, int y, uint8_t* msg, bool var_exist, int32_t val);
      |                               ~~~~~~~~~^~~
../Core/Src/test.c:168:56: warning: implicit declaration of function 'abs' [-Wimplicit-function-declaration]
  168 |                         print_OLED(50, 30, "%d", true, abs(gyro_angle - target));
      |                                                        ^~~
../Core/Src/test.c:9:1: note: include '<stdlib.h>' or provide a declaration of 'abs'
    8 | #include "test.h"
  +++ |+#include <stdlib.h>
    9 | 
../Core/Src/test.c:168:44: warning: pointer targets in passing argument 3 of 'print_OLED' differ in signedness [-Wpointer-sign]
  168 |                         print_OLED(50, 30, "%d", true, abs(gyro_angle - target));
      |                                            ^~~~
      |                                            |
      |                                            char *
../Core/Inc/helper.h:30:40: note: expected 'uint8_t *' {aka 'unsigned char *'} but argument is of type 'char *'
   30 | void print_OLED(int x, int y, uint8_t* msg, bool var_exist, int32_t val);
      |                               ~~~~~~~~~^~~
../Core/Src/test.c:178:26: warning: pointer targets in passing argument 3 of 'print_OLED' differ in signedness [-Wpointer-sign]
  178 |         print_OLED(0, 0, "Done", false, 0);
      |                          ^~~~~~
      |                          |
      |                          char *
../Core/Inc/helper.h:30:40: note: expected 'uint8_t *' {aka 'unsigned char *'} but argument is of type 'char *'
   30 | void print_OLED(int x, int y, uint8_t* msg, bool var_exist, int32_t val);
      |                               ~~~~~~~~~^~~
../Core/Src/test.c: In function 'UART3_task':
../Core/Src/test.c:182:26: warning: pointer targets in passing argument 3 of 'print_OLED' differ in signedness [-Wpointer-sign]
  182 |         print_OLED(0, 0, "cmd_cnt: %u", true, cmd_cnt);
      |                          ^~~~~~~~~~~~~
      |                          |
      |                          char *
../Core/Inc/helper.h:30:40: note: expected 'uint8_t *' {aka 'unsigned char *'} but argument is of type 'char *'
   30 | void print_OLED(int x, int y, uint8_t* msg, bool var_exist, int32_t val);
      |                               ~~~~~~~~~^~~
../Core/Src/test.c: In function 'count_encoder_task':
../Core/Src/test.c:203:34: warning: pointer targets in passing argument 3 of 'print_OLED' differ in signedness [-Wpointer-sign]
  203 |                 print_OLED(0, 0, "%u", true, 65535 - encoder_cnt);
      |                                  ^~~~
      |                                  |
      |                                  char *
../Core/Inc/helper.h:30:40: note: expected 'uint8_t *' {aka 'unsigned char *'} but argument is of type 'char *'
   30 | void print_OLED(int x, int y, uint8_t* msg, bool var_exist, int32_t val);
      |                               ~~~~~~~~~^~~
arm-none-eabi-gcc -o "MDP_STM32.elf" @"objects.list"   -mcpu=cortex-m4 -T"D:\3. CE Timetable and Curriculum\7. AY2023-2024 Sem 1 (Year 4)\1. SC2079 - Multidisciplinary Design Project\4. Project\SC2079_GROUP13\Hardware_STM\MDP_STM32\STM32F407VETX_FLASH.ld" --specs=nosys.specs -Wl,-Map="MDP_STM32.map" -Wl,--gc-sections -static -u _printf_float --specs=nano.specs -mfpu=fpv4-sp-d16 -mfloat-abi=hard -mthumb -Wl,--start-group -lc -lm -Wl,--end-group
Finished building target: MDP_STM32.elf
 
arm-none-eabi-size  MDP_STM32.elf 
arm-none-eabi-objdump -h -S MDP_STM32.elf  > "MDP_STM32.list"
   text	   data	    bss	    dec	    hex	filename
  43016	    476	   4612	  48104	   bbe8	MDP_STM32.elf
Finished building: default.size.stdout
 
Finished building: MDP_STM32.list
 
22:37:35 **** Incremental Build of configuration Debug for project MDP_STM32 ****
make -j8 all 
arm-none-eabi-size  MDP_STM32.elf 
   text	   data	    bss	    dec	    hex	filename
  43016	    476	   4612	  48104	   bbe8	MDP_STM32.elf
Finished building: default.size.stdout
 
22:41:17 **** Incremental Build of configuration Debug for project MDP_STM32 ****
make -j8 all 
arm-none-eabi-gcc "../Core/Src/main.c" -mcpu=cortex-m4 -std=gnu11 -g3 -DDEBUG -DUSE_HAL_DRIVER -DSTM32F407xx -c -I../Core/Inc -I../Drivers/STM32F4xx_HAL_Driver/Inc -I../Drivers/STM32F4xx_HAL_Driver/Inc/Legacy -I../Drivers/CMSIS/Device/ST/STM32F4xx/Include -I../Drivers/CMSIS/Include -O0 -ffunction-sections -fdata-sections -Wall -u _printf_float -fstack-usage -fcyclomatic-complexity -MMD -MP -MF"Core/Src/main.d" -MT"Core/Src/main.o" --specs=nano.specs -mfpu=fpv4-sp-d16 -mfloat-abi=hard -mthumb -o "Core/Src/main.o"
arm-none-eabi-gcc "../Core/Src/motor.c" -mcpu=cortex-m4 -std=gnu11 -g3 -DDEBUG -DUSE_HAL_DRIVER -DSTM32F407xx -c -I../Core/Inc -I../Drivers/STM32F4xx_HAL_Driver/Inc -I../Drivers/STM32F4xx_HAL_Driver/Inc/Legacy -I../Drivers/CMSIS/Device/ST/STM32F4xx/Include -I../Drivers/CMSIS/Include -O0 -ffunction-sections -fdata-sections -Wall -u _printf_float -fstack-usage -fcyclomatic-complexity -MMD -MP -MF"Core/Src/motor.d" -MT"Core/Src/motor.o" --specs=nano.specs -mfpu=fpv4-sp-d16 -mfloat-abi=hard -mthumb -o "Core/Src/motor.o"
arm-none-eabi-gcc "../Core/Src/test.c" -mcpu=cortex-m4 -std=gnu11 -g3 -DDEBUG -DUSE_HAL_DRIVER -DSTM32F407xx -c -I../Core/Inc -I../Drivers/STM32F4xx_HAL_Driver/Inc -I../Drivers/STM32F4xx_HAL_Driver/Inc/Legacy -I../Drivers/CMSIS/Device/ST/STM32F4xx/Include -I../Drivers/CMSIS/Include -O0 -ffunction-sections -fdata-sections -Wall -u _printf_float -fstack-usage -fcyclomatic-complexity -MMD -MP -MF"Core/Src/test.d" -MT"Core/Src/test.o" --specs=nano.specs -mfpu=fpv4-sp-d16 -mfloat-abi=hard -mthumb -o "Core/Src/test.o"
../Core/Src/motor.c: In function 'PID_Control_left':
../Core/Src/motor.c:48:11: warning: implicit declaration of function 'abs' [-Wimplicit-function-declaration]
   48 |       if (abs(l_error)>2){ //more than 2 degree difference
      |           ^~~
../Core/Src/motor.c:12:1: note: include '<stdlib.h>' or provide a declaration of 'abs'
   11 | #include <math.h>
  +++ |+#include <stdlib.h>
   12 | 
../Core/Src/main.c: In function 'main':
../Core/Src/main.c:213:25: warning: pointer targets in passing argument 3 of 'OLED_ShowString' differ in signedness [-Wpointer-sign]
  213 |   OLED_ShowString(0, 0, "Press USER btn");
      |                         ^~~~~~~~~~~~~~~~
      |                         |
      |                         char *
In file included from ../Core/Src/main.c:25:
../Core/Inc/oled.h:44:59: note: expected 'const uint8_t *' {aka 'const unsigned char *'} but argument is of type 'char *'
   44 | void OLED_ShowString(uint8_t x, uint8_t y, const uint8_t *p);
      |                                            ~~~~~~~~~~~~~~~^
../Core/Src/main.c:214:26: warning: pointer targets in passing argument 3 of 'OLED_ShowString' differ in signedness [-Wpointer-sign]
  214 |   OLED_ShowString(0, 15, "to continue");
      |                          ^~~~~~~~~~~~~
      |                          |
      |                          char *
../Core/Inc/oled.h:44:59: note: expected 'const uint8_t *' {aka 'const unsigned char *'} but argument is of type 'char *'
   44 | void OLED_ShowString(uint8_t x, uint8_t y, const uint8_t *p);
      |                                            ~~~~~~~~~~~~~~~^
../Core/Src/main.c:227:20: warning: pointer targets in passing argument 3 of 'print_OLED' differ in signedness [-Wpointer-sign]
  227 |   print_OLED(0, 0, "gyroZ:", false, 0);
      |                    ^~~~~~~~
      |                    |
      |                    char *
In file included from ../Core/Src/main.c:26:
../Core/Inc/helper.h:30:40: note: expected 'uint8_t *' {aka 'unsigned char *'} but argument is of type 'char *'
   30 | void print_OLED(int x, int y, uint8_t* msg, bool var_exist, int32_t val);
      |                               ~~~~~~~~~^~~
../Core/Src/main.c:228:21: warning: pointer targets in passing argument 3 of 'print_OLED' differ in signedness [-Wpointer-sign]
  228 |   print_OLED(0, 15, "angle:", false, 0);
      |                     ^~~~~~~~
      |                     |
      |                     char *
../Core/Inc/helper.h:30:40: note: expected 'uint8_t *' {aka 'unsigned char *'} but argument is of type 'char *'
   30 | void print_OLED(int x, int y, uint8_t* msg, bool var_exist, int32_t val);
      |                               ~~~~~~~~~^~~
../Core/Src/main.c:229:21: warning: pointer targets in passing argument 3 of 'print_OLED' differ in signedness [-Wpointer-sign]
  229 |   print_OLED(0, 30, "g-t:", false, 0);
      |                     ^~~~~~
      |                     |
      |                     char *
../Core/Inc/helper.h:30:40: note: expected 'uint8_t *' {aka 'unsigned char *'} but argument is of type 'char *'
   30 | void print_OLED(int x, int y, uint8_t* msg, bool var_exist, int32_t val);
      |                               ~~~~~~~~~^~~
../Core/Src/motor.c: In function 'motor_get_drive':
../Core/Src/motor.c:221:5: warning: implicit declaration of function 'move_straight' [-Wimplicit-function-declaration]
  221 |     move_straight(dir);
      |     ^~~~~~~~~~~~~
../Core/Src/motor.c: In function 'forward':
../Core/Src/motor.c:259:27: warning: pointer targets in passing argument 3 of 'print_OLED' differ in signedness [-Wpointer-sign]
  259 |         print_OLED(0, 45, "%u", true, 65535 - encoder_cnt);
      |                           ^~~~
      |                           |
      |                           char *
In file included from ../Core/Inc/servo.h:15,
                 from ../Core/Inc/motor.h:15,
                 from ../Core/Src/motor.c:10:
../Core/Inc/helper.h:30:40: note: expected 'uint8_t *' {aka 'unsigned char *'} but argument is of type 'char *'
   30 | void print_OLED(int x, int y, uint8_t* msg, bool var_exist, int32_t val);
      |                               ~~~~~~~~~^~~
../Core/Src/motor.c:236:14: warning: unused variable 'target_pulses' [-Wunused-variable]
  236 |     uint32_t target_pulses = (uint32_t)(distance * pulses_per_cm);
      |              ^~~~~~~~~~~~~
../Core/Src/motor.c: In function 'forward_pid':
../Core/Src/motor.c:302:5: warning: implicit declaration of function 'sprintf' [-Wimplicit-function-declaration]
  302 |     sprintf(buf, "target_pulse: %u", target_pulses);
      |     ^~~~~~~
../Core/Src/motor.c:12:1: note: include '<stdio.h>' or provide a declaration of 'sprintf'
   11 | #include <math.h>
  +++ |+#include <stdio.h>
   12 | 
../Core/Src/motor.c:302:5: warning: incompatible implicit declaration of built-in function 'sprintf' [-Wbuiltin-declaration-mismatch]
  302 |     sprintf(buf, "target_pulse: %u", target_pulses);
      |     ^~~~~~~
../Core/Src/motor.c:302:5: note: include '<stdio.h>' or provide a declaration of 'sprintf'
../Core/Src/motor.c:302:13: warning: pointer targets in passing argument 1 of 'sprintf' differ in signedness [-Wpointer-sign]
  302 |     sprintf(buf, "target_pulse: %u", target_pulses);
      |             ^~~
      |             |
      |             uint8_t * {aka unsigned char *}
../Core/Src/motor.c:302:13: note: expected 'char *' but argument is of type 'uint8_t *' {aka 'unsigned char *'}
../Core/Src/motor.c:302:34: warning: format '%u' expects argument of type 'unsigned int', but argument 3 has type 'uint32_t' {aka 'long unsigned int'} [-Wformat=]
  302 |     sprintf(buf, "target_pulse: %u", target_pulses);
      |                                 ~^   ~~~~~~~~~~~~~
      |                                  |   |
      |                                  |   uint32_t {aka long unsigned int}
      |                                  unsigned int
      |                                 %lu
../Core/Src/motor.c:316:22: warning: pointer targets in passing argument 3 of 'print_OLED' differ in signedness [-Wpointer-sign]
  316 |     print_OLED(0, 0, "ta: %ld", true, target_angle);
      |                      ^~~~~~~~~
      |                      |
      |                      char *
../Core/Inc/helper.h:30:40: note: expected 'uint8_t *' {aka 'unsigned char *'} but argument is of type 'char *'
   30 | void print_OLED(int x, int y, uint8_t* msg, bool var_exist, int32_t val);
      |                               ~~~~~~~~~^~~
../Core/Src/motor.c:379:27: warning: pointer targets in passing argument 3 of 'print_OLED' differ in signedness [-Wpointer-sign]
  379 |         print_OLED(0, 15, "l: %ld", true, l_angle);
      |                           ^~~~~~~~
      |                           |
      |                           char *
../Core/Inc/helper.h:30:40: note: expected 'uint8_t *' {aka 'unsigned char *'} but argument is of type 'char *'
   30 | void print_OLED(int x, int y, uint8_t* msg, bool var_exist, int32_t val);
      |                               ~~~~~~~~~^~~
../Core/Src/motor.c:380:27: warning: pointer targets in passing argument 3 of 'print_OLED' differ in signedness [-Wpointer-sign]
  380 |         print_OLED(0, 30, "r: %ld", true, r_angle);
      |                           ^~~~~~~~
      |                           |
      |                           char *
../Core/Inc/helper.h:30:40: note: expected 'uint8_t *' {aka 'unsigned char *'} but argument is of type 'char *'
   30 | void print_OLED(int x, int y, uint8_t* msg, bool var_exist, int32_t val);
      |                               ~~~~~~~~~^~~
../Core/Src/motor.c: In function 'backward':
../Core/Src/motor.c:409:5: warning: incompatible implicit declaration of built-in function 'sprintf' [-Wbuiltin-declaration-mismatch]
  409 |     sprintf(buf, "target_pulse: %u", target_pulses);
      |     ^~~~~~~
../Core/Src/motor.c:409:5: note: include '<stdio.h>' or provide a declaration of 'sprintf'
../Core/Src/motor.c:409:13: warning: pointer targets in passing argument 1 of 'sprintf' differ in signedness [-Wpointer-sign]
  409 |     sprintf(buf, "target_pulse: %u", target_pulses);
      |             ^~~
      |             |
      |             uint8_t * {aka unsigned char *}
../Core/Src/motor.c:409:13: note: expected 'char *' but argument is of type 'uint8_t *' {aka 'unsigned char *'}
../Core/Src/motor.c:409:34: warning: format '%u' expects argument of type 'unsigned int', but argument 3 has type 'uint32_t' {aka 'long unsigned int'} [-Wformat=]
  409 |     sprintf(buf, "target_pulse: %u", target_pulses);
      |                                 ~^   ~~~~~~~~~~~~~
      |                                  |   |
      |                                  |   uint32_t {aka long unsigned int}
      |                                  unsigned int
      |                                 %lu
../Core/Src/motor.c:422:27: warning: pointer targets in passing argument 3 of 'OLED_ShowString' differ in signedness [-Wpointer-sign]
  422 |     OLED_ShowString(0, 0, "encoder_cnt: ");
      |                           ^~~~~~~~~~~~~~~
      |                           |
      |                           char *
In file included from ../Core/Inc/motor.h:14:
../Core/Inc/oled.h:44:59: note: expected 'const uint8_t *' {aka 'const unsigned char *'} but argument is of type 'char *'
   44 | void OLED_ShowString(uint8_t x, uint8_t y, const uint8_t *p);
      |                                            ~~~~~~~~~~~~~~~^
../Core/Src/motor.c:428:17: warning: pointer targets in passing argument 1 of 'sprintf' differ in signedness [-Wpointer-sign]
  428 |         sprintf(buf, "%u", encoder_cnt);
      |                 ^~~
      |                 |
      |                 uint8_t * {aka unsigned char *}
../Core/Src/motor.c:428:17: note: expected 'char *' but argument is of type 'uint8_t *' {aka 'unsigned char *'}
../Core/Src/motor.c:428:24: warning: format '%u' expects argument of type 'unsigned int', but argument 3 has type 'uint32_t' {aka 'long unsigned int'} [-Wformat=]
  428 |         sprintf(buf, "%u", encoder_cnt);
      |                       ~^   ~~~~~~~~~~~
      |                        |   |
      |                        |   uint32_t {aka long unsigned int}
      |                        unsigned int
      |                       %lu
../Core/Src/motor.c: In function 'forward_right':
../Core/Src/motor.c:465:27: warning: pointer targets in passing argument 3 of 'OLED_ShowString' differ in signedness [-Wpointer-sign]
  465 |     OLED_ShowString(0, 0, "encoder_cnt: ");
      |                           ^~~~~~~~~~~~~~~
      |                           |
      |                           char *
../Core/Inc/oled.h:44:59: note: expected 'const uint8_t *' {aka 'const unsigned char *'} but argument is of type 'char *'
   44 | void OLED_ShowString(uint8_t x, uint8_t y, const uint8_t *p);
      |                                            ~~~~~~~~~~~~~~~^
../Core/Src/motor.c:471:9: warning: incompatible implicit declaration of built-in function 'sprintf' [-Wbuiltin-declaration-mismatch]
  471 |         sprintf(buf, "%u", encoder_cnt);  // Format encoder count for display
      |         ^~~~~~~
../Core/Src/motor.c:471:9: note: include '<stdio.h>' or provide a declaration of 'sprintf'
../Core/Src/motor.c:471:17: warning: pointer targets in passing argument 1 of 'sprintf' differ in signedness [-Wpointer-sign]
  471 |         sprintf(buf, "%u", encoder_cnt);  // Format encoder count for display
      |                 ^~~
      |                 |
      |                 uint8_t * {aka unsigned char *}
../Core/Src/motor.c:471:17: note: expected 'char *' but argument is of type 'uint8_t *' {aka 'unsigned char *'}
../Core/Src/motor.c:471:24: warning: format '%u' expects argument of type 'unsigned int', but argument 3 has type 'uint32_t' {aka 'long unsigned int'} [-Wformat=]
  471 |         sprintf(buf, "%u", encoder_cnt);  // Format encoder count for display
      |                       ~^   ~~~~~~~~~~~
      |                        |   |
      |                        |   uint32_t {aka long unsigned int}
      |                        unsigned int
      |                       %lu
../Core/Src/motor.c: In function 'forward_left':
../Core/Src/motor.c:506:27: warning: pointer targets in passing argument 3 of 'OLED_ShowString' differ in signedness [-Wpointer-sign]
  506 |     OLED_ShowString(0, 0, "encoder_cnt: ");
      |                           ^~~~~~~~~~~~~~~
      |                           |
      |                           char *
../Core/Inc/oled.h:44:59: note: expected 'const uint8_t *' {aka 'const unsigned char *'} but argument is of type 'char *'
   44 | void OLED_ShowString(uint8_t x, uint8_t y, const uint8_t *p);
      |                                            ~~~~~~~~~~~~~~~^
../Core/Src/motor.c:511:9: warning: incompatible implicit declaration of built-in function 'sprintf' [-Wbuiltin-declaration-mismatch]
  511 |         sprintf(buf, "%u", encoder_cnt);  // Format encoder count for display
      |         ^~~~~~~
../Core/Src/motor.c:511:9: note: include '<stdio.h>' or provide a declaration of 'sprintf'
../Core/Src/test.c: In function 'task_A1':
../Core/Src/motor.c:511:17: warning: pointer targets in passing argument 1 of 'sprintf' differ in signedness [-Wpointer-sign]
  511 |         sprintf(buf, "%u", encoder_cnt);  // Format encoder count for display
      |                 ^~~
      |                 |
      |                 uint8_t * {aka unsigned char *}
../Core/Src/test.c:15:17: warning: implicit declaration of function 'servo_set_val'; did you mean 'servo_set_dir'? [-Wimplicit-function-declaration]
   15 |                 servo_set_val(LEFT);
      |                 ^~~~~~~~~~~~~
      |                 servo_set_dir
../Core/Src/motor.c:511:17: note: expected 'char *' but argument is of type 'uint8_t *' {aka 'unsigned char *'}
../Core/Src/test.c:18:39: warning: pointer targets in passing argument 3 of 'OLED_ShowString' differ in signedness [-Wpointer-sign]
   18 |                 OLED_ShowString(0, 0, "Left");
      |                                       ^~~~~~
      |                                       |
      |                                       char *
../Core/Src/motor.c:511:24: warning: format '%u' expects argument of type 'unsigned int', but argument 3 has type 'uint32_t' {aka 'long unsigned int'} [-Wformat=]
  511 |         sprintf(buf, "%u", encoder_cnt);  // Format encoder count for display
      |                       ~^   ~~~~~~~~~~~
      |                        |   |
      |                        |   uint32_t {aka long unsigned int}
      |                        unsigned int
      |                       %lu
In file included from ../Core/Inc/test.h:12,
                 from ../Core/Src/test.c:8:
../Core/Inc/oled.h:44:59: note: expected 'const uint8_t *' {aka 'const unsigned char *'} but argument is of type 'char *'
   44 | void OLED_ShowString(uint8_t x, uint8_t y, const uint8_t *p);
      |                                            ~~~~~~~~~~~~~~~^
../Core/Src/motor.c: In function 'PID_Control_left':
../Core/Src/motor.c:78:1: warning: control reaches end of non-void function [-Wreturn-type]
   78 | }
      | ^
../Core/Src/motor.c: In function 'PID_Control_right':
../Core/Src/motor.c:112:1: warning: control reaches end of non-void function [-Wreturn-type]
  112 | }
      | ^
../Core/Src/test.c:20:17: warning: implicit declaration of function 'motor_forward_left'; did you mean 'motor_forward'? [-Wimplicit-function-declaration]
   20 |                 motor_forward_left(90);
      |                 ^~~~~~~~~~~~~~~~~~
      |                 motor_forward
../Core/Src/test.c: In function 'task_A4_right':
../Core/Src/test.c:50:19: warning: implicit declaration of function 'motor_forward_right'; did you mean 'forward_right'? [-Wimplicit-function-declaration]
   50 |                   motor_forward_right(90);
      |                   ^~~~~~~~~~~~~~~~~~~
      |                   forward_right
../Core/Src/test.c: In function 'abhinav_task':
../Core/Src/test.c:64:17: warning: implicit declaration of function 'motor_backward_inf'; did you mean 'motor_backward'? [-Wimplicit-function-declaration]
   64 |                 motor_backward_inf();
      |                 ^~~~~~~~~~~~~~~~~~
      |                 motor_backward
../Core/Src/test.c: In function 'moving_task':
../Core/Src/test.c:84:39: warning: pointer targets in passing argument 3 of 'OLED_ShowString' differ in signedness [-Wpointer-sign]
   84 |                 OLED_ShowString(0, 0, "Forward");
      |                                       ^~~~~~~~~
      |                                       |
      |                                       char *
../Core/Inc/oled.h:44:59: note: expected 'const uint8_t *' {aka 'const unsigned char *'} but argument is of type 'char *'
   44 | void OLED_ShowString(uint8_t x, uint8_t y, const uint8_t *p);
      |                                            ~~~~~~~~~~~~~~~^
../Core/Src/test.c:91:39: warning: pointer targets in passing argument 3 of 'OLED_ShowString' differ in signedness [-Wpointer-sign]
   91 |                 OLED_ShowString(0, 0, "Backward");
      |                                       ^~~~~~~~~~
      |                                       |
      |                                       char *
../Core/Inc/oled.h:44:59: note: expected 'const uint8_t *' {aka 'const unsigned char *'} but argument is of type 'char *'
   44 | void OLED_ShowString(uint8_t x, uint8_t y, const uint8_t *p);
      |                                            ~~~~~~~~~~~~~~~^
../Core/Src/test.c:98:39: warning: pointer targets in passing argument 3 of 'OLED_ShowString' differ in signedness [-Wpointer-sign]
   98 |                 OLED_ShowString(0, 0, "Left");
      |                                       ^~~~~~
      |                                       |
      |                                       char *
../Core/Inc/oled.h:44:59: note: expected 'const uint8_t *' {aka 'const unsigned char *'} but argument is of type 'char *'
   44 | void OLED_ShowString(uint8_t x, uint8_t y, const uint8_t *p);
      |                                            ~~~~~~~~~~~~~~~^
../Core/Src/test.c:105:39: warning: pointer targets in passing argument 3 of 'OLED_ShowString' differ in signedness [-Wpointer-sign]
  105 |                 OLED_ShowString(0, 0, "Right");
      |                                       ^~~~~~~
      |                                       |
      |                                       char *
../Core/Inc/oled.h:44:59: note: expected 'const uint8_t *' {aka 'const unsigned char *'} but argument is of type 'char *'
   44 | void OLED_ShowString(uint8_t x, uint8_t y, const uint8_t *p);
      |                                            ~~~~~~~~~~~~~~~^
../Core/Src/test.c: In function 'ultrasonic_task':
../Core/Src/test.c:137:5: warning: implicit declaration of function 'HCSR04_Init' [-Wimplicit-function-declaration]
  137 |     HCSR04_Init();
      |     ^~~~~~~~~~~
../Core/Src/test.c:140:22: warning: pointer targets in passing argument 3 of 'print_OLED' differ in signedness [-Wpointer-sign]
  140 |     print_OLED(0, 0, "tc1:", false, 0);
      |                      ^~~~~~
      |                      |
      |                      char *
In file included from ../Core/Inc/test.h:13:
../Core/Inc/helper.h:30:40: note: expected 'uint8_t *' {aka 'unsigned char *'} but argument is of type 'char *'
   30 | void print_OLED(int x, int y, uint8_t* msg, bool var_exist, int32_t val);
      |                               ~~~~~~~~~^~~
../Core/Src/test.c:141:23: warning: pointer targets in passing argument 3 of 'print_OLED' differ in signedness [-Wpointer-sign]
  141 |     print_OLED(0, 15, "tc2:", false, 0);
      |                       ^~~~~~
      |                       |
      |                       char *
../Core/Inc/helper.h:30:40: note: expected 'uint8_t *' {aka 'unsigned char *'} but argument is of type 'char *'
   30 | void print_OLED(int x, int y, uint8_t* msg, bool var_exist, int32_t val);
      |                               ~~~~~~~~~^~~
../Core/Src/test.c:142:23: warning: pointer targets in passing argument 3 of 'print_OLED' differ in signedness [-Wpointer-sign]
  142 |     print_OLED(0, 30, "echo:", false, 0);
      |                       ^~~~~~~
      |                       |
      |                       char *
../Core/Inc/helper.h:30:40: note: expected 'uint8_t *' {aka 'unsigned char *'} but argument is of type 'char *'
   30 | void print_OLED(int x, int y, uint8_t* msg, bool var_exist, int32_t val);
      |                               ~~~~~~~~~^~~
../Core/Src/test.c:143:23: warning: pointer targets in passing argument 3 of 'print_OLED' differ in signedness [-Wpointer-sign]
  143 |     print_OLED(0, 45, "dist:", false, 0);
      |                       ^~~~~~~
      |                       |
      |                       char *
../Core/Inc/helper.h:30:40: note: expected 'uint8_t *' {aka 'unsigned char *'} but argument is of type 'char *'
   30 | void print_OLED(int x, int y, uint8_t* msg, bool var_exist, int32_t val);
      |                               ~~~~~~~~~^~~
../Core/Src/test.c:145:23: warning: pointer targets in passing argument 3 of 'print_OLED' differ in signedness [-Wpointer-sign]
  145 |     print_OLED(40, 0, "%u", true, tc1);
      |                       ^~~~
      |                       |
      |                       char *
../Core/Inc/helper.h:30:40: note: expected 'uint8_t *' {aka 'unsigned char *'} but argument is of type 'char *'
   30 | void print_OLED(int x, int y, uint8_t* msg, bool var_exist, int32_t val);
      |                               ~~~~~~~~~^~~
../Core/Src/test.c:146:24: warning: pointer targets in passing argument 3 of 'print_OLED' differ in signedness [-Wpointer-sign]
  146 |     print_OLED(40, 15, "%u", true, tc2);
      |                        ^~~~
      |                        |
      |                        char *
../Core/Inc/helper.h:30:40: note: expected 'uint8_t *' {aka 'unsigned char *'} but argument is of type 'char *'
   30 | void print_OLED(int x, int y, uint8_t* msg, bool var_exist, int32_t val);
      |                               ~~~~~~~~~^~~
../Core/Src/test.c:147:24: warning: pointer targets in passing argument 3 of 'print_OLED' differ in signedness [-Wpointer-sign]
  147 |     print_OLED(40, 30, "%u", true, echo);
      |                        ^~~~
      |                        |
      |                        char *
../Core/Inc/helper.h:30:40: note: expected 'uint8_t *' {aka 'unsigned char *'} but argument is of type 'char *'
   30 | void print_OLED(int x, int y, uint8_t* msg, bool var_exist, int32_t val);
      |                               ~~~~~~~~~^~~
../Core/Src/test.c:148:24: warning: pointer targets in passing argument 3 of 'print_OLED' differ in signedness [-Wpointer-sign]
  148 |     print_OLED(40, 45, "%u", true, dist);
      |                        ^~~~
      |                        |
      |                        char *
../Core/Inc/helper.h:30:40: note: expected 'uint8_t *' {aka 'unsigned char *'} but argument is of type 'char *'
   30 | void print_OLED(int x, int y, uint8_t* msg, bool var_exist, int32_t val);
      |                               ~~~~~~~~~^~~
../Core/Src/test.c: In function 'gyroscope_task':
../Core/Src/test.c:166:43: warning: pointer targets in passing argument 3 of 'print_OLED' differ in signedness [-Wpointer-sign]
  166 |                         print_OLED(50, 0, "%d", true, gyroZ);
      |                                           ^~~~
      |                                           |
      |                                           char *
../Core/Inc/helper.h:30:40: note: expected 'uint8_t *' {aka 'unsigned char *'} but argument is of type 'char *'
   30 | void print_OLED(int x, int y, uint8_t* msg, bool var_exist, int32_t val);
      |                               ~~~~~~~~~^~~
../Core/Src/test.c:167:44: warning: pointer targets in passing argument 3 of 'print_OLED' differ in signedness [-Wpointer-sign]
  167 |                         print_OLED(70, 15, "%d", true, gyro_angle);
      |                                            ^~~~
      |                                            |
      |                                            char *
../Core/Inc/helper.h:30:40: note: expected 'uint8_t *' {aka 'unsigned char *'} but argument is of type 'char *'
   30 | void print_OLED(int x, int y, uint8_t* msg, bool var_exist, int32_t val);
      |                               ~~~~~~~~~^~~
../Core/Src/test.c:168:56: warning: implicit declaration of function 'abs' [-Wimplicit-function-declaration]
  168 |                         print_OLED(50, 30, "%d", true, abs(gyro_angle - target));
      |                                                        ^~~
../Core/Src/test.c:9:1: note: include '<stdlib.h>' or provide a declaration of 'abs'
    8 | #include "test.h"
  +++ |+#include <stdlib.h>
    9 | 
../Core/Src/test.c:168:44: warning: pointer targets in passing argument 3 of 'print_OLED' differ in signedness [-Wpointer-sign]
  168 |                         print_OLED(50, 30, "%d", true, abs(gyro_angle - target));
      |                                            ^~~~
      |                                            |
      |                                            char *
../Core/Inc/helper.h:30:40: note: expected 'uint8_t *' {aka 'unsigned char *'} but argument is of type 'char *'
   30 | void print_OLED(int x, int y, uint8_t* msg, bool var_exist, int32_t val);
      |                               ~~~~~~~~~^~~
../Core/Src/test.c:178:26: warning: pointer targets in passing argument 3 of 'print_OLED' differ in signedness [-Wpointer-sign]
  178 |         print_OLED(0, 0, "Done", false, 0);
      |                          ^~~~~~
      |                          |
      |                          char *
../Core/Inc/helper.h:30:40: note: expected 'uint8_t *' {aka 'unsigned char *'} but argument is of type 'char *'
   30 | void print_OLED(int x, int y, uint8_t* msg, bool var_exist, int32_t val);
      |                               ~~~~~~~~~^~~
../Core/Src/test.c: In function 'UART3_task':
../Core/Src/test.c:182:26: warning: pointer targets in passing argument 3 of 'print_OLED' differ in signedness [-Wpointer-sign]
  182 |         print_OLED(0, 0, "cmd_cnt: %u", true, cmd_cnt);
      |                          ^~~~~~~~~~~~~
      |                          |
      |                          char *
../Core/Inc/helper.h:30:40: note: expected 'uint8_t *' {aka 'unsigned char *'} but argument is of type 'char *'
   30 | void print_OLED(int x, int y, uint8_t* msg, bool var_exist, int32_t val);
      |                               ~~~~~~~~~^~~
../Core/Src/test.c: In function 'count_encoder_task':
../Core/Src/test.c:199:9: error: too few arguments to function 'forward'
  199 |         forward();
      |         ^~~~~~~
In file included from ../Core/Inc/test.h:14:
../Core/Inc/motor.h:47:6: note: declared here
   47 | void forward(uint32_t distance);
      |      ^~~~~~~
make: *** [Core/Src/subdir.mk:55: Core/Src/test.o] Error 1
make: *** Waiting for unfinished jobs....
"make -j8 all" terminated with exit code 2. Build might be incomplete.
22:41:28 **** Incremental Build of configuration Debug for project MDP_STM32 ****
make -j8 all 
arm-none-eabi-gcc "../Core/Src/test.c" -mcpu=cortex-m4 -std=gnu11 -g3 -DDEBUG -DUSE_HAL_DRIVER -DSTM32F407xx -c -I../Core/Inc -I../Drivers/STM32F4xx_HAL_Driver/Inc -I../Drivers/STM32F4xx_HAL_Driver/Inc/Legacy -I../Drivers/CMSIS/Device/ST/STM32F4xx/Include -I../Drivers/CMSIS/Include -O0 -ffunction-sections -fdata-sections -Wall -u _printf_float -fstack-usage -fcyclomatic-complexity -MMD -MP -MF"Core/Src/test.d" -MT"Core/Src/test.o" --specs=nano.specs -mfpu=fpv4-sp-d16 -mfloat-abi=hard -mthumb -o "Core/Src/test.o"
../Core/Src/test.c: In function 'task_A1':
../Core/Src/test.c:15:17: warning: implicit declaration of function 'servo_set_val'; did you mean 'servo_set_dir'? [-Wimplicit-function-declaration]
   15 |                 servo_set_val(LEFT);
      |                 ^~~~~~~~~~~~~
      |                 servo_set_dir
../Core/Src/test.c:18:39: warning: pointer targets in passing argument 3 of 'OLED_ShowString' differ in signedness [-Wpointer-sign]
   18 |                 OLED_ShowString(0, 0, "Left");
      |                                       ^~~~~~
      |                                       |
      |                                       char *
In file included from ../Core/Inc/test.h:12,
                 from ../Core/Src/test.c:8:
../Core/Inc/oled.h:44:59: note: expected 'const uint8_t *' {aka 'const unsigned char *'} but argument is of type 'char *'
   44 | void OLED_ShowString(uint8_t x, uint8_t y, const uint8_t *p);
      |                                            ~~~~~~~~~~~~~~~^
../Core/Src/test.c:20:17: warning: implicit declaration of function 'motor_forward_left'; did you mean 'motor_forward'? [-Wimplicit-function-declaration]
   20 |                 motor_forward_left(90);
      |                 ^~~~~~~~~~~~~~~~~~
      |                 motor_forward
../Core/Src/test.c: In function 'task_A4_right':
../Core/Src/test.c:50:19: warning: implicit declaration of function 'motor_forward_right'; did you mean 'forward_right'? [-Wimplicit-function-declaration]
   50 |                   motor_forward_right(90);
      |                   ^~~~~~~~~~~~~~~~~~~
      |                   forward_right
../Core/Src/test.c: In function 'abhinav_task':
../Core/Src/test.c:64:17: warning: implicit declaration of function 'motor_backward_inf'; did you mean 'motor_backward'? [-Wimplicit-function-declaration]
   64 |                 motor_backward_inf();
      |                 ^~~~~~~~~~~~~~~~~~
      |                 motor_backward
../Core/Src/test.c: In function 'moving_task':
../Core/Src/test.c:84:39: warning: pointer targets in passing argument 3 of 'OLED_ShowString' differ in signedness [-Wpointer-sign]
   84 |                 OLED_ShowString(0, 0, "Forward");
      |                                       ^~~~~~~~~
      |                                       |
      |                                       char *
../Core/Inc/oled.h:44:59: note: expected 'const uint8_t *' {aka 'const unsigned char *'} but argument is of type 'char *'
   44 | void OLED_ShowString(uint8_t x, uint8_t y, const uint8_t *p);
      |                                            ~~~~~~~~~~~~~~~^
../Core/Src/test.c:91:39: warning: pointer targets in passing argument 3 of 'OLED_ShowString' differ in signedness [-Wpointer-sign]
   91 |                 OLED_ShowString(0, 0, "Backward");
      |                                       ^~~~~~~~~~
      |                                       |
      |                                       char *
../Core/Inc/oled.h:44:59: note: expected 'const uint8_t *' {aka 'const unsigned char *'} but argument is of type 'char *'
   44 | void OLED_ShowString(uint8_t x, uint8_t y, const uint8_t *p);
      |                                            ~~~~~~~~~~~~~~~^
../Core/Src/test.c:98:39: warning: pointer targets in passing argument 3 of 'OLED_ShowString' differ in signedness [-Wpointer-sign]
   98 |                 OLED_ShowString(0, 0, "Left");
      |                                       ^~~~~~
      |                                       |
      |                                       char *
../Core/Inc/oled.h:44:59: note: expected 'const uint8_t *' {aka 'const unsigned char *'} but argument is of type 'char *'
   44 | void OLED_ShowString(uint8_t x, uint8_t y, const uint8_t *p);
      |                                            ~~~~~~~~~~~~~~~^
../Core/Src/test.c:105:39: warning: pointer targets in passing argument 3 of 'OLED_ShowString' differ in signedness [-Wpointer-sign]
  105 |                 OLED_ShowString(0, 0, "Right");
      |                                       ^~~~~~~
      |                                       |
      |                                       char *
../Core/Inc/oled.h:44:59: note: expected 'const uint8_t *' {aka 'const unsigned char *'} but argument is of type 'char *'
   44 | void OLED_ShowString(uint8_t x, uint8_t y, const uint8_t *p);
      |                                            ~~~~~~~~~~~~~~~^
../Core/Src/test.c: In function 'ultrasonic_task':
../Core/Src/test.c:137:5: warning: implicit declaration of function 'HCSR04_Init' [-Wimplicit-function-declaration]
  137 |     HCSR04_Init();
      |     ^~~~~~~~~~~
../Core/Src/test.c:140:22: warning: pointer targets in passing argument 3 of 'print_OLED' differ in signedness [-Wpointer-sign]
  140 |     print_OLED(0, 0, "tc1:", false, 0);
      |                      ^~~~~~
      |                      |
      |                      char *
In file included from ../Core/Inc/test.h:13:
../Core/Inc/helper.h:30:40: note: expected 'uint8_t *' {aka 'unsigned char *'} but argument is of type 'char *'
   30 | void print_OLED(int x, int y, uint8_t* msg, bool var_exist, int32_t val);
      |                               ~~~~~~~~~^~~
../Core/Src/test.c:141:23: warning: pointer targets in passing argument 3 of 'print_OLED' differ in signedness [-Wpointer-sign]
  141 |     print_OLED(0, 15, "tc2:", false, 0);
      |                       ^~~~~~
      |                       |
      |                       char *
../Core/Inc/helper.h:30:40: note: expected 'uint8_t *' {aka 'unsigned char *'} but argument is of type 'char *'
   30 | void print_OLED(int x, int y, uint8_t* msg, bool var_exist, int32_t val);
      |                               ~~~~~~~~~^~~
../Core/Src/test.c:142:23: warning: pointer targets in passing argument 3 of 'print_OLED' differ in signedness [-Wpointer-sign]
  142 |     print_OLED(0, 30, "echo:", false, 0);
      |                       ^~~~~~~
      |                       |
      |                       char *
../Core/Inc/helper.h:30:40: note: expected 'uint8_t *' {aka 'unsigned char *'} but argument is of type 'char *'
   30 | void print_OLED(int x, int y, uint8_t* msg, bool var_exist, int32_t val);
      |                               ~~~~~~~~~^~~
../Core/Src/test.c:143:23: warning: pointer targets in passing argument 3 of 'print_OLED' differ in signedness [-Wpointer-sign]
  143 |     print_OLED(0, 45, "dist:", false, 0);
      |                       ^~~~~~~
      |                       |
      |                       char *
../Core/Inc/helper.h:30:40: note: expected 'uint8_t *' {aka 'unsigned char *'} but argument is of type 'char *'
   30 | void print_OLED(int x, int y, uint8_t* msg, bool var_exist, int32_t val);
      |                               ~~~~~~~~~^~~
../Core/Src/test.c:145:23: warning: pointer targets in passing argument 3 of 'print_OLED' differ in signedness [-Wpointer-sign]
  145 |     print_OLED(40, 0, "%u", true, tc1);
      |                       ^~~~
      |                       |
      |                       char *
../Core/Inc/helper.h:30:40: note: expected 'uint8_t *' {aka 'unsigned char *'} but argument is of type 'char *'
   30 | void print_OLED(int x, int y, uint8_t* msg, bool var_exist, int32_t val);
      |                               ~~~~~~~~~^~~
../Core/Src/test.c:146:24: warning: pointer targets in passing argument 3 of 'print_OLED' differ in signedness [-Wpointer-sign]
  146 |     print_OLED(40, 15, "%u", true, tc2);
      |                        ^~~~
      |                        |
      |                        char *
../Core/Inc/helper.h:30:40: note: expected 'uint8_t *' {aka 'unsigned char *'} but argument is of type 'char *'
   30 | void print_OLED(int x, int y, uint8_t* msg, bool var_exist, int32_t val);
      |                               ~~~~~~~~~^~~
../Core/Src/test.c:147:24: warning: pointer targets in passing argument 3 of 'print_OLED' differ in signedness [-Wpointer-sign]
  147 |     print_OLED(40, 30, "%u", true, echo);
      |                        ^~~~
      |                        |
      |                        char *
../Core/Inc/helper.h:30:40: note: expected 'uint8_t *' {aka 'unsigned char *'} but argument is of type 'char *'
   30 | void print_OLED(int x, int y, uint8_t* msg, bool var_exist, int32_t val);
      |                               ~~~~~~~~~^~~
../Core/Src/test.c:148:24: warning: pointer targets in passing argument 3 of 'print_OLED' differ in signedness [-Wpointer-sign]
  148 |     print_OLED(40, 45, "%u", true, dist);
      |                        ^~~~
      |                        |
      |                        char *
../Core/Inc/helper.h:30:40: note: expected 'uint8_t *' {aka 'unsigned char *'} but argument is of type 'char *'
   30 | void print_OLED(int x, int y, uint8_t* msg, bool var_exist, int32_t val);
      |                               ~~~~~~~~~^~~
../Core/Src/test.c: In function 'gyroscope_task':
../Core/Src/test.c:166:43: warning: pointer targets in passing argument 3 of 'print_OLED' differ in signedness [-Wpointer-sign]
  166 |                         print_OLED(50, 0, "%d", true, gyroZ);
      |                                           ^~~~
      |                                           |
      |                                           char *
../Core/Inc/helper.h:30:40: note: expected 'uint8_t *' {aka 'unsigned char *'} but argument is of type 'char *'
   30 | void print_OLED(int x, int y, uint8_t* msg, bool var_exist, int32_t val);
      |                               ~~~~~~~~~^~~
../Core/Src/test.c:167:44: warning: pointer targets in passing argument 3 of 'print_OLED' differ in signedness [-Wpointer-sign]
  167 |                         print_OLED(70, 15, "%d", true, gyro_angle);
      |                                            ^~~~
      |                                            |
      |                                            char *
../Core/Inc/helper.h:30:40: note: expected 'uint8_t *' {aka 'unsigned char *'} but argument is of type 'char *'
   30 | void print_OLED(int x, int y, uint8_t* msg, bool var_exist, int32_t val);
      |                               ~~~~~~~~~^~~
../Core/Src/test.c:168:56: warning: implicit declaration of function 'abs' [-Wimplicit-function-declaration]
  168 |                         print_OLED(50, 30, "%d", true, abs(gyro_angle - target));
      |                                                        ^~~
../Core/Src/test.c:9:1: note: include '<stdlib.h>' or provide a declaration of 'abs'
    8 | #include "test.h"
  +++ |+#include <stdlib.h>
    9 | 
../Core/Src/test.c:168:44: warning: pointer targets in passing argument 3 of 'print_OLED' differ in signedness [-Wpointer-sign]
  168 |                         print_OLED(50, 30, "%d", true, abs(gyro_angle - target));
      |                                            ^~~~
      |                                            |
      |                                            char *
../Core/Inc/helper.h:30:40: note: expected 'uint8_t *' {aka 'unsigned char *'} but argument is of type 'char *'
   30 | void print_OLED(int x, int y, uint8_t* msg, bool var_exist, int32_t val);
      |                               ~~~~~~~~~^~~
../Core/Src/test.c:178:26: warning: pointer targets in passing argument 3 of 'print_OLED' differ in signedness [-Wpointer-sign]
  178 |         print_OLED(0, 0, "Done", false, 0);
      |                          ^~~~~~
      |                          |
      |                          char *
../Core/Inc/helper.h:30:40: note: expected 'uint8_t *' {aka 'unsigned char *'} but argument is of type 'char *'
   30 | void print_OLED(int x, int y, uint8_t* msg, bool var_exist, int32_t val);
      |                               ~~~~~~~~~^~~
../Core/Src/test.c: In function 'UART3_task':
../Core/Src/test.c:182:26: warning: pointer targets in passing argument 3 of 'print_OLED' differ in signedness [-Wpointer-sign]
  182 |         print_OLED(0, 0, "cmd_cnt: %u", true, cmd_cnt);
      |                          ^~~~~~~~~~~~~
      |                          |
      |                          char *
../Core/Inc/helper.h:30:40: note: expected 'uint8_t *' {aka 'unsigned char *'} but argument is of type 'char *'
   30 | void print_OLED(int x, int y, uint8_t* msg, bool var_exist, int32_t val);
      |                               ~~~~~~~~~^~~
arm-none-eabi-gcc -o "MDP_STM32.elf" @"objects.list"   -mcpu=cortex-m4 -T"D:\3. CE Timetable and Curriculum\7. AY2023-2024 Sem 1 (Year 4)\1. SC2079 - Multidisciplinary Design Project\4. Project\SC2079_GROUP13\Hardware_STM\MDP_STM32\STM32F407VETX_FLASH.ld" --specs=nosys.specs -Wl,-Map="MDP_STM32.map" -Wl,--gc-sections -static -u _printf_float --specs=nano.specs -mfpu=fpv4-sp-d16 -mfloat-abi=hard -mthumb -Wl,--start-group -lc -lm -Wl,--end-group
Finished building target: MDP_STM32.elf
 
arm-none-eabi-size  MDP_STM32.elf 
arm-none-eabi-objdump -h -S MDP_STM32.elf  > "MDP_STM32.list"
   text	   data	    bss	    dec	    hex	filename
  43208	    476	   4612	  48296	   bca8	MDP_STM32.elf
Finished building: default.size.stdout
 
Finished building: MDP_STM32.list
 
22:41:59 **** Incremental Build of configuration Debug for project MDP_STM32 ****
make -j8 all 
arm-none-eabi-size  MDP_STM32.elf 
   text	   data	    bss	    dec	    hex	filename
  43208	    476	   4612	  48296	   bca8	MDP_STM32.elf
Finished building: default.size.stdout
 
22:49:36 **** Incremental Build of configuration Debug for project MDP_STM32 ****
make -j8 all 
arm-none-eabi-gcc "../Core/Src/motor.c" -mcpu=cortex-m4 -std=gnu11 -g3 -DDEBUG -DUSE_HAL_DRIVER -DSTM32F407xx -c -I../Core/Inc -I../Drivers/STM32F4xx_HAL_Driver/Inc -I../Drivers/STM32F4xx_HAL_Driver/Inc/Legacy -I../Drivers/CMSIS/Device/ST/STM32F4xx/Include -I../Drivers/CMSIS/Include -O0 -ffunction-sections -fdata-sections -Wall -u _printf_float -fstack-usage -fcyclomatic-complexity -MMD -MP -MF"Core/Src/motor.d" -MT"Core/Src/motor.o" --specs=nano.specs -mfpu=fpv4-sp-d16 -mfloat-abi=hard -mthumb -o "Core/Src/motor.o"
../Core/Src/motor.c: In function 'PID_Control_left':
../Core/Src/motor.c:48:11: warning: implicit declaration of function 'abs' [-Wimplicit-function-declaration]
   48 |       if (abs(l_error)>2){ //more than 2 degree difference
      |           ^~~
../Core/Src/motor.c:12:1: note: include '<stdlib.h>' or provide a declaration of 'abs'
   11 | #include <math.h>
  +++ |+#include <stdlib.h>
   12 | 
../Core/Src/motor.c: In function 'motor_get_drive':
../Core/Src/motor.c:221:5: warning: implicit declaration of function 'move_straight' [-Wimplicit-function-declaration]
  221 |     move_straight(dir);
      |     ^~~~~~~~~~~~~
../Core/Src/motor.c: In function 'forward':
../Core/Src/motor.c:259:27: warning: pointer targets in passing argument 3 of 'print_OLED' differ in signedness [-Wpointer-sign]
  259 |         print_OLED(0, 45, "%u", true, 65535 - encoder_cnt);
      |                           ^~~~
      |                           |
      |                           char *
In file included from ../Core/Inc/servo.h:15,
                 from ../Core/Inc/motor.h:15,
                 from ../Core/Src/motor.c:10:
../Core/Inc/helper.h:30:40: note: expected 'uint8_t *' {aka 'unsigned char *'} but argument is of type 'char *'
   30 | void print_OLED(int x, int y, uint8_t* msg, bool var_exist, int32_t val);
      |                               ~~~~~~~~~^~~
../Core/Src/motor.c:236:14: warning: unused variable 'target_pulses' [-Wunused-variable]
  236 |     uint32_t target_pulses = (uint32_t)(distance * pulses_per_cm);
      |              ^~~~~~~~~~~~~
../Core/Src/motor.c: In function 'forward_pid':
../Core/Src/motor.c:302:5: warning: implicit declaration of function 'sprintf' [-Wimplicit-function-declaration]
  302 |     sprintf(buf, "target_pulse: %u", target_pulses);
      |     ^~~~~~~
../Core/Src/motor.c:12:1: note: include '<stdio.h>' or provide a declaration of 'sprintf'
   11 | #include <math.h>
  +++ |+#include <stdio.h>
   12 | 
../Core/Src/motor.c:302:5: warning: incompatible implicit declaration of built-in function 'sprintf' [-Wbuiltin-declaration-mismatch]
  302 |     sprintf(buf, "target_pulse: %u", target_pulses);
      |     ^~~~~~~
../Core/Src/motor.c:302:5: note: include '<stdio.h>' or provide a declaration of 'sprintf'
../Core/Src/motor.c:302:13: warning: pointer targets in passing argument 1 of 'sprintf' differ in signedness [-Wpointer-sign]
  302 |     sprintf(buf, "target_pulse: %u", target_pulses);
      |             ^~~
      |             |
      |             uint8_t * {aka unsigned char *}
../Core/Src/motor.c:302:13: note: expected 'char *' but argument is of type 'uint8_t *' {aka 'unsigned char *'}
../Core/Src/motor.c:302:34: warning: format '%u' expects argument of type 'unsigned int', but argument 3 has type 'uint32_t' {aka 'long unsigned int'} [-Wformat=]
  302 |     sprintf(buf, "target_pulse: %u", target_pulses);
      |                                 ~^   ~~~~~~~~~~~~~
      |                                  |   |
      |                                  |   uint32_t {aka long unsigned int}
      |                                  unsigned int
      |                                 %lu
../Core/Src/motor.c:316:22: warning: pointer targets in passing argument 3 of 'print_OLED' differ in signedness [-Wpointer-sign]
  316 |     print_OLED(0, 0, "ta: %ld", true, target_angle);
      |                      ^~~~~~~~~
      |                      |
      |                      char *
../Core/Inc/helper.h:30:40: note: expected 'uint8_t *' {aka 'unsigned char *'} but argument is of type 'char *'
   30 | void print_OLED(int x, int y, uint8_t* msg, bool var_exist, int32_t val);
      |                               ~~~~~~~~~^~~
../Core/Src/motor.c:379:27: warning: pointer targets in passing argument 3 of 'print_OLED' differ in signedness [-Wpointer-sign]
  379 |         print_OLED(0, 15, "l: %ld", true, l_angle);
      |                           ^~~~~~~~
      |                           |
      |                           char *
../Core/Inc/helper.h:30:40: note: expected 'uint8_t *' {aka 'unsigned char *'} but argument is of type 'char *'
   30 | void print_OLED(int x, int y, uint8_t* msg, bool var_exist, int32_t val);
      |                               ~~~~~~~~~^~~
../Core/Src/motor.c:380:27: warning: pointer targets in passing argument 3 of 'print_OLED' differ in signedness [-Wpointer-sign]
  380 |         print_OLED(0, 30, "r: %ld", true, r_angle);
      |                           ^~~~~~~~
      |                           |
      |                           char *
../Core/Inc/helper.h:30:40: note: expected 'uint8_t *' {aka 'unsigned char *'} but argument is of type 'char *'
   30 | void print_OLED(int x, int y, uint8_t* msg, bool var_exist, int32_t val);
      |                               ~~~~~~~~~^~~
../Core/Src/motor.c: In function 'backward':
../Core/Src/motor.c:409:5: warning: incompatible implicit declaration of built-in function 'sprintf' [-Wbuiltin-declaration-mismatch]
  409 |     sprintf(buf, "target_pulse: %u", target_pulses);
      |     ^~~~~~~
../Core/Src/motor.c:409:5: note: include '<stdio.h>' or provide a declaration of 'sprintf'
../Core/Src/motor.c:409:13: warning: pointer targets in passing argument 1 of 'sprintf' differ in signedness [-Wpointer-sign]
  409 |     sprintf(buf, "target_pulse: %u", target_pulses);
      |             ^~~
      |             |
      |             uint8_t * {aka unsigned char *}
../Core/Src/motor.c:409:13: note: expected 'char *' but argument is of type 'uint8_t *' {aka 'unsigned char *'}
../Core/Src/motor.c:409:34: warning: format '%u' expects argument of type 'unsigned int', but argument 3 has type 'uint32_t' {aka 'long unsigned int'} [-Wformat=]
  409 |     sprintf(buf, "target_pulse: %u", target_pulses);
      |                                 ~^   ~~~~~~~~~~~~~
      |                                  |   |
      |                                  |   uint32_t {aka long unsigned int}
      |                                  unsigned int
      |                                 %lu
../Core/Src/motor.c:422:27: warning: pointer targets in passing argument 3 of 'OLED_ShowString' differ in signedness [-Wpointer-sign]
  422 |     OLED_ShowString(0, 0, "encoder_cnt: ");
      |                           ^~~~~~~~~~~~~~~
      |                           |
      |                           char *
In file included from ../Core/Inc/motor.h:14:
../Core/Inc/oled.h:44:59: note: expected 'const uint8_t *' {aka 'const unsigned char *'} but argument is of type 'char *'
   44 | void OLED_ShowString(uint8_t x, uint8_t y, const uint8_t *p);
      |                                            ~~~~~~~~~~~~~~~^
../Core/Src/motor.c:428:17: warning: pointer targets in passing argument 1 of 'sprintf' differ in signedness [-Wpointer-sign]
  428 |         sprintf(buf, "%u", encoder_cnt);
      |                 ^~~
      |                 |
      |                 uint8_t * {aka unsigned char *}
../Core/Src/motor.c:428:17: note: expected 'char *' but argument is of type 'uint8_t *' {aka 'unsigned char *'}
../Core/Src/motor.c:428:24: warning: format '%u' expects argument of type 'unsigned int', but argument 3 has type 'uint32_t' {aka 'long unsigned int'} [-Wformat=]
  428 |         sprintf(buf, "%u", encoder_cnt);
      |                       ~^   ~~~~~~~~~~~
      |                        |   |
      |                        |   uint32_t {aka long unsigned int}
      |                        unsigned int
      |                       %lu
../Core/Src/motor.c: In function 'forward_right':
../Core/Src/motor.c:465:27: warning: pointer targets in passing argument 3 of 'OLED_ShowString' differ in signedness [-Wpointer-sign]
  465 |     OLED_ShowString(0, 0, "encoder_cnt: ");
      |                           ^~~~~~~~~~~~~~~
      |                           |
      |                           char *
../Core/Inc/oled.h:44:59: note: expected 'const uint8_t *' {aka 'const unsigned char *'} but argument is of type 'char *'
   44 | void OLED_ShowString(uint8_t x, uint8_t y, const uint8_t *p);
      |                                            ~~~~~~~~~~~~~~~^
../Core/Src/motor.c:471:9: warning: incompatible implicit declaration of built-in function 'sprintf' [-Wbuiltin-declaration-mismatch]
  471 |         sprintf(buf, "%u", encoder_cnt);  // Format encoder count for display
      |         ^~~~~~~
../Core/Src/motor.c:471:9: note: include '<stdio.h>' or provide a declaration of 'sprintf'
../Core/Src/motor.c:471:17: warning: pointer targets in passing argument 1 of 'sprintf' differ in signedness [-Wpointer-sign]
  471 |         sprintf(buf, "%u", encoder_cnt);  // Format encoder count for display
      |                 ^~~
      |                 |
      |                 uint8_t * {aka unsigned char *}
../Core/Src/motor.c:471:17: note: expected 'char *' but argument is of type 'uint8_t *' {aka 'unsigned char *'}
../Core/Src/motor.c:471:24: warning: format '%u' expects argument of type 'unsigned int', but argument 3 has type 'uint32_t' {aka 'long unsigned int'} [-Wformat=]
  471 |         sprintf(buf, "%u", encoder_cnt);  // Format encoder count for display
      |                       ~^   ~~~~~~~~~~~
      |                        |   |
      |                        |   uint32_t {aka long unsigned int}
      |                        unsigned int
      |                       %lu
../Core/Src/motor.c: In function 'forward_left':
../Core/Src/motor.c:506:27: warning: pointer targets in passing argument 3 of 'OLED_ShowString' differ in signedness [-Wpointer-sign]
  506 |     OLED_ShowString(0, 0, "encoder_cnt: ");
      |                           ^~~~~~~~~~~~~~~
      |                           |
      |                           char *
../Core/Inc/oled.h:44:59: note: expected 'const uint8_t *' {aka 'const unsigned char *'} but argument is of type 'char *'
   44 | void OLED_ShowString(uint8_t x, uint8_t y, const uint8_t *p);
      |                                            ~~~~~~~~~~~~~~~^
../Core/Src/motor.c:511:9: warning: incompatible implicit declaration of built-in function 'sprintf' [-Wbuiltin-declaration-mismatch]
  511 |         sprintf(buf, "%u", encoder_cnt);  // Format encoder count for display
      |         ^~~~~~~
../Core/Src/motor.c:511:9: note: include '<stdio.h>' or provide a declaration of 'sprintf'
../Core/Src/motor.c:511:17: warning: pointer targets in passing argument 1 of 'sprintf' differ in signedness [-Wpointer-sign]
  511 |         sprintf(buf, "%u", encoder_cnt);  // Format encoder count for display
      |                 ^~~
      |                 |
      |                 uint8_t * {aka unsigned char *}
../Core/Src/motor.c:511:17: note: expected 'char *' but argument is of type 'uint8_t *' {aka 'unsigned char *'}
../Core/Src/motor.c:511:24: warning: format '%u' expects argument of type 'unsigned int', but argument 3 has type 'uint32_t' {aka 'long unsigned int'} [-Wformat=]
  511 |         sprintf(buf, "%u", encoder_cnt);  // Format encoder count for display
      |                       ~^   ~~~~~~~~~~~
      |                        |   |
      |                        |   uint32_t {aka long unsigned int}
      |                        unsigned int
      |                       %lu
../Core/Src/motor.c: In function 'PID_Control_left':
../Core/Src/motor.c:78:1: warning: control reaches end of non-void function [-Wreturn-type]
   78 | }
      | ^
../Core/Src/motor.c: In function 'PID_Control_right':
../Core/Src/motor.c:112:1: warning: control reaches end of non-void function [-Wreturn-type]
  112 | }
      | ^
arm-none-eabi-gcc -o "MDP_STM32.elf" @"objects.list"   -mcpu=cortex-m4 -T"D:\3. CE Timetable and Curriculum\7. AY2023-2024 Sem 1 (Year 4)\1. SC2079 - Multidisciplinary Design Project\4. Project\SC2079_GROUP13\Hardware_STM\MDP_STM32\STM32F407VETX_FLASH.ld" --specs=nosys.specs -Wl,-Map="MDP_STM32.map" -Wl,--gc-sections -static -u _printf_float --specs=nano.specs -mfpu=fpv4-sp-d16 -mfloat-abi=hard -mthumb -Wl,--start-group -lc -lm -Wl,--end-group
Finished building target: MDP_STM32.elf
 
arm-none-eabi-size  MDP_STM32.elf 
arm-none-eabi-objdump -h -S MDP_STM32.elf  > "MDP_STM32.list"
   text	   data	    bss	    dec	    hex	filename
  43320	    476	   4612	  48408	   bd18	MDP_STM32.elf
Finished building: default.size.stdout
 
Finished building: MDP_STM32.list
 
22:49:46 **** Incremental Build of configuration Debug for project MDP_STM32 ****
make -j8 all 
arm-none-eabi-size  MDP_STM32.elf 
   text	   data	    bss	    dec	    hex	filename
  43320	    476	   4612	  48408	   bd18	MDP_STM32.elf
Finished building: default.size.stdout
 
22:57:24 **** Incremental Build of configuration Debug for project MDP_STM32 ****
make -j8 all 
arm-none-eabi-gcc "../Core/Src/motor.c" -mcpu=cortex-m4 -std=gnu11 -g3 -DDEBUG -DUSE_HAL_DRIVER -DSTM32F407xx -c -I../Core/Inc -I../Drivers/STM32F4xx_HAL_Driver/Inc -I../Drivers/STM32F4xx_HAL_Driver/Inc/Legacy -I../Drivers/CMSIS/Device/ST/STM32F4xx/Include -I../Drivers/CMSIS/Include -O0 -ffunction-sections -fdata-sections -Wall -u _printf_float -fstack-usage -fcyclomatic-complexity -MMD -MP -MF"Core/Src/motor.d" -MT"Core/Src/motor.o" --specs=nano.specs -mfpu=fpv4-sp-d16 -mfloat-abi=hard -mthumb -o "Core/Src/motor.o"
../Core/Src/motor.c: In function 'PID_Control_left':
../Core/Src/motor.c:48:11: warning: implicit declaration of function 'abs' [-Wimplicit-function-declaration]
   48 |       if (abs(l_error)>2){ //more than 2 degree difference
      |           ^~~
../Core/Src/motor.c:12:1: note: include '<stdlib.h>' or provide a declaration of 'abs'
   11 | #include <math.h>
  +++ |+#include <stdlib.h>
   12 | 
../Core/Src/motor.c: In function 'motor_get_drive':
../Core/Src/motor.c:221:5: warning: implicit declaration of function 'move_straight' [-Wimplicit-function-declaration]
  221 |     move_straight(dir);
      |     ^~~~~~~~~~~~~
../Core/Src/motor.c: In function 'forward':
../Core/Src/motor.c:259:27: warning: pointer targets in passing argument 3 of 'print_OLED' differ in signedness [-Wpointer-sign]
  259 |         print_OLED(0, 45, "%u", true, 65535 - encoder_cnt);
      |                           ^~~~
      |                           |
      |                           char *
In file included from ../Core/Inc/servo.h:15,
                 from ../Core/Inc/motor.h:15,
                 from ../Core/Src/motor.c:10:
../Core/Inc/helper.h:30:40: note: expected 'uint8_t *' {aka 'unsigned char *'} but argument is of type 'char *'
   30 | void print_OLED(int x, int y, uint8_t* msg, bool var_exist, int32_t val);
      |                               ~~~~~~~~~^~~
../Core/Src/motor.c:236:14: warning: unused variable 'target_pulses' [-Wunused-variable]
  236 |     uint32_t target_pulses = (uint32_t)(distance * pulses_per_cm);
      |              ^~~~~~~~~~~~~
../Core/Src/motor.c: In function 'forward_pid':
../Core/Src/motor.c:302:5: warning: implicit declaration of function 'sprintf' [-Wimplicit-function-declaration]
  302 |     sprintf(buf, "target_pulse: %u", target_pulses);
      |     ^~~~~~~
../Core/Src/motor.c:12:1: note: include '<stdio.h>' or provide a declaration of 'sprintf'
   11 | #include <math.h>
  +++ |+#include <stdio.h>
   12 | 
../Core/Src/motor.c:302:5: warning: incompatible implicit declaration of built-in function 'sprintf' [-Wbuiltin-declaration-mismatch]
  302 |     sprintf(buf, "target_pulse: %u", target_pulses);
      |     ^~~~~~~
../Core/Src/motor.c:302:5: note: include '<stdio.h>' or provide a declaration of 'sprintf'
../Core/Src/motor.c:302:13: warning: pointer targets in passing argument 1 of 'sprintf' differ in signedness [-Wpointer-sign]
  302 |     sprintf(buf, "target_pulse: %u", target_pulses);
      |             ^~~
      |             |
      |             uint8_t * {aka unsigned char *}
../Core/Src/motor.c:302:13: note: expected 'char *' but argument is of type 'uint8_t *' {aka 'unsigned char *'}
../Core/Src/motor.c:302:34: warning: format '%u' expects argument of type 'unsigned int', but argument 3 has type 'uint32_t' {aka 'long unsigned int'} [-Wformat=]
  302 |     sprintf(buf, "target_pulse: %u", target_pulses);
      |                                 ~^   ~~~~~~~~~~~~~
      |                                  |   |
      |                                  |   uint32_t {aka long unsigned int}
      |                                  unsigned int
      |                                 %lu
../Core/Src/motor.c:316:22: warning: pointer targets in passing argument 3 of 'print_OLED' differ in signedness [-Wpointer-sign]
  316 |     print_OLED(0, 0, "ta: %ld", true, target_angle);
      |                      ^~~~~~~~~
      |                      |
      |                      char *
../Core/Inc/helper.h:30:40: note: expected 'uint8_t *' {aka 'unsigned char *'} but argument is of type 'char *'
   30 | void print_OLED(int x, int y, uint8_t* msg, bool var_exist, int32_t val);
      |                               ~~~~~~~~~^~~
../Core/Src/motor.c:379:27: warning: pointer targets in passing argument 3 of 'print_OLED' differ in signedness [-Wpointer-sign]
  379 |         print_OLED(0, 15, "l: %ld", true, l_angle);
      |                           ^~~~~~~~
      |                           |
      |                           char *
../Core/Inc/helper.h:30:40: note: expected 'uint8_t *' {aka 'unsigned char *'} but argument is of type 'char *'
   30 | void print_OLED(int x, int y, uint8_t* msg, bool var_exist, int32_t val);
      |                               ~~~~~~~~~^~~
../Core/Src/motor.c:380:27: warning: pointer targets in passing argument 3 of 'print_OLED' differ in signedness [-Wpointer-sign]
  380 |         print_OLED(0, 30, "r: %ld", true, r_angle);
      |                           ^~~~~~~~
      |                           |
      |                           char *
../Core/Inc/helper.h:30:40: note: expected 'uint8_t *' {aka 'unsigned char *'} but argument is of type 'char *'
   30 | void print_OLED(int x, int y, uint8_t* msg, bool var_exist, int32_t val);
      |                               ~~~~~~~~~^~~
../Core/Src/motor.c: In function 'backward':
../Core/Src/motor.c:409:5: warning: incompatible implicit declaration of built-in function 'sprintf' [-Wbuiltin-declaration-mismatch]
  409 |     sprintf(buf, "target_pulse: %u", target_pulses);
      |     ^~~~~~~
../Core/Src/motor.c:409:5: note: include '<stdio.h>' or provide a declaration of 'sprintf'
../Core/Src/motor.c:409:13: warning: pointer targets in passing argument 1 of 'sprintf' differ in signedness [-Wpointer-sign]
  409 |     sprintf(buf, "target_pulse: %u", target_pulses);
      |             ^~~
      |             |
      |             uint8_t * {aka unsigned char *}
../Core/Src/motor.c:409:13: note: expected 'char *' but argument is of type 'uint8_t *' {aka 'unsigned char *'}
../Core/Src/motor.c:409:34: warning: format '%u' expects argument of type 'unsigned int', but argument 3 has type 'uint32_t' {aka 'long unsigned int'} [-Wformat=]
  409 |     sprintf(buf, "target_pulse: %u", target_pulses);
      |                                 ~^   ~~~~~~~~~~~~~
      |                                  |   |
      |                                  |   uint32_t {aka long unsigned int}
      |                                  unsigned int
      |                                 %lu
../Core/Src/motor.c:422:27: warning: pointer targets in passing argument 3 of 'OLED_ShowString' differ in signedness [-Wpointer-sign]
  422 |     OLED_ShowString(0, 0, "encoder_cnt: ");
      |                           ^~~~~~~~~~~~~~~
      |                           |
      |                           char *
In file included from ../Core/Inc/motor.h:14:
../Core/Inc/oled.h:44:59: note: expected 'const uint8_t *' {aka 'const unsigned char *'} but argument is of type 'char *'
   44 | void OLED_ShowString(uint8_t x, uint8_t y, const uint8_t *p);
      |                                            ~~~~~~~~~~~~~~~^
../Core/Src/motor.c:428:17: warning: pointer targets in passing argument 1 of 'sprintf' differ in signedness [-Wpointer-sign]
  428 |         sprintf(buf, "%u", encoder_cnt);
      |                 ^~~
      |                 |
      |                 uint8_t * {aka unsigned char *}
../Core/Src/motor.c:428:17: note: expected 'char *' but argument is of type 'uint8_t *' {aka 'unsigned char *'}
../Core/Src/motor.c:428:24: warning: format '%u' expects argument of type 'unsigned int', but argument 3 has type 'uint32_t' {aka 'long unsigned int'} [-Wformat=]
  428 |         sprintf(buf, "%u", encoder_cnt);
      |                       ~^   ~~~~~~~~~~~
      |                        |   |
      |                        |   uint32_t {aka long unsigned int}
      |                        unsigned int
      |                       %lu
../Core/Src/motor.c: In function 'forward_right':
../Core/Src/motor.c:465:27: warning: pointer targets in passing argument 3 of 'OLED_ShowString' differ in signedness [-Wpointer-sign]
  465 |     OLED_ShowString(0, 0, "encoder_cnt: ");
      |                           ^~~~~~~~~~~~~~~
      |                           |
      |                           char *
../Core/Inc/oled.h:44:59: note: expected 'const uint8_t *' {aka 'const unsigned char *'} but argument is of type 'char *'
   44 | void OLED_ShowString(uint8_t x, uint8_t y, const uint8_t *p);
      |                                            ~~~~~~~~~~~~~~~^
../Core/Src/motor.c:471:9: warning: incompatible implicit declaration of built-in function 'sprintf' [-Wbuiltin-declaration-mismatch]
  471 |         sprintf(buf, "%u", encoder_cnt);  // Format encoder count for display
      |         ^~~~~~~
../Core/Src/motor.c:471:9: note: include '<stdio.h>' or provide a declaration of 'sprintf'
../Core/Src/motor.c:471:17: warning: pointer targets in passing argument 1 of 'sprintf' differ in signedness [-Wpointer-sign]
  471 |         sprintf(buf, "%u", encoder_cnt);  // Format encoder count for display
      |                 ^~~
      |                 |
      |                 uint8_t * {aka unsigned char *}
../Core/Src/motor.c:471:17: note: expected 'char *' but argument is of type 'uint8_t *' {aka 'unsigned char *'}
../Core/Src/motor.c:471:24: warning: format '%u' expects argument of type 'unsigned int', but argument 3 has type 'uint32_t' {aka 'long unsigned int'} [-Wformat=]
  471 |         sprintf(buf, "%u", encoder_cnt);  // Format encoder count for display
      |                       ~^   ~~~~~~~~~~~
      |                        |   |
      |                        |   uint32_t {aka long unsigned int}
      |                        unsigned int
      |                       %lu
../Core/Src/motor.c: In function 'forward_left':
../Core/Src/motor.c:506:27: warning: pointer targets in passing argument 3 of 'OLED_ShowString' differ in signedness [-Wpointer-sign]
  506 |     OLED_ShowString(0, 0, "encoder_cnt: ");
      |                           ^~~~~~~~~~~~~~~
      |                           |
      |                           char *
../Core/Inc/oled.h:44:59: note: expected 'const uint8_t *' {aka 'const unsigned char *'} but argument is of type 'char *'
   44 | void OLED_ShowString(uint8_t x, uint8_t y, const uint8_t *p);
      |                                            ~~~~~~~~~~~~~~~^
../Core/Src/motor.c:511:9: warning: incompatible implicit declaration of built-in function 'sprintf' [-Wbuiltin-declaration-mismatch]
  511 |         sprintf(buf, "%u", encoder_cnt);  // Format encoder count for display
      |         ^~~~~~~
../Core/Src/motor.c:511:9: note: include '<stdio.h>' or provide a declaration of 'sprintf'
../Core/Src/motor.c:511:17: warning: pointer targets in passing argument 1 of 'sprintf' differ in signedness [-Wpointer-sign]
  511 |         sprintf(buf, "%u", encoder_cnt);  // Format encoder count for display
      |                 ^~~
      |                 |
      |                 uint8_t * {aka unsigned char *}
../Core/Src/motor.c:511:17: note: expected 'char *' but argument is of type 'uint8_t *' {aka 'unsigned char *'}
../Core/Src/motor.c:511:24: warning: format '%u' expects argument of type 'unsigned int', but argument 3 has type 'uint32_t' {aka 'long unsigned int'} [-Wformat=]
  511 |         sprintf(buf, "%u", encoder_cnt);  // Format encoder count for display
      |                       ~^   ~~~~~~~~~~~
      |                        |   |
      |                        |   uint32_t {aka long unsigned int}
      |                        unsigned int
      |                       %lu
../Core/Src/motor.c: In function 'PID_Control_left':
../Core/Src/motor.c:78:1: warning: control reaches end of non-void function [-Wreturn-type]
   78 | }
      | ^
../Core/Src/motor.c: In function 'PID_Control_right':
../Core/Src/motor.c:112:1: warning: control reaches end of non-void function [-Wreturn-type]
  112 | }
      | ^
arm-none-eabi-gcc -o "MDP_STM32.elf" @"objects.list"   -mcpu=cortex-m4 -T"D:\3. CE Timetable and Curriculum\7. AY2023-2024 Sem 1 (Year 4)\1. SC2079 - Multidisciplinary Design Project\4. Project\SC2079_GROUP13\Hardware_STM\MDP_STM32\STM32F407VETX_FLASH.ld" --specs=nosys.specs -Wl,-Map="MDP_STM32.map" -Wl,--gc-sections -static -u _printf_float --specs=nano.specs -mfpu=fpv4-sp-d16 -mfloat-abi=hard -mthumb -Wl,--start-group -lc -lm -Wl,--end-group
Finished building target: MDP_STM32.elf
 
arm-none-eabi-size  MDP_STM32.elf 
arm-none-eabi-objdump -h -S MDP_STM32.elf  > "MDP_STM32.list"
   text	   data	    bss	    dec	    hex	filename
  43304	    476	   4612	  48392	   bd08	MDP_STM32.elf
Finished building: default.size.stdout
 
Finished building: MDP_STM32.list
 
22:57:32 **** Incremental Build of configuration Debug for project MDP_STM32 ****
make -j8 all 
arm-none-eabi-size  MDP_STM32.elf 
   text	   data	    bss	    dec	    hex	filename
  43304	    476	   4612	  48392	   bd08	MDP_STM32.elf
Finished building: default.size.stdout
 
23:27:15 **** Incremental Build of configuration Debug for project MDP_STM32 ****
make -j8 all 
arm-none-eabi-gcc "../Core/Src/ICM20948.c" -mcpu=cortex-m4 -std=gnu11 -g3 -DDEBUG -DUSE_HAL_DRIVER -DSTM32F407xx -c -I../Core/Inc -I../Drivers/STM32F4xx_HAL_Driver/Inc -I../Drivers/STM32F4xx_HAL_Driver/Inc/Legacy -I../Drivers/CMSIS/Device/ST/STM32F4xx/Include -I../Drivers/CMSIS/Include -O0 -ffunction-sections -fdata-sections -Wall -u _printf_float -fstack-usage -fcyclomatic-complexity -MMD -MP -MF"Core/Src/ICM20948.d" -MT"Core/Src/ICM20948.o" --specs=nano.specs -mfpu=fpv4-sp-d16 -mfloat-abi=hard -mthumb -o "Core/Src/ICM20948.o"
arm-none-eabi-gcc "../Core/Src/main.c" -mcpu=cortex-m4 -std=gnu11 -g3 -DDEBUG -DUSE_HAL_DRIVER -DSTM32F407xx -c -I../Core/Inc -I../Drivers/STM32F4xx_HAL_Driver/Inc -I../Drivers/STM32F4xx_HAL_Driver/Inc/Legacy -I../Drivers/CMSIS/Device/ST/STM32F4xx/Include -I../Drivers/CMSIS/Include -O0 -ffunction-sections -fdata-sections -Wall -u _printf_float -fstack-usage -fcyclomatic-complexity -MMD -MP -MF"Core/Src/main.d" -MT"Core/Src/main.o" --specs=nano.specs -mfpu=fpv4-sp-d16 -mfloat-abi=hard -mthumb -o "Core/Src/main.o"
arm-none-eabi-gcc "../Core/Src/motor.c" -mcpu=cortex-m4 -std=gnu11 -g3 -DDEBUG -DUSE_HAL_DRIVER -DSTM32F407xx -c -I../Core/Inc -I../Drivers/STM32F4xx_HAL_Driver/Inc -I../Drivers/STM32F4xx_HAL_Driver/Inc/Legacy -I../Drivers/CMSIS/Device/ST/STM32F4xx/Include -I../Drivers/CMSIS/Include -O0 -ffunction-sections -fdata-sections -Wall -u _printf_float -fstack-usage -fcyclomatic-complexity -MMD -MP -MF"Core/Src/motor.d" -MT"Core/Src/motor.o" --specs=nano.specs -mfpu=fpv4-sp-d16 -mfloat-abi=hard -mthumb -o "Core/Src/motor.o"
arm-none-eabi-gcc "../Core/Src/sensor.c" -mcpu=cortex-m4 -std=gnu11 -g3 -DDEBUG -DUSE_HAL_DRIVER -DSTM32F407xx -c -I../Core/Inc -I../Drivers/STM32F4xx_HAL_Driver/Inc -I../Drivers/STM32F4xx_HAL_Driver/Inc/Legacy -I../Drivers/CMSIS/Device/ST/STM32F4xx/Include -I../Drivers/CMSIS/Include -O0 -ffunction-sections -fdata-sections -Wall -u _printf_float -fstack-usage -fcyclomatic-complexity -MMD -MP -MF"Core/Src/sensor.d" -MT"Core/Src/sensor.o" --specs=nano.specs -mfpu=fpv4-sp-d16 -mfloat-abi=hard -mthumb -o "Core/Src/sensor.o"
arm-none-eabi-gcc "../Core/Src/test.c" -mcpu=cortex-m4 -std=gnu11 -g3 -DDEBUG -DUSE_HAL_DRIVER -DSTM32F407xx -c -I../Core/Inc -I../Drivers/STM32F4xx_HAL_Driver/Inc -I../Drivers/STM32F4xx_HAL_Driver/Inc/Legacy -I../Drivers/CMSIS/Device/ST/STM32F4xx/Include -I../Drivers/CMSIS/Include -O0 -ffunction-sections -fdata-sections -Wall -u _printf_float -fstack-usage -fcyclomatic-complexity -MMD -MP -MF"Core/Src/test.d" -MT"Core/Src/test.o" --specs=nano.specs -mfpu=fpv4-sp-d16 -mfloat-abi=hard -mthumb -o "Core/Src/test.o"
../Core/Src/ICM20948.c: In function 'ICM20948_init':
../Core/Src/ICM20948.c:120:27: warning: variable 'status' set but not used [-Wunused-but-set-variable]
  120 |         HAL_StatusTypeDef status = HAL_OK;
      |                           ^~~~~~
../Core/Src/ICM20948.c: In function 'ICM20948_readTemperature':
../Core/Src/ICM20948.c:280:21: warning: variable 'status' set but not used [-Wunused-but-set-variable]
  280 |   HAL_StatusTypeDef status = HAL_OK;
      |                     ^~~~~~
../Core/Src/ICM20948.c: In function 'ICM20948_readMagnetometer_allAxises':
../Core/Src/ICM20948.c:321:27: warning: variable 'status' set but not used [-Wunused-but-set-variable]
  321 |         HAL_StatusTypeDef status = HAL_OK;
      |                           ^~~~~~
../Core/Src/motor.c: In function 'PID_Control_left':
../Core/Src/motor.c:48:11: warning: implicit declaration of function 'abs' [-Wimplicit-function-declaration]
   48 |       if (abs(l_error)>2){ //more than 2 degree difference
      |           ^~~
../Core/Src/motor.c:12:1: note: include '<stdlib.h>' or provide a declaration of 'abs'
   11 | #include <math.h>
  +++ |+#include <stdlib.h>
   12 | 
../Core/Src/main.c:74:9: error: conflicting types for 'gyroZ'; have 'int32_t' {aka 'long int'}
   74 | int32_t gyroZ = 0, gyro_target_angle = 0, gyro_angle = 0;
      |         ^~~~~
In file included from ../Core/Src/main.c:29:
../Core/Inc/test.h:39:16: note: previous declaration of 'gyroZ' with type 'int16_t' {aka 'short int'}
   39 | extern int16_t gyroZ, gyro_target_angle, gyro_angle;
      |                ^~~~~
../Core/Src/main.c:74:20: error: conflicting types for 'gyro_target_angle'; have 'int32_t' {aka 'long int'}
   74 | int32_t gyroZ = 0, gyro_target_angle = 0, gyro_angle = 0;
      |                    ^~~~~~~~~~~~~~~~~
../Core/Inc/test.h:39:23: note: previous declaration of 'gyro_target_angle' with type 'int16_t' {aka 'short int'}
   39 | extern int16_t gyroZ, gyro_target_angle, gyro_angle;
      |                       ^~~~~~~~~~~~~~~~~
../Core/Src/main.c:74:43: error: conflicting types for 'gyro_angle'; have 'int32_t' {aka 'long int'}
   74 | int32_t gyroZ = 0, gyro_target_angle = 0, gyro_angle = 0;
      |                                           ^~~~~~~~~~
../Core/Inc/test.h:39:42: note: previous declaration of 'gyro_angle' with type 'int16_t' {aka 'short int'}
   39 | extern int16_t gyroZ, gyro_target_angle, gyro_angle;
      |                                          ^~~~~~~~~~
../Core/Src/main.c: In function 'main':
../Core/Src/main.c:213:25: warning: pointer targets in passing argument 3 of 'OLED_ShowString' differ in signedness [-Wpointer-sign]
  213 |   OLED_ShowString(0, 0, "Press USER btn");
      |                         ^~~~~~~~~~~~~~~~
      |                         |
      |                         char *
In file included from ../Core/Src/main.c:25:
../Core/Inc/oled.h:44:59: note: expected 'const uint8_t *' {aka 'const unsigned char *'} but argument is of type 'char *'
   44 | void OLED_ShowString(uint8_t x, uint8_t y, const uint8_t *p);
      |                                            ~~~~~~~~~~~~~~~^
../Core/Src/main.c:214:26: warning: pointer targets in passing argument 3 of 'OLED_ShowString' differ in signedness [-Wpointer-sign]
  214 |   OLED_ShowString(0, 15, "to continue");
      |                          ^~~~~~~~~~~~~
      |                          |
      |                          char *
../Core/Inc/oled.h:44:59: note: expected 'const uint8_t *' {aka 'const unsigned char *'} but argument is of type 'char *'
   44 | void OLED_ShowString(uint8_t x, uint8_t y, const uint8_t *p);
      |                                            ~~~~~~~~~~~~~~~^
../Core/Src/sensor.c: In function 'sensors_read_gyroZ':
../Core/Src/sensor.c:38:68: warning: passing argument 4 of 'ICM20948_readGyroscope_Z' from incompatible pointer type [-Wincompatible-pointer-types]
   38 |         ICM20948_readGyroscope_Z(hi2c_ptr, ICM_I2C_ADDR, GYRO_SEN, &val);
      |                                                                    ^~~~
      |                                                                    |
      |                                                                    float *
In file included from ../Core/Inc/sensor.h:15,
                 from ../Core/Src/sensor.c:10:
../Core/Inc/ICM20948.h:76:135: note: expected 'int16_t *' {aka 'short int *'} but argument is of type 'float *'
   76 | void ICM20948_readGyroscope_Z(I2C_HandleTypeDef * hi2c, uint8_t const selectI2cAddress, uint8_t const selectGyroSensitivity, int16_t *gyroZ);
      |                                                                                                                              ~~~~~~~~~^~~~~
../Core/Src/motor.c: In function 'motor_get_drive':
../Core/Src/motor.c:221:5: warning: implicit declaration of function 'move_straight' [-Wimplicit-function-declaration]
  221 |     move_straight(dir);
      |     ^~~~~~~~~~~~~
../Core/Src/motor.c: In function 'forward':
../Core/Src/motor.c:259:27: warning: pointer targets in passing argument 3 of 'print_OLED' differ in signedness [-Wpointer-sign]
  259 |         print_OLED(0, 45, "%u", true, 65535 - encoder_cnt);
      |                           ^~~~
      |                           |
      |                           char *
In file included from ../Core/Inc/servo.h:15,
                 from ../Core/Inc/motor.h:15,
                 from ../Core/Src/motor.c:10:
../Core/Inc/helper.h:30:40: note: expected 'uint8_t *' {aka 'unsigned char *'} but argument is of type 'char *'
   30 | void print_OLED(int x, int y, uint8_t* msg, bool var_exist, int32_t val);
      |                               ~~~~~~~~~^~~
../Core/Src/motor.c:236:14: warning: unused variable 'target_pulses' [-Wunused-variable]
  236 |     uint32_t target_pulses = (uint32_t)(distance * pulses_per_cm);
      |              ^~~~~~~~~~~~~
../Core/Src/motor.c: In function 'forward_pid':
../Core/Src/motor.c:302:5: warning: implicit declaration of function 'sprintf' [-Wimplicit-function-declaration]
  302 |     sprintf(buf, "target_pulse: %u", target_pulses);
      |     ^~~~~~~
../Core/Src/motor.c:12:1: note: include '<stdio.h>' or provide a declaration of 'sprintf'
   11 | #include <math.h>
  +++ |+#include <stdio.h>
   12 | 
../Core/Src/motor.c:302:5: warning: incompatible implicit declaration of built-in function 'sprintf' [-Wbuiltin-declaration-mismatch]
  302 |     sprintf(buf, "target_pulse: %u", target_pulses);
      |     ^~~~~~~
../Core/Src/motor.c:302:5: note: include '<stdio.h>' or provide a declaration of 'sprintf'
../Core/Src/motor.c:302:13: warning: pointer targets in passing argument 1 of 'sprintf' differ in signedness [-Wpointer-sign]
  302 |     sprintf(buf, "target_pulse: %u", target_pulses);
      |             ^~~
      |             |
      |             uint8_t * {aka unsigned char *}
../Core/Src/motor.c:302:13: note: expected 'char *' but argument is of type 'uint8_t *' {aka 'unsigned char *'}
../Core/Src/motor.c:302:34: warning: format '%u' expects argument of type 'unsigned int', but argument 3 has type 'uint32_t' {aka 'long unsigned int'} [-Wformat=]
  302 |     sprintf(buf, "target_pulse: %u", target_pulses);
      |                                 ~^   ~~~~~~~~~~~~~
      |                                  |   |
      |                                  |   uint32_t {aka long unsigned int}
      |                                  unsigned int
      |                                 %lu
../Core/Src/motor.c:316:22: warning: pointer targets in passing argument 3 of 'print_OLED' differ in signedness [-Wpointer-sign]
  316 |     print_OLED(0, 0, "ta: %ld", true, target_angle);
      |                      ^~~~~~~~~
      |                      |
      |                      char *
../Core/Inc/helper.h:30:40: note: expected 'uint8_t *' {aka 'unsigned char *'} but argument is of type 'char *'
   30 | void print_OLED(int x, int y, uint8_t* msg, bool var_exist, int32_t val);
      |                               ~~~~~~~~~^~~
make: *** [Core/Src/subdir.mk:55: Core/Src/main.o] Error 1
make: *** Waiting for unfinished jobs....
../Core/Src/motor.c:379:27: warning: pointer targets in passing argument 3 of 'print_OLED' differ in signedness [-Wpointer-sign]
  379 |         print_OLED(0, 15, "l: %ld", true, l_angle);
      |                           ^~~~~~~~
      |                           |
      |                           char *
../Core/Inc/helper.h:30:40: note: expected 'uint8_t *' {aka 'unsigned char *'} but argument is of type 'char *'
   30 | void print_OLED(int x, int y, uint8_t* msg, bool var_exist, int32_t val);
      |                               ~~~~~~~~~^~~
../Core/Src/motor.c:380:27: warning: pointer targets in passing argument 3 of 'print_OLED' differ in signedness [-Wpointer-sign]
  380 |         print_OLED(0, 30, "r: %ld", true, r_angle);
      |                           ^~~~~~~~
      |                           |
      |                           char *
../Core/Inc/helper.h:30:40: note: expected 'uint8_t *' {aka 'unsigned char *'} but argument is of type 'char *'
   30 | void print_OLED(int x, int y, uint8_t* msg, bool var_exist, int32_t val);
      |                               ~~~~~~~~~^~~
../Core/Src/motor.c: In function 'backward':
../Core/Src/motor.c:409:5: warning: incompatible implicit declaration of built-in function 'sprintf' [-Wbuiltin-declaration-mismatch]
  409 |     sprintf(buf, "target_pulse: %u", target_pulses);
      |     ^~~~~~~
../Core/Src/motor.c:409:5: note: include '<stdio.h>' or provide a declaration of 'sprintf'
../Core/Src/motor.c:409:13: warning: pointer targets in passing argument 1 of 'sprintf' differ in signedness [-Wpointer-sign]
  409 |     sprintf(buf, "target_pulse: %u", target_pulses);
      |             ^~~
      |             |
      |             uint8_t * {aka unsigned char *}
../Core/Src/motor.c:409:13: note: expected 'char *' but argument is of type 'uint8_t *' {aka 'unsigned char *'}
../Core/Src/motor.c:409:34: warning: format '%u' expects argument of type 'unsigned int', but argument 3 has type 'uint32_t' {aka 'long unsigned int'} [-Wformat=]
  409 |     sprintf(buf, "target_pulse: %u", target_pulses);
      |                                 ~^   ~~~~~~~~~~~~~
      |                                  |   |
      |                                  |   uint32_t {aka long unsigned int}
      |                                  unsigned int
      |                                 %lu
../Core/Src/motor.c:422:27: warning: pointer targets in passing argument 3 of 'OLED_ShowString' differ in signedness [-Wpointer-sign]
  422 |     OLED_ShowString(0, 0, "encoder_cnt: ");
      |                           ^~~~~~~~~~~~~~~
      |                           |
      |                           char *
In file included from ../Core/Inc/motor.h:14:
../Core/Inc/oled.h:44:59: note: expected 'const uint8_t *' {aka 'const unsigned char *'} but argument is of type 'char *'
   44 | void OLED_ShowString(uint8_t x, uint8_t y, const uint8_t *p);
      |                                            ~~~~~~~~~~~~~~~^
../Core/Src/motor.c:428:17: warning: pointer targets in passing argument 1 of 'sprintf' differ in signedness [-Wpointer-sign]
  428 |         sprintf(buf, "%u", encoder_cnt);
      |                 ^~~
      |                 |
      |                 uint8_t * {aka unsigned char *}
../Core/Src/motor.c:428:17: note: expected 'char *' but argument is of type 'uint8_t *' {aka 'unsigned char *'}
../Core/Src/motor.c:428:24: warning: format '%u' expects argument of type 'unsigned int', but argument 3 has type 'uint32_t' {aka 'long unsigned int'} [-Wformat=]
  428 |         sprintf(buf, "%u", encoder_cnt);
      |                       ~^   ~~~~~~~~~~~
      |                        |   |
      |                        |   uint32_t {aka long unsigned int}
      |                        unsigned int
      |                       %lu
../Core/Src/motor.c: In function 'forward_right':
../Core/Src/motor.c:465:27: warning: pointer targets in passing argument 3 of 'OLED_ShowString' differ in signedness [-Wpointer-sign]
  465 |     OLED_ShowString(0, 0, "encoder_cnt: ");
      |                           ^~~~~~~~~~~~~~~
      |                           |
      |                           char *
../Core/Inc/oled.h:44:59: note: expected 'const uint8_t *' {aka 'const unsigned char *'} but argument is of type 'char *'
   44 | void OLED_ShowString(uint8_t x, uint8_t y, const uint8_t *p);
      |                                            ~~~~~~~~~~~~~~~^
../Core/Src/motor.c:471:9: warning: incompatible implicit declaration of built-in function 'sprintf' [-Wbuiltin-declaration-mismatch]
  471 |         sprintf(buf, "%u", encoder_cnt);  // Format encoder count for display
      |         ^~~~~~~
../Core/Src/motor.c:471:9: note: include '<stdio.h>' or provide a declaration of 'sprintf'
../Core/Src/motor.c:471:17: warning: pointer targets in passing argument 1 of 'sprintf' differ in signedness [-Wpointer-sign]
  471 |         sprintf(buf, "%u", encoder_cnt);  // Format encoder count for display
      |                 ^~~
      |                 |
      |                 uint8_t * {aka unsigned char *}
../Core/Src/motor.c:471:17: note: expected 'char *' but argument is of type 'uint8_t *' {aka 'unsigned char *'}
../Core/Src/motor.c:471:24: warning: format '%u' expects argument of type 'unsigned int', but argument 3 has type 'uint32_t' {aka 'long unsigned int'} [-Wformat=]
  471 |         sprintf(buf, "%u", encoder_cnt);  // Format encoder count for display
      |                       ~^   ~~~~~~~~~~~
      |                        |   |
      |                        |   uint32_t {aka long unsigned int}
      |                        unsigned int
      |                       %lu
../Core/Src/motor.c: In function 'forward_left':
../Core/Src/motor.c:505:27: warning: pointer targets in passing argument 3 of 'OLED_ShowString' differ in signedness [-Wpointer-sign]
  505 |     OLED_ShowString(0, 0, "encoder_cnt: ");
      |                           ^~~~~~~~~~~~~~~
      |                           |
      |                           char *
../Core/Inc/oled.h:44:59: note: expected 'const uint8_t *' {aka 'const unsigned char *'} but argument is of type 'char *'
   44 | void OLED_ShowString(uint8_t x, uint8_t y, const uint8_t *p);
      |                                            ~~~~~~~~~~~~~~~^
../Core/Src/sensor.c: In function 'sensors_read_accel':
../Core/Src/sensor.c:45:9: warning: implicit declaration of function 'ICM20948_readAccelerometer_all'; did you mean 'ICM20948_readAccelerometer_allAxises'? [-Wimplicit-function-declaration]
   45 |         ICM20948_readAccelerometer_all(hi2c_ptr, ICM_I2C_ADDR, ACCEL_SEN, accel_new);
      |         ^~~~~~~~~~~~~~~~~~~~~~~~~~~~~~
      |         ICM20948_readAccelerometer_allAxises
../Core/Src/motor.c:510:9: warning: incompatible implicit declaration of built-in function 'sprintf' [-Wbuiltin-declaration-mismatch]
  510 |         sprintf(buf, "%u", encoder_cnt);  // Format encoder count for display
      |         ^~~~~~~
../Core/Src/motor.c:510:9: note: include '<stdio.h>' or provide a declaration of 'sprintf'
../Core/Src/motor.c:510:17: warning: pointer targets in passing argument 1 of 'sprintf' differ in signedness [-Wpointer-sign]
  510 |         sprintf(buf, "%u", encoder_cnt);  // Format encoder count for display
      |                 ^~~
      |                 |
      |                 uint8_t * {aka unsigned char *}
../Core/Src/motor.c:510:17: note: expected 'char *' but argument is of type 'uint8_t *' {aka 'unsigned char *'}
../Core/Src/motor.c:510:24: warning: format '%u' expects argument of type 'unsigned int', but argument 3 has type 'uint32_t' {aka 'long unsigned int'} [-Wformat=]
  510 |         sprintf(buf, "%u", encoder_cnt);  // Format encoder count for display
      |                       ~^   ~~~~~~~~~~~
      |                        |   |
      |                        |   uint32_t {aka long unsigned int}
      |                        unsigned int
      |                       %lu
../Core/Src/test.c: In function 'task_A1':
../Core/Src/test.c:15:17: warning: implicit declaration of function 'servo_set_val'; did you mean 'servo_set_dir'? [-Wimplicit-function-declaration]
   15 |                 servo_set_val(LEFT);
      |                 ^~~~~~~~~~~~~
      |                 servo_set_dir
../Core/Src/test.c:18:39: warning: pointer targets in passing argument 3 of 'OLED_ShowString' differ in signedness [-Wpointer-sign]
   18 |                 OLED_ShowString(0, 0, "Left");
      |                                       ^~~~~~
      |                                       |
      |                                       char *
In file included from ../Core/Inc/test.h:12,
                 from ../Core/Src/test.c:8:
../Core/Inc/oled.h:44:59: note: expected 'const uint8_t *' {aka 'const unsigned char *'} but argument is of type 'char *'
   44 | void OLED_ShowString(uint8_t x, uint8_t y, const uint8_t *p);
      |                                            ~~~~~~~~~~~~~~~^
../Core/Src/motor.c:518:5: error: 'has_run' undeclared (first use in this function)
  518 |     has_run = false;
      |     ^~~~~~~
../Core/Src/motor.c:518:5: note: each undeclared identifier is reported only once for each function it appears in
../Core/Src/motor.c: In function 'PID_Control_left':
../Core/Src/motor.c:78:1: warning: control reaches end of non-void function [-Wreturn-type]
   78 | }
      | ^
../Core/Src/motor.c: In function 'PID_Control_right':
../Core/Src/motor.c:112:1: warning: control reaches end of non-void function [-Wreturn-type]
  112 | }
      | ^
make: *** [Core/Src/subdir.mk:55: Core/Src/motor.o] Error 1
../Core/Src/test.c:20:17: warning: implicit declaration of function 'motor_forward_left'; did you mean 'motor_forward'? [-Wimplicit-function-declaration]
   20 |                 motor_forward_left(90);
      |                 ^~~~~~~~~~~~~~~~~~
      |                 motor_forward
../Core/Src/test.c: In function 'task_A4_right':
../Core/Src/test.c:50:19: warning: implicit declaration of function 'motor_forward_right'; did you mean 'forward_right'? [-Wimplicit-function-declaration]
   50 |                   motor_forward_right(90);
      |                   ^~~~~~~~~~~~~~~~~~~
      |                   forward_right
../Core/Src/test.c: In function 'abhinav_task':
../Core/Src/test.c:64:17: warning: implicit declaration of function 'motor_backward_inf'; did you mean 'motor_backward'? [-Wimplicit-function-declaration]
   64 |                 motor_backward_inf();
      |                 ^~~~~~~~~~~~~~~~~~
      |                 motor_backward
../Core/Src/test.c: In function 'moving_task':
../Core/Src/test.c:84:39: warning: pointer targets in passing argument 3 of 'OLED_ShowString' differ in signedness [-Wpointer-sign]
   84 |                 OLED_ShowString(0, 0, "Forward");
      |                                       ^~~~~~~~~
      |                                       |
      |                                       char *
../Core/Inc/oled.h:44:59: note: expected 'const uint8_t *' {aka 'const unsigned char *'} but argument is of type 'char *'
   44 | void OLED_ShowString(uint8_t x, uint8_t y, const uint8_t *p);
      |                                            ~~~~~~~~~~~~~~~^
../Core/Src/test.c:91:39: warning: pointer targets in passing argument 3 of 'OLED_ShowString' differ in signedness [-Wpointer-sign]
   91 |                 OLED_ShowString(0, 0, "Backward");
      |                                       ^~~~~~~~~~
      |                                       |
      |                                       char *
../Core/Inc/oled.h:44:59: note: expected 'const uint8_t *' {aka 'const unsigned char *'} but argument is of type 'char *'
   44 | void OLED_ShowString(uint8_t x, uint8_t y, const uint8_t *p);
      |                                            ~~~~~~~~~~~~~~~^
../Core/Src/test.c:98:39: warning: pointer targets in passing argument 3 of 'OLED_ShowString' differ in signedness [-Wpointer-sign]
   98 |                 OLED_ShowString(0, 0, "Left");
      |                                       ^~~~~~
      |                                       |
      |                                       char *
../Core/Inc/oled.h:44:59: note: expected 'const uint8_t *' {aka 'const unsigned char *'} but argument is of type 'char *'
   44 | void OLED_ShowString(uint8_t x, uint8_t y, const uint8_t *p);
      |                                            ~~~~~~~~~~~~~~~^
../Core/Src/test.c:105:39: warning: pointer targets in passing argument 3 of 'OLED_ShowString' differ in signedness [-Wpointer-sign]
  105 |                 OLED_ShowString(0, 0, "Right");
      |                                       ^~~~~~~
      |                                       |
      |                                       char *
../Core/Inc/oled.h:44:59: note: expected 'const uint8_t *' {aka 'const unsigned char *'} but argument is of type 'char *'
   44 | void OLED_ShowString(uint8_t x, uint8_t y, const uint8_t *p);
      |                                            ~~~~~~~~~~~~~~~^
../Core/Src/test.c: In function 'ultrasonic_task':
../Core/Src/test.c:137:5: warning: implicit declaration of function 'HCSR04_Init' [-Wimplicit-function-declaration]
  137 |     HCSR04_Init();
      |     ^~~~~~~~~~~
../Core/Src/test.c:140:22: warning: pointer targets in passing argument 3 of 'print_OLED' differ in signedness [-Wpointer-sign]
  140 |     print_OLED(0, 0, "tc1:", false, 0);
      |                      ^~~~~~
      |                      |
      |                      char *
In file included from ../Core/Inc/test.h:13:
../Core/Inc/helper.h:30:40: note: expected 'uint8_t *' {aka 'unsigned char *'} but argument is of type 'char *'
   30 | void print_OLED(int x, int y, uint8_t* msg, bool var_exist, int32_t val);
      |                               ~~~~~~~~~^~~
../Core/Src/test.c:141:23: warning: pointer targets in passing argument 3 of 'print_OLED' differ in signedness [-Wpointer-sign]
  141 |     print_OLED(0, 15, "tc2:", false, 0);
      |                       ^~~~~~
      |                       |
      |                       char *
../Core/Inc/helper.h:30:40: note: expected 'uint8_t *' {aka 'unsigned char *'} but argument is of type 'char *'
   30 | void print_OLED(int x, int y, uint8_t* msg, bool var_exist, int32_t val);
      |                               ~~~~~~~~~^~~
../Core/Src/test.c:142:23: warning: pointer targets in passing argument 3 of 'print_OLED' differ in signedness [-Wpointer-sign]
  142 |     print_OLED(0, 30, "echo:", false, 0);
      |                       ^~~~~~~
      |                       |
      |                       char *
../Core/Inc/helper.h:30:40: note: expected 'uint8_t *' {aka 'unsigned char *'} but argument is of type 'char *'
   30 | void print_OLED(int x, int y, uint8_t* msg, bool var_exist, int32_t val);
      |                               ~~~~~~~~~^~~
../Core/Src/test.c:143:23: warning: pointer targets in passing argument 3 of 'print_OLED' differ in signedness [-Wpointer-sign]
  143 |     print_OLED(0, 45, "dist:", false, 0);
      |                       ^~~~~~~
      |                       |
      |                       char *
../Core/Inc/helper.h:30:40: note: expected 'uint8_t *' {aka 'unsigned char *'} but argument is of type 'char *'
   30 | void print_OLED(int x, int y, uint8_t* msg, bool var_exist, int32_t val);
      |                               ~~~~~~~~~^~~
../Core/Src/test.c:145:23: warning: pointer targets in passing argument 3 of 'print_OLED' differ in signedness [-Wpointer-sign]
  145 |     print_OLED(40, 0, "%u", true, tc1);
      |                       ^~~~
      |                       |
      |                       char *
../Core/Inc/helper.h:30:40: note: expected 'uint8_t *' {aka 'unsigned char *'} but argument is of type 'char *'
   30 | void print_OLED(int x, int y, uint8_t* msg, bool var_exist, int32_t val);
      |                               ~~~~~~~~~^~~
../Core/Src/test.c:146:24: warning: pointer targets in passing argument 3 of 'print_OLED' differ in signedness [-Wpointer-sign]
  146 |     print_OLED(40, 15, "%u", true, tc2);
      |                        ^~~~
      |                        |
      |                        char *
../Core/Inc/helper.h:30:40: note: expected 'uint8_t *' {aka 'unsigned char *'} but argument is of type 'char *'
   30 | void print_OLED(int x, int y, uint8_t* msg, bool var_exist, int32_t val);
      |                               ~~~~~~~~~^~~
../Core/Src/test.c:147:24: warning: pointer targets in passing argument 3 of 'print_OLED' differ in signedness [-Wpointer-sign]
  147 |     print_OLED(40, 30, "%u", true, echo);
      |                        ^~~~
      |                        |
      |                        char *
../Core/Inc/helper.h:30:40: note: expected 'uint8_t *' {aka 'unsigned char *'} but argument is of type 'char *'
   30 | void print_OLED(int x, int y, uint8_t* msg, bool var_exist, int32_t val);
      |                               ~~~~~~~~~^~~
../Core/Src/test.c:148:24: warning: pointer targets in passing argument 3 of 'print_OLED' differ in signedness [-Wpointer-sign]
  148 |     print_OLED(40, 45, "%u", true, dist);
      |                        ^~~~
      |                        |
      |                        char *
../Core/Inc/helper.h:30:40: note: expected 'uint8_t *' {aka 'unsigned char *'} but argument is of type 'char *'
   30 | void print_OLED(int x, int y, uint8_t* msg, bool var_exist, int32_t val);
      |                               ~~~~~~~~~^~~
../Core/Src/test.c: In function 'gyroscope_task':
../Core/Src/test.c:166:43: warning: pointer targets in passing argument 3 of 'print_OLED' differ in signedness [-Wpointer-sign]
  166 |                         print_OLED(50, 0, "%d", true, gyroZ);
      |                                           ^~~~
      |                                           |
      |                                           char *
../Core/Inc/helper.h:30:40: note: expected 'uint8_t *' {aka 'unsigned char *'} but argument is of type 'char *'
   30 | void print_OLED(int x, int y, uint8_t* msg, bool var_exist, int32_t val);
      |                               ~~~~~~~~~^~~
../Core/Src/test.c:167:44: warning: pointer targets in passing argument 3 of 'print_OLED' differ in signedness [-Wpointer-sign]
  167 |                         print_OLED(70, 15, "%d", true, gyro_angle);
      |                                            ^~~~
      |                                            |
      |                                            char *
../Core/Inc/helper.h:30:40: note: expected 'uint8_t *' {aka 'unsigned char *'} but argument is of type 'char *'
   30 | void print_OLED(int x, int y, uint8_t* msg, bool var_exist, int32_t val);
      |                               ~~~~~~~~~^~~
../Core/Src/test.c:168:56: warning: implicit declaration of function 'abs' [-Wimplicit-function-declaration]
  168 |                         print_OLED(50, 30, "%d", true, abs(gyro_angle - target));
      |                                                        ^~~
../Core/Src/test.c:9:1: note: include '<stdlib.h>' or provide a declaration of 'abs'
    8 | #include "test.h"
  +++ |+#include <stdlib.h>
    9 | 
../Core/Src/test.c:168:71: warning: 'abs' argument 1 type is 'long int' where 'int' is expected in a call to built-in function declared without prototype [-Wbuiltin-declaration-mismatch]
  168 |                         print_OLED(50, 30, "%d", true, abs(gyro_angle - target));
      |                                                            ~~~~~~~~~~~^~~~~~~~
<built-in>: note: built-in 'abs' declared here
../Core/Src/test.c:168:44: warning: pointer targets in passing argument 3 of 'print_OLED' differ in signedness [-Wpointer-sign]
  168 |                         print_OLED(50, 30, "%d", true, abs(gyro_angle - target));
      |                                            ^~~~
      |                                            |
      |                                            char *
../Core/Inc/helper.h:30:40: note: expected 'uint8_t *' {aka 'unsigned char *'} but argument is of type 'char *'
   30 | void print_OLED(int x, int y, uint8_t* msg, bool var_exist, int32_t val);
      |                               ~~~~~~~~~^~~
../Core/Src/test.c:170:51: warning: 'abs' argument 1 type is 'long int' where 'int' is expected in a call to built-in function declared without prototype [-Wbuiltin-declaration-mismatch]
  170 |                         if (abs((int)(gyro_angle) - target) < 1)
      |                                 ~~~~~~~~~~~~~~~~~~^~~~~~~~
<built-in>: note: built-in 'abs' declared here
../Core/Src/test.c:178:26: warning: pointer targets in passing argument 3 of 'print_OLED' differ in signedness [-Wpointer-sign]
  178 |         print_OLED(0, 0, "Done", false, 0);
      |                          ^~~~~~
      |                          |
      |                          char *
../Core/Inc/helper.h:30:40: note: expected 'uint8_t *' {aka 'unsigned char *'} but argument is of type 'char *'
   30 | void print_OLED(int x, int y, uint8_t* msg, bool var_exist, int32_t val);
      |                               ~~~~~~~~~^~~
../Core/Src/test.c: In function 'UART3_task':
../Core/Src/test.c:182:26: warning: pointer targets in passing argument 3 of 'print_OLED' differ in signedness [-Wpointer-sign]
  182 |         print_OLED(0, 0, "cmd_cnt: %u", true, cmd_cnt);
      |                          ^~~~~~~~~~~~~
      |                          |
      |                          char *
../Core/Inc/helper.h:30:40: note: expected 'uint8_t *' {aka 'unsigned char *'} but argument is of type 'char *'
   30 | void print_OLED(int x, int y, uint8_t* msg, bool var_exist, int32_t val);
      |                               ~~~~~~~~~^~~
../Core/Src/test.c: In function 'count_gyro_task':
../Core/Src/test.c:205:27: warning: pointer targets in passing argument 3 of 'print_OLED' differ in signedness [-Wpointer-sign]
  205 |         print_OLED(50, 0, "%d", true, gyroZ);
      |                           ^~~~
      |                           |
      |                           char *
../Core/Inc/helper.h:30:40: note: expected 'uint8_t *' {aka 'unsigned char *'} but argument is of type 'char *'
   30 | void print_OLED(int x, int y, uint8_t* msg, bool var_exist, int32_t val);
      |                               ~~~~~~~~~^~~
"make -j8 all" terminated with exit code 2. Build might be incomplete.
23:28:42 **** Incremental Build of configuration Debug for project MDP_STM32 ****
make -j8 all 
arm-none-eabi-gcc "../Core/Src/main.c" -mcpu=cortex-m4 -std=gnu11 -g3 -DDEBUG -DUSE_HAL_DRIVER -DSTM32F407xx -c -I../Core/Inc -I../Drivers/STM32F4xx_HAL_Driver/Inc -I../Drivers/STM32F4xx_HAL_Driver/Inc/Legacy -I../Drivers/CMSIS/Device/ST/STM32F4xx/Include -I../Drivers/CMSIS/Include -O0 -ffunction-sections -fdata-sections -Wall -u _printf_float -fstack-usage -fcyclomatic-complexity -MMD -MP -MF"Core/Src/main.d" -MT"Core/Src/main.o" --specs=nano.specs -mfpu=fpv4-sp-d16 -mfloat-abi=hard -mthumb -o "Core/Src/main.o"
arm-none-eabi-gcc "../Core/Src/motor.c" -mcpu=cortex-m4 -std=gnu11 -g3 -DDEBUG -DUSE_HAL_DRIVER -DSTM32F407xx -c -I../Core/Inc -I../Drivers/STM32F4xx_HAL_Driver/Inc -I../Drivers/STM32F4xx_HAL_Driver/Inc/Legacy -I../Drivers/CMSIS/Device/ST/STM32F4xx/Include -I../Drivers/CMSIS/Include -O0 -ffunction-sections -fdata-sections -Wall -u _printf_float -fstack-usage -fcyclomatic-complexity -MMD -MP -MF"Core/Src/motor.d" -MT"Core/Src/motor.o" --specs=nano.specs -mfpu=fpv4-sp-d16 -mfloat-abi=hard -mthumb -o "Core/Src/motor.o"
../Core/Src/motor.c: In function 'PID_Control_left':
../Core/Src/motor.c:48:11: warning: implicit declaration of function 'abs' [-Wimplicit-function-declaration]
   48 |       if (abs(l_error)>2){ //more than 2 degree difference
      |           ^~~
../Core/Src/motor.c:12:1: note: include '<stdlib.h>' or provide a declaration of 'abs'
   11 | #include <math.h>
  +++ |+#include <stdlib.h>
   12 | 
../Core/Src/main.c:74:9: error: conflicting types for 'gyroZ'; have 'int32_t' {aka 'long int'}
   74 | int32_t gyroZ = 0;
      |         ^~~~~
In file included from ../Core/Src/main.c:29:
../Core/Inc/test.h:39:16: note: previous declaration of 'gyroZ' with type 'int16_t' {aka 'short int'}
   39 | extern int16_t gyroZ, gyro_target_angle, gyro_angle;
      |                ^~~~~
../Core/Src/main.c: In function 'main':
../Core/Src/main.c:214:25: warning: pointer targets in passing argument 3 of 'OLED_ShowString' differ in signedness [-Wpointer-sign]
  214 |   OLED_ShowString(0, 0, "Press USER btn");
      |                         ^~~~~~~~~~~~~~~~
      |                         |
      |                         char *
In file included from ../Core/Src/main.c:25:
../Core/Inc/oled.h:44:59: note: expected 'const uint8_t *' {aka 'const unsigned char *'} but argument is of type 'char *'
   44 | void OLED_ShowString(uint8_t x, uint8_t y, const uint8_t *p);
      |                                            ~~~~~~~~~~~~~~~^
../Core/Src/main.c:215:26: warning: pointer targets in passing argument 3 of 'OLED_ShowString' differ in signedness [-Wpointer-sign]
  215 |   OLED_ShowString(0, 15, "to continue");
      |                          ^~~~~~~~~~~~~
      |                          |
      |                          char *
../Core/Inc/oled.h:44:59: note: expected 'const uint8_t *' {aka 'const unsigned char *'} but argument is of type 'char *'
   44 | void OLED_ShowString(uint8_t x, uint8_t y, const uint8_t *p);
      |                                            ~~~~~~~~~~~~~~~^
make: *** [Core/Src/subdir.mk:55: Core/Src/main.o] Error 1
make: *** Waiting for unfinished jobs....
../Core/Src/motor.c: In function 'motor_get_drive':
../Core/Src/motor.c:221:5: warning: implicit declaration of function 'move_straight' [-Wimplicit-function-declaration]
  221 |     move_straight(dir);
      |     ^~~~~~~~~~~~~
../Core/Src/motor.c: In function 'forward':
../Core/Src/motor.c:259:27: warning: pointer targets in passing argument 3 of 'print_OLED' differ in signedness [-Wpointer-sign]
  259 |         print_OLED(0, 45, "%u", true, 65535 - encoder_cnt);
      |                           ^~~~
      |                           |
      |                           char *
In file included from ../Core/Inc/servo.h:15,
                 from ../Core/Inc/motor.h:15,
                 from ../Core/Src/motor.c:10:
../Core/Inc/helper.h:30:40: note: expected 'uint8_t *' {aka 'unsigned char *'} but argument is of type 'char *'
   30 | void print_OLED(int x, int y, uint8_t* msg, bool var_exist, int32_t val);
      |                               ~~~~~~~~~^~~
../Core/Src/motor.c:236:14: warning: unused variable 'target_pulses' [-Wunused-variable]
  236 |     uint32_t target_pulses = (uint32_t)(distance * pulses_per_cm);
      |              ^~~~~~~~~~~~~
../Core/Src/motor.c: In function 'forward_pid':
../Core/Src/motor.c:302:5: warning: implicit declaration of function 'sprintf' [-Wimplicit-function-declaration]
  302 |     sprintf(buf, "target_pulse: %u", target_pulses);
      |     ^~~~~~~
../Core/Src/motor.c:12:1: note: include '<stdio.h>' or provide a declaration of 'sprintf'
   11 | #include <math.h>
  +++ |+#include <stdio.h>
   12 | 
../Core/Src/motor.c:302:5: warning: incompatible implicit declaration of built-in function 'sprintf' [-Wbuiltin-declaration-mismatch]
  302 |     sprintf(buf, "target_pulse: %u", target_pulses);
      |     ^~~~~~~
../Core/Src/motor.c:302:5: note: include '<stdio.h>' or provide a declaration of 'sprintf'
../Core/Src/motor.c:302:13: warning: pointer targets in passing argument 1 of 'sprintf' differ in signedness [-Wpointer-sign]
  302 |     sprintf(buf, "target_pulse: %u", target_pulses);
      |             ^~~
      |             |
      |             uint8_t * {aka unsigned char *}
../Core/Src/motor.c:302:13: note: expected 'char *' but argument is of type 'uint8_t *' {aka 'unsigned char *'}
../Core/Src/motor.c:302:34: warning: format '%u' expects argument of type 'unsigned int', but argument 3 has type 'uint32_t' {aka 'long unsigned int'} [-Wformat=]
  302 |     sprintf(buf, "target_pulse: %u", target_pulses);
      |                                 ~^   ~~~~~~~~~~~~~
      |                                  |   |
      |                                  |   uint32_t {aka long unsigned int}
      |                                  unsigned int
      |                                 %lu
../Core/Src/motor.c:316:22: warning: pointer targets in passing argument 3 of 'print_OLED' differ in signedness [-Wpointer-sign]
  316 |     print_OLED(0, 0, "ta: %ld", true, target_angle);
      |                      ^~~~~~~~~
      |                      |
      |                      char *
../Core/Inc/helper.h:30:40: note: expected 'uint8_t *' {aka 'unsigned char *'} but argument is of type 'char *'
   30 | void print_OLED(int x, int y, uint8_t* msg, bool var_exist, int32_t val);
      |                               ~~~~~~~~~^~~
../Core/Src/motor.c:379:27: warning: pointer targets in passing argument 3 of 'print_OLED' differ in signedness [-Wpointer-sign]
  379 |         print_OLED(0, 15, "l: %ld", true, l_angle);
      |                           ^~~~~~~~
      |                           |
      |                           char *
../Core/Inc/helper.h:30:40: note: expected 'uint8_t *' {aka 'unsigned char *'} but argument is of type 'char *'
   30 | void print_OLED(int x, int y, uint8_t* msg, bool var_exist, int32_t val);
      |                               ~~~~~~~~~^~~
../Core/Src/motor.c:380:27: warning: pointer targets in passing argument 3 of 'print_OLED' differ in signedness [-Wpointer-sign]
  380 |         print_OLED(0, 30, "r: %ld", true, r_angle);
      |                           ^~~~~~~~
      |                           |
      |                           char *
../Core/Inc/helper.h:30:40: note: expected 'uint8_t *' {aka 'unsigned char *'} but argument is of type 'char *'
   30 | void print_OLED(int x, int y, uint8_t* msg, bool var_exist, int32_t val);
      |                               ~~~~~~~~~^~~
../Core/Src/motor.c: In function 'backward':
../Core/Src/motor.c:409:5: warning: incompatible implicit declaration of built-in function 'sprintf' [-Wbuiltin-declaration-mismatch]
  409 |     sprintf(buf, "target_pulse: %u", target_pulses);
      |     ^~~~~~~
../Core/Src/motor.c:409:5: note: include '<stdio.h>' or provide a declaration of 'sprintf'
../Core/Src/motor.c:409:13: warning: pointer targets in passing argument 1 of 'sprintf' differ in signedness [-Wpointer-sign]
  409 |     sprintf(buf, "target_pulse: %u", target_pulses);
      |             ^~~
      |             |
      |             uint8_t * {aka unsigned char *}
../Core/Src/motor.c:409:13: note: expected 'char *' but argument is of type 'uint8_t *' {aka 'unsigned char *'}
../Core/Src/motor.c:409:34: warning: format '%u' expects argument of type 'unsigned int', but argument 3 has type 'uint32_t' {aka 'long unsigned int'} [-Wformat=]
  409 |     sprintf(buf, "target_pulse: %u", target_pulses);
      |                                 ~^   ~~~~~~~~~~~~~
      |                                  |   |
      |                                  |   uint32_t {aka long unsigned int}
      |                                  unsigned int
      |                                 %lu
../Core/Src/motor.c:422:27: warning: pointer targets in passing argument 3 of 'OLED_ShowString' differ in signedness [-Wpointer-sign]
  422 |     OLED_ShowString(0, 0, "encoder_cnt: ");
      |                           ^~~~~~~~~~~~~~~
      |                           |
      |                           char *
In file included from ../Core/Inc/motor.h:14:
../Core/Inc/oled.h:44:59: note: expected 'const uint8_t *' {aka 'const unsigned char *'} but argument is of type 'char *'
   44 | void OLED_ShowString(uint8_t x, uint8_t y, const uint8_t *p);
      |                                            ~~~~~~~~~~~~~~~^
../Core/Src/motor.c:428:17: warning: pointer targets in passing argument 1 of 'sprintf' differ in signedness [-Wpointer-sign]
  428 |         sprintf(buf, "%u", encoder_cnt);
      |                 ^~~
      |                 |
      |                 uint8_t * {aka unsigned char *}
../Core/Src/motor.c:428:17: note: expected 'char *' but argument is of type 'uint8_t *' {aka 'unsigned char *'}
../Core/Src/motor.c:428:24: warning: format '%u' expects argument of type 'unsigned int', but argument 3 has type 'uint32_t' {aka 'long unsigned int'} [-Wformat=]
  428 |         sprintf(buf, "%u", encoder_cnt);
      |                       ~^   ~~~~~~~~~~~
      |                        |   |
      |                        |   uint32_t {aka long unsigned int}
      |                        unsigned int
      |                       %lu
../Core/Src/motor.c: In function 'forward_right':
../Core/Src/motor.c:465:27: warning: pointer targets in passing argument 3 of 'OLED_ShowString' differ in signedness [-Wpointer-sign]
  465 |     OLED_ShowString(0, 0, "encoder_cnt: ");
      |                           ^~~~~~~~~~~~~~~
      |                           |
      |                           char *
../Core/Inc/oled.h:44:59: note: expected 'const uint8_t *' {aka 'const unsigned char *'} but argument is of type 'char *'
   44 | void OLED_ShowString(uint8_t x, uint8_t y, const uint8_t *p);
      |                                            ~~~~~~~~~~~~~~~^
../Core/Src/motor.c:471:9: warning: incompatible implicit declaration of built-in function 'sprintf' [-Wbuiltin-declaration-mismatch]
  471 |         sprintf(buf, "%u", encoder_cnt);  // Format encoder count for display
      |         ^~~~~~~
../Core/Src/motor.c:471:9: note: include '<stdio.h>' or provide a declaration of 'sprintf'
../Core/Src/motor.c:471:17: warning: pointer targets in passing argument 1 of 'sprintf' differ in signedness [-Wpointer-sign]
  471 |         sprintf(buf, "%u", encoder_cnt);  // Format encoder count for display
      |                 ^~~
      |                 |
      |                 uint8_t * {aka unsigned char *}
../Core/Src/motor.c:471:17: note: expected 'char *' but argument is of type 'uint8_t *' {aka 'unsigned char *'}
../Core/Src/motor.c:471:24: warning: format '%u' expects argument of type 'unsigned int', but argument 3 has type 'uint32_t' {aka 'long unsigned int'} [-Wformat=]
  471 |         sprintf(buf, "%u", encoder_cnt);  // Format encoder count for display
      |                       ~^   ~~~~~~~~~~~
      |                        |   |
      |                        |   uint32_t {aka long unsigned int}
      |                        unsigned int
      |                       %lu
../Core/Src/motor.c: In function 'forward_left':
../Core/Src/motor.c:505:27: warning: pointer targets in passing argument 3 of 'OLED_ShowString' differ in signedness [-Wpointer-sign]
  505 |     OLED_ShowString(0, 0, "encoder_cnt: ");
      |                           ^~~~~~~~~~~~~~~
      |                           |
      |                           char *
../Core/Inc/oled.h:44:59: note: expected 'const uint8_t *' {aka 'const unsigned char *'} but argument is of type 'char *'
   44 | void OLED_ShowString(uint8_t x, uint8_t y, const uint8_t *p);
      |                                            ~~~~~~~~~~~~~~~^
../Core/Src/motor.c:510:9: warning: incompatible implicit declaration of built-in function 'sprintf' [-Wbuiltin-declaration-mismatch]
  510 |         sprintf(buf, "%u", encoder_cnt);  // Format encoder count for display
      |         ^~~~~~~
../Core/Src/motor.c:510:9: note: include '<stdio.h>' or provide a declaration of 'sprintf'
../Core/Src/motor.c:510:17: warning: pointer targets in passing argument 1 of 'sprintf' differ in signedness [-Wpointer-sign]
  510 |         sprintf(buf, "%u", encoder_cnt);  // Format encoder count for display
      |                 ^~~
      |                 |
      |                 uint8_t * {aka unsigned char *}
../Core/Src/motor.c:510:17: note: expected 'char *' but argument is of type 'uint8_t *' {aka 'unsigned char *'}
../Core/Src/motor.c:510:24: warning: format '%u' expects argument of type 'unsigned int', but argument 3 has type 'uint32_t' {aka 'long unsigned int'} [-Wformat=]
  510 |         sprintf(buf, "%u", encoder_cnt);  // Format encoder count for display
      |                       ~^   ~~~~~~~~~~~
      |                        |   |
      |                        |   uint32_t {aka long unsigned int}
      |                        unsigned int
      |                       %lu
../Core/Src/motor.c:518:5: error: 'has_run' undeclared (first use in this function)
  518 |     has_run = false;
      |     ^~~~~~~
../Core/Src/motor.c:518:5: note: each undeclared identifier is reported only once for each function it appears in
../Core/Src/motor.c: In function 'PID_Control_left':
../Core/Src/motor.c:78:1: warning: control reaches end of non-void function [-Wreturn-type]
   78 | }
      | ^
../Core/Src/motor.c: In function 'PID_Control_right':
../Core/Src/motor.c:112:1: warning: control reaches end of non-void function [-Wreturn-type]
  112 | }
      | ^
make: *** [Core/Src/subdir.mk:55: Core/Src/motor.o] Error 1
"make -j8 all" terminated with exit code 2. Build might be incomplete.
23:28:59 **** Incremental Build of configuration Debug for project MDP_STM32 ****
make -j8 all 
arm-none-eabi-gcc "../Core/Src/main.c" -mcpu=cortex-m4 -std=gnu11 -g3 -DDEBUG -DUSE_HAL_DRIVER -DSTM32F407xx -c -I../Core/Inc -I../Drivers/STM32F4xx_HAL_Driver/Inc -I../Drivers/STM32F4xx_HAL_Driver/Inc/Legacy -I../Drivers/CMSIS/Device/ST/STM32F4xx/Include -I../Drivers/CMSIS/Include -O0 -ffunction-sections -fdata-sections -Wall -u _printf_float -fstack-usage -fcyclomatic-complexity -MMD -MP -MF"Core/Src/main.d" -MT"Core/Src/main.o" --specs=nano.specs -mfpu=fpv4-sp-d16 -mfloat-abi=hard -mthumb -o "Core/Src/main.o"
arm-none-eabi-gcc "../Core/Src/motor.c" -mcpu=cortex-m4 -std=gnu11 -g3 -DDEBUG -DUSE_HAL_DRIVER -DSTM32F407xx -c -I../Core/Inc -I../Drivers/STM32F4xx_HAL_Driver/Inc -I../Drivers/STM32F4xx_HAL_Driver/Inc/Legacy -I../Drivers/CMSIS/Device/ST/STM32F4xx/Include -I../Drivers/CMSIS/Include -O0 -ffunction-sections -fdata-sections -Wall -u _printf_float -fstack-usage -fcyclomatic-complexity -MMD -MP -MF"Core/Src/motor.d" -MT"Core/Src/motor.o" --specs=nano.specs -mfpu=fpv4-sp-d16 -mfloat-abi=hard -mthumb -o "Core/Src/motor.o"
../Core/Src/main.c:74:9: error: conflicting types for 'gyroZ'; have 'int32_t' {aka 'long int'}
   74 | int32_t gyroZ = 0;
      |         ^~~~~
In file included from ../Core/Src/main.c:29:
../Core/Inc/test.h:39:16: note: previous declaration of 'gyroZ' with type 'int16_t' {aka 'short int'}
   39 | extern int16_t gyroZ, gyro_target_angle, gyro_angle;
      |                ^~~~~
../Core/Src/main.c: In function 'main':
../Core/Src/main.c:214:25: warning: pointer targets in passing argument 3 of 'OLED_ShowString' differ in signedness [-Wpointer-sign]
  214 |   OLED_ShowString(0, 0, "Press USER btn");
      |                         ^~~~~~~~~~~~~~~~
      |                         |
      |                         char *
In file included from ../Core/Src/main.c:25:
../Core/Inc/oled.h:44:59: note: expected 'const uint8_t *' {aka 'const unsigned char *'} but argument is of type 'char *'
   44 | void OLED_ShowString(uint8_t x, uint8_t y, const uint8_t *p);
      |                                            ~~~~~~~~~~~~~~~^
../Core/Src/main.c:215:26: warning: pointer targets in passing argument 3 of 'OLED_ShowString' differ in signedness [-Wpointer-sign]
  215 |   OLED_ShowString(0, 15, "to continue");
      |                          ^~~~~~~~~~~~~
      |                          |
      |                          char *
../Core/Inc/oled.h:44:59: note: expected 'const uint8_t *' {aka 'const unsigned char *'} but argument is of type 'char *'
   44 | void OLED_ShowString(uint8_t x, uint8_t y, const uint8_t *p);
      |                                            ~~~~~~~~~~~~~~~^
../Core/Src/motor.c: In function 'PID_Control_left':
../Core/Src/motor.c:48:11: warning: implicit declaration of function 'abs' [-Wimplicit-function-declaration]
   48 |       if (abs(l_error)>2){ //more than 2 degree difference
      |           ^~~
../Core/Src/motor.c:12:1: note: include '<stdlib.h>' or provide a declaration of 'abs'
   11 | #include <math.h>
  +++ |+#include <stdlib.h>
   12 | 
make: *** [Core/Src/subdir.mk:55: Core/Src/main.o] Error 1
make: *** Waiting for unfinished jobs....
../Core/Src/motor.c: In function 'motor_get_drive':
../Core/Src/motor.c:221:5: warning: implicit declaration of function 'move_straight' [-Wimplicit-function-declaration]
  221 |     move_straight(dir);
      |     ^~~~~~~~~~~~~
../Core/Src/motor.c: In function 'forward':
../Core/Src/motor.c:259:27: warning: pointer targets in passing argument 3 of 'print_OLED' differ in signedness [-Wpointer-sign]
  259 |         print_OLED(0, 45, "%u", true, 65535 - encoder_cnt);
      |                           ^~~~
      |                           |
      |                           char *
In file included from ../Core/Inc/servo.h:15,
                 from ../Core/Inc/motor.h:15,
                 from ../Core/Src/motor.c:10:
../Core/Inc/helper.h:30:40: note: expected 'uint8_t *' {aka 'unsigned char *'} but argument is of type 'char *'
   30 | void print_OLED(int x, int y, uint8_t* msg, bool var_exist, int32_t val);
      |                               ~~~~~~~~~^~~
../Core/Src/motor.c:236:14: warning: unused variable 'target_pulses' [-Wunused-variable]
  236 |     uint32_t target_pulses = (uint32_t)(distance * pulses_per_cm);
      |              ^~~~~~~~~~~~~
../Core/Src/motor.c: In function 'forward_pid':
../Core/Src/motor.c:302:5: warning: implicit declaration of function 'sprintf' [-Wimplicit-function-declaration]
  302 |     sprintf(buf, "target_pulse: %u", target_pulses);
      |     ^~~~~~~
../Core/Src/motor.c:12:1: note: include '<stdio.h>' or provide a declaration of 'sprintf'
   11 | #include <math.h>
  +++ |+#include <stdio.h>
   12 | 
../Core/Src/motor.c:302:5: warning: incompatible implicit declaration of built-in function 'sprintf' [-Wbuiltin-declaration-mismatch]
  302 |     sprintf(buf, "target_pulse: %u", target_pulses);
      |     ^~~~~~~
../Core/Src/motor.c:302:5: note: include '<stdio.h>' or provide a declaration of 'sprintf'
../Core/Src/motor.c:302:13: warning: pointer targets in passing argument 1 of 'sprintf' differ in signedness [-Wpointer-sign]
  302 |     sprintf(buf, "target_pulse: %u", target_pulses);
      |             ^~~
      |             |
      |             uint8_t * {aka unsigned char *}
../Core/Src/motor.c:302:13: note: expected 'char *' but argument is of type 'uint8_t *' {aka 'unsigned char *'}
../Core/Src/motor.c:302:34: warning: format '%u' expects argument of type 'unsigned int', but argument 3 has type 'uint32_t' {aka 'long unsigned int'} [-Wformat=]
  302 |     sprintf(buf, "target_pulse: %u", target_pulses);
      |                                 ~^   ~~~~~~~~~~~~~
      |                                  |   |
      |                                  |   uint32_t {aka long unsigned int}
      |                                  unsigned int
      |                                 %lu
../Core/Src/motor.c:316:22: warning: pointer targets in passing argument 3 of 'print_OLED' differ in signedness [-Wpointer-sign]
  316 |     print_OLED(0, 0, "ta: %ld", true, target_angle);
      |                      ^~~~~~~~~
      |                      |
      |                      char *
../Core/Inc/helper.h:30:40: note: expected 'uint8_t *' {aka 'unsigned char *'} but argument is of type 'char *'
   30 | void print_OLED(int x, int y, uint8_t* msg, bool var_exist, int32_t val);
      |                               ~~~~~~~~~^~~
../Core/Src/motor.c:379:27: warning: pointer targets in passing argument 3 of 'print_OLED' differ in signedness [-Wpointer-sign]
  379 |         print_OLED(0, 15, "l: %ld", true, l_angle);
      |                           ^~~~~~~~
      |                           |
      |                           char *
../Core/Inc/helper.h:30:40: note: expected 'uint8_t *' {aka 'unsigned char *'} but argument is of type 'char *'
   30 | void print_OLED(int x, int y, uint8_t* msg, bool var_exist, int32_t val);
      |                               ~~~~~~~~~^~~
../Core/Src/motor.c:380:27: warning: pointer targets in passing argument 3 of 'print_OLED' differ in signedness [-Wpointer-sign]
  380 |         print_OLED(0, 30, "r: %ld", true, r_angle);
      |                           ^~~~~~~~
      |                           |
      |                           char *
../Core/Inc/helper.h:30:40: note: expected 'uint8_t *' {aka 'unsigned char *'} but argument is of type 'char *'
   30 | void print_OLED(int x, int y, uint8_t* msg, bool var_exist, int32_t val);
      |                               ~~~~~~~~~^~~
../Core/Src/motor.c: In function 'backward':
../Core/Src/motor.c:409:5: warning: incompatible implicit declaration of built-in function 'sprintf' [-Wbuiltin-declaration-mismatch]
  409 |     sprintf(buf, "target_pulse: %u", target_pulses);
      |     ^~~~~~~
../Core/Src/motor.c:409:5: note: include '<stdio.h>' or provide a declaration of 'sprintf'
../Core/Src/motor.c:409:13: warning: pointer targets in passing argument 1 of 'sprintf' differ in signedness [-Wpointer-sign]
  409 |     sprintf(buf, "target_pulse: %u", target_pulses);
      |             ^~~
      |             |
      |             uint8_t * {aka unsigned char *}
../Core/Src/motor.c:409:13: note: expected 'char *' but argument is of type 'uint8_t *' {aka 'unsigned char *'}
../Core/Src/motor.c:409:34: warning: format '%u' expects argument of type 'unsigned int', but argument 3 has type 'uint32_t' {aka 'long unsigned int'} [-Wformat=]
  409 |     sprintf(buf, "target_pulse: %u", target_pulses);
      |                                 ~^   ~~~~~~~~~~~~~
      |                                  |   |
      |                                  |   uint32_t {aka long unsigned int}
      |                                  unsigned int
      |                                 %lu
../Core/Src/motor.c:422:27: warning: pointer targets in passing argument 3 of 'OLED_ShowString' differ in signedness [-Wpointer-sign]
  422 |     OLED_ShowString(0, 0, "encoder_cnt: ");
      |                           ^~~~~~~~~~~~~~~
      |                           |
      |                           char *
In file included from ../Core/Inc/motor.h:14:
../Core/Inc/oled.h:44:59: note: expected 'const uint8_t *' {aka 'const unsigned char *'} but argument is of type 'char *'
   44 | void OLED_ShowString(uint8_t x, uint8_t y, const uint8_t *p);
      |                                            ~~~~~~~~~~~~~~~^
../Core/Src/motor.c:428:17: warning: pointer targets in passing argument 1 of 'sprintf' differ in signedness [-Wpointer-sign]
  428 |         sprintf(buf, "%u", encoder_cnt);
      |                 ^~~
      |                 |
      |                 uint8_t * {aka unsigned char *}
../Core/Src/motor.c:428:17: note: expected 'char *' but argument is of type 'uint8_t *' {aka 'unsigned char *'}
../Core/Src/motor.c:428:24: warning: format '%u' expects argument of type 'unsigned int', but argument 3 has type 'uint32_t' {aka 'long unsigned int'} [-Wformat=]
  428 |         sprintf(buf, "%u", encoder_cnt);
      |                       ~^   ~~~~~~~~~~~
      |                        |   |
      |                        |   uint32_t {aka long unsigned int}
      |                        unsigned int
      |                       %lu
../Core/Src/motor.c: In function 'forward_right':
../Core/Src/motor.c:465:27: warning: pointer targets in passing argument 3 of 'OLED_ShowString' differ in signedness [-Wpointer-sign]
  465 |     OLED_ShowString(0, 0, "encoder_cnt: ");
      |                           ^~~~~~~~~~~~~~~
      |                           |
      |                           char *
../Core/Inc/oled.h:44:59: note: expected 'const uint8_t *' {aka 'const unsigned char *'} but argument is of type 'char *'
   44 | void OLED_ShowString(uint8_t x, uint8_t y, const uint8_t *p);
      |                                            ~~~~~~~~~~~~~~~^
../Core/Src/motor.c:471:9: warning: incompatible implicit declaration of built-in function 'sprintf' [-Wbuiltin-declaration-mismatch]
  471 |         sprintf(buf, "%u", encoder_cnt);  // Format encoder count for display
      |         ^~~~~~~
../Core/Src/motor.c:471:9: note: include '<stdio.h>' or provide a declaration of 'sprintf'
../Core/Src/motor.c:471:17: warning: pointer targets in passing argument 1 of 'sprintf' differ in signedness [-Wpointer-sign]
  471 |         sprintf(buf, "%u", encoder_cnt);  // Format encoder count for display
      |                 ^~~
      |                 |
      |                 uint8_t * {aka unsigned char *}
../Core/Src/motor.c:471:17: note: expected 'char *' but argument is of type 'uint8_t *' {aka 'unsigned char *'}
../Core/Src/motor.c:471:24: warning: format '%u' expects argument of type 'unsigned int', but argument 3 has type 'uint32_t' {aka 'long unsigned int'} [-Wformat=]
  471 |         sprintf(buf, "%u", encoder_cnt);  // Format encoder count for display
      |                       ~^   ~~~~~~~~~~~
      |                        |   |
      |                        |   uint32_t {aka long unsigned int}
      |                        unsigned int
      |                       %lu
../Core/Src/motor.c: In function 'forward_left':
../Core/Src/motor.c:505:27: warning: pointer targets in passing argument 3 of 'OLED_ShowString' differ in signedness [-Wpointer-sign]
  505 |     OLED_ShowString(0, 0, "encoder_cnt: ");
      |                           ^~~~~~~~~~~~~~~
      |                           |
      |                           char *
../Core/Inc/oled.h:44:59: note: expected 'const uint8_t *' {aka 'const unsigned char *'} but argument is of type 'char *'
   44 | void OLED_ShowString(uint8_t x, uint8_t y, const uint8_t *p);
      |                                            ~~~~~~~~~~~~~~~^
../Core/Src/motor.c:510:9: warning: incompatible implicit declaration of built-in function 'sprintf' [-Wbuiltin-declaration-mismatch]
  510 |         sprintf(buf, "%u", encoder_cnt);  // Format encoder count for display
      |         ^~~~~~~
../Core/Src/motor.c:510:9: note: include '<stdio.h>' or provide a declaration of 'sprintf'
../Core/Src/motor.c:510:17: warning: pointer targets in passing argument 1 of 'sprintf' differ in signedness [-Wpointer-sign]
  510 |         sprintf(buf, "%u", encoder_cnt);  // Format encoder count for display
      |                 ^~~
      |                 |
      |                 uint8_t * {aka unsigned char *}
../Core/Src/motor.c:510:17: note: expected 'char *' but argument is of type 'uint8_t *' {aka 'unsigned char *'}
../Core/Src/motor.c:510:24: warning: format '%u' expects argument of type 'unsigned int', but argument 3 has type 'uint32_t' {aka 'long unsigned int'} [-Wformat=]
  510 |         sprintf(buf, "%u", encoder_cnt);  // Format encoder count for display
      |                       ~^   ~~~~~~~~~~~
      |                        |   |
      |                        |   uint32_t {aka long unsigned int}
      |                        unsigned int
      |                       %lu
../Core/Src/motor.c: In function 'PID_Control_left':
../Core/Src/motor.c:78:1: warning: control reaches end of non-void function [-Wreturn-type]
   78 | }
      | ^
../Core/Src/motor.c: In function 'PID_Control_right':
../Core/Src/motor.c:112:1: warning: control reaches end of non-void function [-Wreturn-type]
  112 | }
      | ^
"make -j8 all" terminated with exit code 2. Build might be incomplete.
23:29:40 **** Incremental Build of configuration Debug for project MDP_STM32 ****
make -j8 all 
arm-none-eabi-gcc "../Core/Src/main.c" -mcpu=cortex-m4 -std=gnu11 -g3 -DDEBUG -DUSE_HAL_DRIVER -DSTM32F407xx -c -I../Core/Inc -I../Drivers/STM32F4xx_HAL_Driver/Inc -I../Drivers/STM32F4xx_HAL_Driver/Inc/Legacy -I../Drivers/CMSIS/Device/ST/STM32F4xx/Include -I../Drivers/CMSIS/Include -O0 -ffunction-sections -fdata-sections -Wall -u _printf_float -fstack-usage -fcyclomatic-complexity -MMD -MP -MF"Core/Src/main.d" -MT"Core/Src/main.o" --specs=nano.specs -mfpu=fpv4-sp-d16 -mfloat-abi=hard -mthumb -o "Core/Src/main.o"
../Core/Src/main.c:74:9: error: conflicting types for 'gyroZ'; have 'int32_t' {aka 'long int'}
   74 | int32_t gyroZ = 0;
      |         ^~~~~
In file included from ../Core/Src/main.c:29:
../Core/Inc/test.h:39:16: note: previous declaration of 'gyroZ' with type 'int16_t' {aka 'short int'}
   39 | extern int16_t gyroZ, gyro_target_angle, gyro_angle;
      |                ^~~~~
../Core/Src/main.c: In function 'main':
../Core/Src/main.c:214:25: warning: pointer targets in passing argument 3 of 'OLED_ShowString' differ in signedness [-Wpointer-sign]
  214 |   OLED_ShowString(0, 0, "Press USER btn");
      |                         ^~~~~~~~~~~~~~~~
      |                         |
      |                         char *
In file included from ../Core/Src/main.c:25:
../Core/Inc/oled.h:44:59: note: expected 'const uint8_t *' {aka 'const unsigned char *'} but argument is of type 'char *'
   44 | void OLED_ShowString(uint8_t x, uint8_t y, const uint8_t *p);
      |                                            ~~~~~~~~~~~~~~~^
../Core/Src/main.c:215:26: warning: pointer targets in passing argument 3 of 'OLED_ShowString' differ in signedness [-Wpointer-sign]
  215 |   OLED_ShowString(0, 15, "to continue");
      |                          ^~~~~~~~~~~~~
      |                          |
      |                          char *
../Core/Inc/oled.h:44:59: note: expected 'const uint8_t *' {aka 'const unsigned char *'} but argument is of type 'char *'
   44 | void OLED_ShowString(uint8_t x, uint8_t y, const uint8_t *p);
      |                                            ~~~~~~~~~~~~~~~^
make: *** [Core/Src/subdir.mk:55: Core/Src/main.o] Error 1
"make -j8 all" terminated with exit code 2. Build might be incomplete.
23:30:18 **** Incremental Build of configuration Debug for project MDP_STM32 ****
make -j8 all 
arm-none-eabi-gcc "../Core/Src/main.c" -mcpu=cortex-m4 -std=gnu11 -g3 -DDEBUG -DUSE_HAL_DRIVER -DSTM32F407xx -c -I../Core/Inc -I../Drivers/STM32F4xx_HAL_Driver/Inc -I../Drivers/STM32F4xx_HAL_Driver/Inc/Legacy -I../Drivers/CMSIS/Device/ST/STM32F4xx/Include -I../Drivers/CMSIS/Include -O0 -ffunction-sections -fdata-sections -Wall -u _printf_float -fstack-usage -fcyclomatic-complexity -MMD -MP -MF"Core/Src/main.d" -MT"Core/Src/main.o" --specs=nano.specs -mfpu=fpv4-sp-d16 -mfloat-abi=hard -mthumb -o "Core/Src/main.o"
arm-none-eabi-gcc "../Core/Src/test.c" -mcpu=cortex-m4 -std=gnu11 -g3 -DDEBUG -DUSE_HAL_DRIVER -DSTM32F407xx -c -I../Core/Inc -I../Drivers/STM32F4xx_HAL_Driver/Inc -I../Drivers/STM32F4xx_HAL_Driver/Inc/Legacy -I../Drivers/CMSIS/Device/ST/STM32F4xx/Include -I../Drivers/CMSIS/Include -O0 -ffunction-sections -fdata-sections -Wall -u _printf_float -fstack-usage -fcyclomatic-complexity -MMD -MP -MF"Core/Src/test.d" -MT"Core/Src/test.o" --specs=nano.specs -mfpu=fpv4-sp-d16 -mfloat-abi=hard -mthumb -o "Core/Src/test.o"
../Core/Src/main.c: In function 'main':
../Core/Src/main.c:214:25: warning: pointer targets in passing argument 3 of 'OLED_ShowString' differ in signedness [-Wpointer-sign]
  214 |   OLED_ShowString(0, 0, "Press USER btn");
      |                         ^~~~~~~~~~~~~~~~
      |                         |
      |                         char *
In file included from ../Core/Src/main.c:25:
../Core/Inc/oled.h:44:59: note: expected 'const uint8_t *' {aka 'const unsigned char *'} but argument is of type 'char *'
   44 | void OLED_ShowString(uint8_t x, uint8_t y, const uint8_t *p);
      |                                            ~~~~~~~~~~~~~~~^
../Core/Src/main.c:215:26: warning: pointer targets in passing argument 3 of 'OLED_ShowString' differ in signedness [-Wpointer-sign]
  215 |   OLED_ShowString(0, 15, "to continue");
      |                          ^~~~~~~~~~~~~
      |                          |
      |                          char *
../Core/Inc/oled.h:44:59: note: expected 'const uint8_t *' {aka 'const unsigned char *'} but argument is of type 'char *'
   44 | void OLED_ShowString(uint8_t x, uint8_t y, const uint8_t *p);
      |                                            ~~~~~~~~~~~~~~~^
../Core/Src/test.c: In function 'task_A1':
../Core/Src/test.c:15:17: warning: implicit declaration of function 'servo_set_val'; did you mean 'servo_set_dir'? [-Wimplicit-function-declaration]
   15 |                 servo_set_val(LEFT);
      |                 ^~~~~~~~~~~~~
      |                 servo_set_dir
../Core/Src/test.c:18:39: warning: pointer targets in passing argument 3 of 'OLED_ShowString' differ in signedness [-Wpointer-sign]
   18 |                 OLED_ShowString(0, 0, "Left");
      |                                       ^~~~~~
      |                                       |
      |                                       char *
In file included from ../Core/Inc/test.h:12,
                 from ../Core/Src/test.c:8:
../Core/Inc/oled.h:44:59: note: expected 'const uint8_t *' {aka 'const unsigned char *'} but argument is of type 'char *'
   44 | void OLED_ShowString(uint8_t x, uint8_t y, const uint8_t *p);
      |                                            ~~~~~~~~~~~~~~~^
../Core/Src/test.c:20:17: warning: implicit declaration of function 'motor_forward_left'; did you mean 'motor_forward'? [-Wimplicit-function-declaration]
   20 |                 motor_forward_left(90);
      |                 ^~~~~~~~~~~~~~~~~~
      |                 motor_forward
../Core/Src/test.c: In function 'task_A4_right':
../Core/Src/test.c:50:19: warning: implicit declaration of function 'motor_forward_right'; did you mean 'forward_right'? [-Wimplicit-function-declaration]
   50 |                   motor_forward_right(90);
      |                   ^~~~~~~~~~~~~~~~~~~
      |                   forward_right
../Core/Src/test.c: In function 'abhinav_task':
../Core/Src/test.c:64:17: warning: implicit declaration of function 'motor_backward_inf'; did you mean 'motor_backward'? [-Wimplicit-function-declaration]
   64 |                 motor_backward_inf();
      |                 ^~~~~~~~~~~~~~~~~~
      |                 motor_backward
../Core/Src/test.c: In function 'moving_task':
../Core/Src/test.c:84:39: warning: pointer targets in passing argument 3 of 'OLED_ShowString' differ in signedness [-Wpointer-sign]
   84 |                 OLED_ShowString(0, 0, "Forward");
      |                                       ^~~~~~~~~
      |                                       |
      |                                       char *
../Core/Inc/oled.h:44:59: note: expected 'const uint8_t *' {aka 'const unsigned char *'} but argument is of type 'char *'
   44 | void OLED_ShowString(uint8_t x, uint8_t y, const uint8_t *p);
      |                                            ~~~~~~~~~~~~~~~^
../Core/Src/test.c:91:39: warning: pointer targets in passing argument 3 of 'OLED_ShowString' differ in signedness [-Wpointer-sign]
   91 |                 OLED_ShowString(0, 0, "Backward");
      |                                       ^~~~~~~~~~
      |                                       |
      |                                       char *
../Core/Inc/oled.h:44:59: note: expected 'const uint8_t *' {aka 'const unsigned char *'} but argument is of type 'char *'
   44 | void OLED_ShowString(uint8_t x, uint8_t y, const uint8_t *p);
      |                                            ~~~~~~~~~~~~~~~^
../Core/Src/test.c:98:39: warning: pointer targets in passing argument 3 of 'OLED_ShowString' differ in signedness [-Wpointer-sign]
   98 |                 OLED_ShowString(0, 0, "Left");
      |                                       ^~~~~~
      |                                       |
      |                                       char *
../Core/Inc/oled.h:44:59: note: expected 'const uint8_t *' {aka 'const unsigned char *'} but argument is of type 'char *'
   44 | void OLED_ShowString(uint8_t x, uint8_t y, const uint8_t *p);
      |                                            ~~~~~~~~~~~~~~~^
../Core/Src/test.c:105:39: warning: pointer targets in passing argument 3 of 'OLED_ShowString' differ in signedness [-Wpointer-sign]
  105 |                 OLED_ShowString(0, 0, "Right");
      |                                       ^~~~~~~
      |                                       |
      |                                       char *
../Core/Inc/oled.h:44:59: note: expected 'const uint8_t *' {aka 'const unsigned char *'} but argument is of type 'char *'
   44 | void OLED_ShowString(uint8_t x, uint8_t y, const uint8_t *p);
      |                                            ~~~~~~~~~~~~~~~^
../Core/Src/test.c: In function 'ultrasonic_task':
../Core/Src/test.c:137:5: warning: implicit declaration of function 'HCSR04_Init' [-Wimplicit-function-declaration]
  137 |     HCSR04_Init();
      |     ^~~~~~~~~~~
../Core/Src/test.c:140:22: warning: pointer targets in passing argument 3 of 'print_OLED' differ in signedness [-Wpointer-sign]
  140 |     print_OLED(0, 0, "tc1:", false, 0);
      |                      ^~~~~~
      |                      |
      |                      char *
In file included from ../Core/Inc/test.h:13:
../Core/Inc/helper.h:30:40: note: expected 'uint8_t *' {aka 'unsigned char *'} but argument is of type 'char *'
   30 | void print_OLED(int x, int y, uint8_t* msg, bool var_exist, int32_t val);
      |                               ~~~~~~~~~^~~
../Core/Src/test.c:141:23: warning: pointer targets in passing argument 3 of 'print_OLED' differ in signedness [-Wpointer-sign]
  141 |     print_OLED(0, 15, "tc2:", false, 0);
      |                       ^~~~~~
      |                       |
      |                       char *
../Core/Inc/helper.h:30:40: note: expected 'uint8_t *' {aka 'unsigned char *'} but argument is of type 'char *'
   30 | void print_OLED(int x, int y, uint8_t* msg, bool var_exist, int32_t val);
      |                               ~~~~~~~~~^~~
../Core/Src/test.c:142:23: warning: pointer targets in passing argument 3 of 'print_OLED' differ in signedness [-Wpointer-sign]
  142 |     print_OLED(0, 30, "echo:", false, 0);
      |                       ^~~~~~~
      |                       |
      |                       char *
../Core/Inc/helper.h:30:40: note: expected 'uint8_t *' {aka 'unsigned char *'} but argument is of type 'char *'
   30 | void print_OLED(int x, int y, uint8_t* msg, bool var_exist, int32_t val);
      |                               ~~~~~~~~~^~~
../Core/Src/test.c:143:23: warning: pointer targets in passing argument 3 of 'print_OLED' differ in signedness [-Wpointer-sign]
  143 |     print_OLED(0, 45, "dist:", false, 0);
      |                       ^~~~~~~
      |                       |
      |                       char *
../Core/Inc/helper.h:30:40: note: expected 'uint8_t *' {aka 'unsigned char *'} but argument is of type 'char *'
   30 | void print_OLED(int x, int y, uint8_t* msg, bool var_exist, int32_t val);
      |                               ~~~~~~~~~^~~
../Core/Src/test.c:145:23: warning: pointer targets in passing argument 3 of 'print_OLED' differ in signedness [-Wpointer-sign]
  145 |     print_OLED(40, 0, "%u", true, tc1);
      |                       ^~~~
      |                       |
      |                       char *
../Core/Inc/helper.h:30:40: note: expected 'uint8_t *' {aka 'unsigned char *'} but argument is of type 'char *'
   30 | void print_OLED(int x, int y, uint8_t* msg, bool var_exist, int32_t val);
      |                               ~~~~~~~~~^~~
../Core/Src/test.c:146:24: warning: pointer targets in passing argument 3 of 'print_OLED' differ in signedness [-Wpointer-sign]
  146 |     print_OLED(40, 15, "%u", true, tc2);
      |                        ^~~~
      |                        |
      |                        char *
../Core/Inc/helper.h:30:40: note: expected 'uint8_t *' {aka 'unsigned char *'} but argument is of type 'char *'
   30 | void print_OLED(int x, int y, uint8_t* msg, bool var_exist, int32_t val);
      |                               ~~~~~~~~~^~~
../Core/Src/test.c:147:24: warning: pointer targets in passing argument 3 of 'print_OLED' differ in signedness [-Wpointer-sign]
  147 |     print_OLED(40, 30, "%u", true, echo);
      |                        ^~~~
      |                        |
      |                        char *
../Core/Inc/helper.h:30:40: note: expected 'uint8_t *' {aka 'unsigned char *'} but argument is of type 'char *'
   30 | void print_OLED(int x, int y, uint8_t* msg, bool var_exist, int32_t val);
      |                               ~~~~~~~~~^~~
../Core/Src/test.c:148:24: warning: pointer targets in passing argument 3 of 'print_OLED' differ in signedness [-Wpointer-sign]
  148 |     print_OLED(40, 45, "%u", true, dist);
      |                        ^~~~
      |                        |
      |                        char *
../Core/Inc/helper.h:30:40: note: expected 'uint8_t *' {aka 'unsigned char *'} but argument is of type 'char *'
   30 | void print_OLED(int x, int y, uint8_t* msg, bool var_exist, int32_t val);
      |                               ~~~~~~~~~^~~
../Core/Src/test.c: In function 'gyroscope_task':
../Core/Src/test.c:166:43: warning: pointer targets in passing argument 3 of 'print_OLED' differ in signedness [-Wpointer-sign]
  166 |                         print_OLED(50, 0, "%d", true, gyroZ);
      |                                           ^~~~
      |                                           |
      |                                           char *
../Core/Inc/helper.h:30:40: note: expected 'uint8_t *' {aka 'unsigned char *'} but argument is of type 'char *'
   30 | void print_OLED(int x, int y, uint8_t* msg, bool var_exist, int32_t val);
      |                               ~~~~~~~~~^~~
../Core/Src/test.c:167:44: warning: pointer targets in passing argument 3 of 'print_OLED' differ in signedness [-Wpointer-sign]
  167 |                         print_OLED(70, 15, "%d", true, gyro_angle);
      |                                            ^~~~
      |                                            |
      |                                            char *
../Core/Inc/helper.h:30:40: note: expected 'uint8_t *' {aka 'unsigned char *'} but argument is of type 'char *'
   30 | void print_OLED(int x, int y, uint8_t* msg, bool var_exist, int32_t val);
      |                               ~~~~~~~~~^~~
../Core/Src/test.c:168:56: warning: implicit declaration of function 'abs' [-Wimplicit-function-declaration]
  168 |                         print_OLED(50, 30, "%d", true, abs(gyro_angle - target));
      |                                                        ^~~
../Core/Src/test.c:9:1: note: include '<stdlib.h>' or provide a declaration of 'abs'
    8 | #include "test.h"
  +++ |+#include <stdlib.h>
    9 | 
../Core/Src/test.c:168:71: warning: 'abs' argument 1 type is 'long int' where 'int' is expected in a call to built-in function declared without prototype [-Wbuiltin-declaration-mismatch]
  168 |                         print_OLED(50, 30, "%d", true, abs(gyro_angle - target));
      |                                                            ~~~~~~~~~~~^~~~~~~~
<built-in>: note: built-in 'abs' declared here
../Core/Src/test.c:168:44: warning: pointer targets in passing argument 3 of 'print_OLED' differ in signedness [-Wpointer-sign]
  168 |                         print_OLED(50, 30, "%d", true, abs(gyro_angle - target));
      |                                            ^~~~
      |                                            |
      |                                            char *
../Core/Inc/helper.h:30:40: note: expected 'uint8_t *' {aka 'unsigned char *'} but argument is of type 'char *'
   30 | void print_OLED(int x, int y, uint8_t* msg, bool var_exist, int32_t val);
      |                               ~~~~~~~~~^~~
../Core/Src/test.c:170:51: warning: 'abs' argument 1 type is 'long int' where 'int' is expected in a call to built-in function declared without prototype [-Wbuiltin-declaration-mismatch]
  170 |                         if (abs((int)(gyro_angle) - target) < 1)
      |                                 ~~~~~~~~~~~~~~~~~~^~~~~~~~
<built-in>: note: built-in 'abs' declared here
../Core/Src/test.c:178:26: warning: pointer targets in passing argument 3 of 'print_OLED' differ in signedness [-Wpointer-sign]
  178 |         print_OLED(0, 0, "Done", false, 0);
      |                          ^~~~~~
      |                          |
      |                          char *
../Core/Inc/helper.h:30:40: note: expected 'uint8_t *' {aka 'unsigned char *'} but argument is of type 'char *'
   30 | void print_OLED(int x, int y, uint8_t* msg, bool var_exist, int32_t val);
      |                               ~~~~~~~~~^~~
../Core/Src/test.c: In function 'UART3_task':
../Core/Src/test.c:182:26: warning: pointer targets in passing argument 3 of 'print_OLED' differ in signedness [-Wpointer-sign]
  182 |         print_OLED(0, 0, "cmd_cnt: %u", true, cmd_cnt);
      |                          ^~~~~~~~~~~~~
      |                          |
      |                          char *
../Core/Inc/helper.h:30:40: note: expected 'uint8_t *' {aka 'unsigned char *'} but argument is of type 'char *'
   30 | void print_OLED(int x, int y, uint8_t* msg, bool var_exist, int32_t val);
      |                               ~~~~~~~~~^~~
../Core/Src/test.c: In function 'count_gyro_task':
../Core/Src/test.c:205:27: warning: pointer targets in passing argument 3 of 'print_OLED' differ in signedness [-Wpointer-sign]
  205 |         print_OLED(50, 0, "%d", true, gyroZ);
      |                           ^~~~
      |                           |
      |                           char *
../Core/Inc/helper.h:30:40: note: expected 'uint8_t *' {aka 'unsigned char *'} but argument is of type 'char *'
   30 | void print_OLED(int x, int y, uint8_t* msg, bool var_exist, int32_t val);
      |                               ~~~~~~~~~^~~
arm-none-eabi-gcc -o "MDP_STM32.elf" @"objects.list"   -mcpu=cortex-m4 -T"D:\3. CE Timetable and Curriculum\7. AY2023-2024 Sem 1 (Year 4)\1. SC2079 - Multidisciplinary Design Project\4. Project\SC2079_GROUP13\Hardware_STM\MDP_STM32\STM32F407VETX_FLASH.ld" --specs=nosys.specs -Wl,-Map="MDP_STM32.map" -Wl,--gc-sections -static -u _printf_float --specs=nano.specs -mfpu=fpv4-sp-d16 -mfloat-abi=hard -mthumb -Wl,--start-group -lc -lm -Wl,--end-group
Finished building target: MDP_STM32.elf
 
arm-none-eabi-size  MDP_STM32.elf 
arm-none-eabi-objdump -h -S MDP_STM32.elf  > "MDP_STM32.list"
   text	   data	    bss	    dec	    hex	filename
  43056	    476	   4620	  48152	   bc18	MDP_STM32.elf
Finished building: default.size.stdout
 
Finished building: MDP_STM32.list
 
23:34:51 **** Incremental Build of configuration Debug for project MDP_STM32 ****
make -j8 all 
arm-none-eabi-size  MDP_STM32.elf 
   text	   data	    bss	    dec	    hex	filename
  43056	    476	   4620	  48152	   bc18	MDP_STM32.elf
Finished building: default.size.stdout
 
23:37:36 **** Incremental Build of configuration Debug for project MDP_STM32 ****
make -j8 all 
arm-none-eabi-gcc "../Core/Src/main.c" -mcpu=cortex-m4 -std=gnu11 -g3 -DDEBUG -DUSE_HAL_DRIVER -DSTM32F407xx -c -I../Core/Inc -I../Drivers/STM32F4xx_HAL_Driver/Inc -I../Drivers/STM32F4xx_HAL_Driver/Inc/Legacy -I../Drivers/CMSIS/Device/ST/STM32F4xx/Include -I../Drivers/CMSIS/Include -O0 -ffunction-sections -fdata-sections -Wall -u _printf_float -fstack-usage -fcyclomatic-complexity -MMD -MP -MF"Core/Src/main.d" -MT"Core/Src/main.o" --specs=nano.specs -mfpu=fpv4-sp-d16 -mfloat-abi=hard -mthumb -o "Core/Src/main.o"
arm-none-eabi-gcc "../Core/Src/motor.c" -mcpu=cortex-m4 -std=gnu11 -g3 -DDEBUG -DUSE_HAL_DRIVER -DSTM32F407xx -c -I../Core/Inc -I../Drivers/STM32F4xx_HAL_Driver/Inc -I../Drivers/STM32F4xx_HAL_Driver/Inc/Legacy -I../Drivers/CMSIS/Device/ST/STM32F4xx/Include -I../Drivers/CMSIS/Include -O0 -ffunction-sections -fdata-sections -Wall -u _printf_float -fstack-usage -fcyclomatic-complexity -MMD -MP -MF"Core/Src/motor.d" -MT"Core/Src/motor.o" --specs=nano.specs -mfpu=fpv4-sp-d16 -mfloat-abi=hard -mthumb -o "Core/Src/motor.o"
arm-none-eabi-gcc "../Core/Src/test.c" -mcpu=cortex-m4 -std=gnu11 -g3 -DDEBUG -DUSE_HAL_DRIVER -DSTM32F407xx -c -I../Core/Inc -I../Drivers/STM32F4xx_HAL_Driver/Inc -I../Drivers/STM32F4xx_HAL_Driver/Inc/Legacy -I../Drivers/CMSIS/Device/ST/STM32F4xx/Include -I../Drivers/CMSIS/Include -O0 -ffunction-sections -fdata-sections -Wall -u _printf_float -fstack-usage -fcyclomatic-complexity -MMD -MP -MF"Core/Src/test.d" -MT"Core/Src/test.o" --specs=nano.specs -mfpu=fpv4-sp-d16 -mfloat-abi=hard -mthumb -o "Core/Src/test.o"
../Core/Src/motor.c: In function 'PID_Control_left':
../Core/Src/motor.c:48:11: warning: implicit declaration of function 'abs' [-Wimplicit-function-declaration]
   48 |       if (abs(l_error)>2){ //more than 2 degree difference
      |           ^~~
../Core/Src/motor.c:12:1: note: include '<stdlib.h>' or provide a declaration of 'abs'
   11 | #include <motor.h>
  +++ |+#include <stdlib.h>
   12 | 
../Core/Src/main.c: In function 'main':
../Core/Src/main.c:214:25: warning: pointer targets in passing argument 3 of 'OLED_ShowString' differ in signedness [-Wpointer-sign]
  214 |   OLED_ShowString(0, 0, "Press USER btn");
      |                         ^~~~~~~~~~~~~~~~
      |                         |
      |                         char *
In file included from ../Core/Inc/motor.h:14,
                 from ../Core/Src/main.c:20:
../Core/Inc/oled.h:44:59: note: expected 'const uint8_t *' {aka 'const unsigned char *'} but argument is of type 'char *'
   44 | void OLED_ShowString(uint8_t x, uint8_t y, const uint8_t *p);
      |                                            ~~~~~~~~~~~~~~~^
../Core/Src/main.c:215:26: warning: pointer targets in passing argument 3 of 'OLED_ShowString' differ in signedness [-Wpointer-sign]
  215 |   OLED_ShowString(0, 15, "to continue");
      |                          ^~~~~~~~~~~~~
      |                          |
      |                          char *
../Core/Inc/oled.h:44:59: note: expected 'const uint8_t *' {aka 'const unsigned char *'} but argument is of type 'char *'
   44 | void OLED_ShowString(uint8_t x, uint8_t y, const uint8_t *p);
      |                                            ~~~~~~~~~~~~~~~^
../Core/Src/motor.c: In function 'motor_get_drive':
../Core/Src/motor.c:221:5: warning: implicit declaration of function 'move_straight' [-Wimplicit-function-declaration]
  221 |     move_straight(dir);
      |     ^~~~~~~~~~~~~
../Core/Src/motor.c: In function 'forward':
../Core/Src/motor.c:259:27: warning: pointer targets in passing argument 3 of 'print_OLED' differ in signedness [-Wpointer-sign]
  259 |         print_OLED(0, 45, "%u", true, 65535 - encoder_cnt);
      |                           ^~~~
      |                           |
      |                           char *
In file included from ../Core/Inc/servo.h:15,
                 from ../Core/Inc/motor.h:15,
                 from ../Core/Src/motor.c:11:
../Core/Inc/helper.h:30:40: note: expected 'uint8_t *' {aka 'unsigned char *'} but argument is of type 'char *'
   30 | void print_OLED(int x, int y, uint8_t* msg, bool var_exist, int32_t val);
      |                               ~~~~~~~~~^~~
../Core/Src/motor.c:236:14: warning: unused variable 'target_pulses' [-Wunused-variable]
  236 |     uint32_t target_pulses = (uint32_t)(distance * pulses_per_cm);
      |              ^~~~~~~~~~~~~
../Core/Src/motor.c: In function 'forward_pid':
../Core/Src/motor.c:302:5: warning: implicit declaration of function 'sprintf' [-Wimplicit-function-declaration]
  302 |     sprintf(buf, "target_pulse: %u", target_pulses);
      |     ^~~~~~~
../Core/Src/motor.c:12:1: note: include '<stdio.h>' or provide a declaration of 'sprintf'
   11 | #include <motor.h>
  +++ |+#include <stdio.h>
   12 | 
../Core/Src/motor.c:302:5: warning: incompatible implicit declaration of built-in function 'sprintf' [-Wbuiltin-declaration-mismatch]
  302 |     sprintf(buf, "target_pulse: %u", target_pulses);
      |     ^~~~~~~
../Core/Src/motor.c:302:5: note: include '<stdio.h>' or provide a declaration of 'sprintf'
../Core/Src/motor.c:302:13: warning: pointer targets in passing argument 1 of 'sprintf' differ in signedness [-Wpointer-sign]
  302 |     sprintf(buf, "target_pulse: %u", target_pulses);
      |             ^~~
      |             |
      |             uint8_t * {aka unsigned char *}
../Core/Src/motor.c:302:13: note: expected 'char *' but argument is of type 'uint8_t *' {aka 'unsigned char *'}
../Core/Src/test.c: In function 'task_A1':
../Core/Src/test.c:15:17: warning: implicit declaration of function 'servo_set_val'; did you mean 'servo_set_dir'? [-Wimplicit-function-declaration]
   15 |                 servo_set_val(LEFT);
      |                 ^~~~~~~~~~~~~
      |                 servo_set_dir
../Core/Src/motor.c:302:34: warning: format '%u' expects argument of type 'unsigned int', but argument 3 has type 'uint32_t' {aka 'long unsigned int'} [-Wformat=]
  302 |     sprintf(buf, "target_pulse: %u", target_pulses);
      |                                 ~^   ~~~~~~~~~~~~~
      |                                  |   |
      |                                  |   uint32_t {aka long unsigned int}
      |                                  unsigned int
      |                                 %lu
../Core/Src/test.c:18:39: warning: pointer targets in passing argument 3 of 'OLED_ShowString' differ in signedness [-Wpointer-sign]
   18 |                 OLED_ShowString(0, 0, "Left");
      |                                       ^~~~~~
      |                                       |
      |                                       char *
In file included from ../Core/Inc/test.h:12,
                 from ../Core/Src/test.c:8:
../Core/Inc/oled.h:44:59: note: expected 'const uint8_t *' {aka 'const unsigned char *'} but argument is of type 'char *'
   44 | void OLED_ShowString(uint8_t x, uint8_t y, const uint8_t *p);
      |                                            ~~~~~~~~~~~~~~~^
../Core/Src/motor.c:316:22: warning: pointer targets in passing argument 3 of 'print_OLED' differ in signedness [-Wpointer-sign]
  316 |     print_OLED(0, 0, "ta: %ld", true, target_angle);
      |                      ^~~~~~~~~
      |                      |
      |                      char *
../Core/Inc/helper.h:30:40: note: expected 'uint8_t *' {aka 'unsigned char *'} but argument is of type 'char *'
   30 | void print_OLED(int x, int y, uint8_t* msg, bool var_exist, int32_t val);
      |                               ~~~~~~~~~^~~
../Core/Src/motor.c:379:27: warning: pointer targets in passing argument 3 of 'print_OLED' differ in signedness [-Wpointer-sign]
  379 |         print_OLED(0, 15, "l: %ld", true, l_angle);
      |                           ^~~~~~~~
      |                           |
      |                           char *
../Core/Inc/helper.h:30:40: note: expected 'uint8_t *' {aka 'unsigned char *'} but argument is of type 'char *'
   30 | void print_OLED(int x, int y, uint8_t* msg, bool var_exist, int32_t val);
      |                               ~~~~~~~~~^~~
../Core/Src/motor.c:380:27: warning: pointer targets in passing argument 3 of 'print_OLED' differ in signedness [-Wpointer-sign]
  380 |         print_OLED(0, 30, "r: %ld", true, r_angle);
      |                           ^~~~~~~~
      |                           |
      |                           char *
../Core/Inc/helper.h:30:40: note: expected 'uint8_t *' {aka 'unsigned char *'} but argument is of type 'char *'
   30 | void print_OLED(int x, int y, uint8_t* msg, bool var_exist, int32_t val);
      |                               ~~~~~~~~~^~~
../Core/Src/motor.c: In function 'backward':
../Core/Src/motor.c:409:5: warning: incompatible implicit declaration of built-in function 'sprintf' [-Wbuiltin-declaration-mismatch]
  409 |     sprintf(buf, "target_pulse: %u", target_pulses);
      |     ^~~~~~~
../Core/Src/motor.c:409:5: note: include '<stdio.h>' or provide a declaration of 'sprintf'
../Core/Src/motor.c:409:13: warning: pointer targets in passing argument 1 of 'sprintf' differ in signedness [-Wpointer-sign]
  409 |     sprintf(buf, "target_pulse: %u", target_pulses);
      |             ^~~
      |             |
      |             uint8_t * {aka unsigned char *}
../Core/Src/motor.c:409:13: note: expected 'char *' but argument is of type 'uint8_t *' {aka 'unsigned char *'}
../Core/Src/motor.c:409:34: warning: format '%u' expects argument of type 'unsigned int', but argument 3 has type 'uint32_t' {aka 'long unsigned int'} [-Wformat=]
  409 |     sprintf(buf, "target_pulse: %u", target_pulses);
      |                                 ~^   ~~~~~~~~~~~~~
      |                                  |   |
      |                                  |   uint32_t {aka long unsigned int}
      |                                  unsigned int
      |                                 %lu
../Core/Src/motor.c:422:27: warning: pointer targets in passing argument 3 of 'OLED_ShowString' differ in signedness [-Wpointer-sign]
  422 |     OLED_ShowString(0, 0, "encoder_cnt: ");
      |                           ^~~~~~~~~~~~~~~
      |                           |
      |                           char *
In file included from ../Core/Inc/motor.h:14:
../Core/Inc/oled.h:44:59: note: expected 'const uint8_t *' {aka 'const unsigned char *'} but argument is of type 'char *'
   44 | void OLED_ShowString(uint8_t x, uint8_t y, const uint8_t *p);
      |                                            ~~~~~~~~~~~~~~~^
../Core/Src/motor.c:428:17: warning: pointer targets in passing argument 1 of 'sprintf' differ in signedness [-Wpointer-sign]
  428 |         sprintf(buf, "%u", encoder_cnt);
      |                 ^~~
      |                 |
      |                 uint8_t * {aka unsigned char *}
../Core/Src/motor.c:428:17: note: expected 'char *' but argument is of type 'uint8_t *' {aka 'unsigned char *'}
../Core/Src/motor.c:428:24: warning: format '%u' expects argument of type 'unsigned int', but argument 3 has type 'uint32_t' {aka 'long unsigned int'} [-Wformat=]
  428 |         sprintf(buf, "%u", encoder_cnt);
      |                       ~^   ~~~~~~~~~~~
      |                        |   |
      |                        |   uint32_t {aka long unsigned int}
      |                        unsigned int
      |                       %lu
../Core/Src/motor.c: In function 'forward_right':
../Core/Src/motor.c:461:27: warning: pointer targets in passing argument 3 of 'OLED_ShowString' differ in signedness [-Wpointer-sign]
  461 |     OLED_ShowString(0, 0, "encoder_cnt: ");
      |                           ^~~~~~~~~~~~~~~
      |                           |
      |                           char *
../Core/Inc/oled.h:44:59: note: expected 'const uint8_t *' {aka 'const unsigned char *'} but argument is of type 'char *'
   44 | void OLED_ShowString(uint8_t x, uint8_t y, const uint8_t *p);
      |                                            ~~~~~~~~~~~~~~~^
../Core/Src/motor.c:467:9: warning: incompatible implicit declaration of built-in function 'sprintf' [-Wbuiltin-declaration-mismatch]
  467 |         sprintf(buf, "%u", encoder_cnt);  // Format encoder count for display
      |         ^~~~~~~
../Core/Src/motor.c:467:9: note: include '<stdio.h>' or provide a declaration of 'sprintf'
../Core/Src/motor.c:467:17: warning: pointer targets in passing argument 1 of 'sprintf' differ in signedness [-Wpointer-sign]
  467 |         sprintf(buf, "%u", encoder_cnt);  // Format encoder count for display
      |                 ^~~
      |                 |
      |                 uint8_t * {aka unsigned char *}
../Core/Src/motor.c:467:17: note: expected 'char *' but argument is of type 'uint8_t *' {aka 'unsigned char *'}
../Core/Src/motor.c:467:24: warning: format '%u' expects argument of type 'unsigned int', but argument 3 has type 'uint32_t' {aka 'long unsigned int'} [-Wformat=]
  467 |         sprintf(buf, "%u", encoder_cnt);  // Format encoder count for display
      |                       ~^   ~~~~~~~~~~~
      |                        |   |
      |                        |   uint32_t {aka long unsigned int}
      |                        unsigned int
      |                       %lu
../Core/Src/motor.c:477:5: error: 'has_run' undeclared (first use in this function)
  477 |     has_run = false;
      |     ^~~~~~~
../Core/Src/motor.c:477:5: note: each undeclared identifier is reported only once for each function it appears in
../Core/Src/motor.c: In function 'forward_left':
../Core/Src/motor.c:501:27: warning: pointer targets in passing argument 3 of 'OLED_ShowString' differ in signedness [-Wpointer-sign]
  501 |     OLED_ShowString(0, 0, "encoder_cnt: ");
      |                           ^~~~~~~~~~~~~~~
      |                           |
      |                           char *
../Core/Inc/oled.h:44:59: note: expected 'const uint8_t *' {aka 'const unsigned char *'} but argument is of type 'char *'
   44 | void OLED_ShowString(uint8_t x, uint8_t y, const uint8_t *p);
      |                                            ~~~~~~~~~~~~~~~^
../Core/Src/motor.c:506:9: warning: incompatible implicit declaration of built-in function 'sprintf' [-Wbuiltin-declaration-mismatch]
  506 |         sprintf(buf, "%u", encoder_cnt);  // Format encoder count for display
      |         ^~~~~~~
../Core/Src/motor.c:506:9: note: include '<stdio.h>' or provide a declaration of 'sprintf'
../Core/Src/motor.c:506:17: warning: pointer targets in passing argument 1 of 'sprintf' differ in signedness [-Wpointer-sign]
  506 |         sprintf(buf, "%u", encoder_cnt);  // Format encoder count for display
      |                 ^~~
      |                 |
      |                 uint8_t * {aka unsigned char *}
../Core/Src/motor.c:506:17: note: expected 'char *' but argument is of type 'uint8_t *' {aka 'unsigned char *'}
../Core/Src/motor.c:506:24: warning: format '%u' expects argument of type 'unsigned int', but argument 3 has type 'uint32_t' {aka 'long unsigned int'} [-Wformat=]
  506 |         sprintf(buf, "%u", encoder_cnt);  // Format encoder count for display
      |                       ~^   ~~~~~~~~~~~
      |                        |   |
      |                        |   uint32_t {aka long unsigned int}
      |                        unsigned int
      |                       %lu
../Core/Src/motor.c: In function 'PID_Control_left':
../Core/Src/motor.c:78:1: warning: control reaches end of non-void function [-Wreturn-type]
   78 | }
      | ^
../Core/Src/motor.c: In function 'PID_Control_right':
../Core/Src/motor.c:112:1: warning: control reaches end of non-void function [-Wreturn-type]
  112 | }
      | ^
../Core/Src/test.c:20:17: warning: implicit declaration of function 'motor_forward_left'; did you mean 'motor_forward'? [-Wimplicit-function-declaration]
   20 |                 motor_forward_left(90);
      |                 ^~~~~~~~~~~~~~~~~~
      |                 motor_forward
make: *** [Core/Src/subdir.mk:55: Core/Src/motor.o] Error 1
make: *** Waiting for unfinished jobs....
../Core/Src/test.c: In function 'task_A4_right':
../Core/Src/test.c:50:19: warning: implicit declaration of function 'motor_forward_right'; did you mean 'forward_right'? [-Wimplicit-function-declaration]
   50 |                   motor_forward_right(90);
      |                   ^~~~~~~~~~~~~~~~~~~
      |                   forward_right
../Core/Src/test.c: In function 'abhinav_task':
../Core/Src/test.c:64:17: warning: implicit declaration of function 'motor_backward_inf'; did you mean 'motor_backward'? [-Wimplicit-function-declaration]
   64 |                 motor_backward_inf();
      |                 ^~~~~~~~~~~~~~~~~~
      |                 motor_backward
../Core/Src/test.c: In function 'moving_task':
../Core/Src/test.c:84:39: warning: pointer targets in passing argument 3 of 'OLED_ShowString' differ in signedness [-Wpointer-sign]
   84 |                 OLED_ShowString(0, 0, "Forward");
      |                                       ^~~~~~~~~
      |                                       |
      |                                       char *
../Core/Inc/oled.h:44:59: note: expected 'const uint8_t *' {aka 'const unsigned char *'} but argument is of type 'char *'
   44 | void OLED_ShowString(uint8_t x, uint8_t y, const uint8_t *p);
      |                                            ~~~~~~~~~~~~~~~^
../Core/Src/test.c:91:39: warning: pointer targets in passing argument 3 of 'OLED_ShowString' differ in signedness [-Wpointer-sign]
   91 |                 OLED_ShowString(0, 0, "Backward");
      |                                       ^~~~~~~~~~
      |                                       |
      |                                       char *
../Core/Inc/oled.h:44:59: note: expected 'const uint8_t *' {aka 'const unsigned char *'} but argument is of type 'char *'
   44 | void OLED_ShowString(uint8_t x, uint8_t y, const uint8_t *p);
      |                                            ~~~~~~~~~~~~~~~^
../Core/Src/test.c:98:39: warning: pointer targets in passing argument 3 of 'OLED_ShowString' differ in signedness [-Wpointer-sign]
   98 |                 OLED_ShowString(0, 0, "Left");
      |                                       ^~~~~~
      |                                       |
      |                                       char *
../Core/Inc/oled.h:44:59: note: expected 'const uint8_t *' {aka 'const unsigned char *'} but argument is of type 'char *'
   44 | void OLED_ShowString(uint8_t x, uint8_t y, const uint8_t *p);
      |                                            ~~~~~~~~~~~~~~~^
../Core/Src/test.c:105:39: warning: pointer targets in passing argument 3 of 'OLED_ShowString' differ in signedness [-Wpointer-sign]
  105 |                 OLED_ShowString(0, 0, "Right");
      |                                       ^~~~~~~
      |                                       |
      |                                       char *
../Core/Inc/oled.h:44:59: note: expected 'const uint8_t *' {aka 'const unsigned char *'} but argument is of type 'char *'
   44 | void OLED_ShowString(uint8_t x, uint8_t y, const uint8_t *p);
      |                                            ~~~~~~~~~~~~~~~^
../Core/Src/test.c: In function 'ultrasonic_task':
../Core/Src/test.c:137:5: warning: implicit declaration of function 'HCSR04_Init' [-Wimplicit-function-declaration]
  137 |     HCSR04_Init();
      |     ^~~~~~~~~~~
../Core/Src/test.c:140:22: warning: pointer targets in passing argument 3 of 'print_OLED' differ in signedness [-Wpointer-sign]
  140 |     print_OLED(0, 0, "tc1:", false, 0);
      |                      ^~~~~~
      |                      |
      |                      char *
In file included from ../Core/Inc/test.h:13:
../Core/Inc/helper.h:30:40: note: expected 'uint8_t *' {aka 'unsigned char *'} but argument is of type 'char *'
   30 | void print_OLED(int x, int y, uint8_t* msg, bool var_exist, int32_t val);
      |                               ~~~~~~~~~^~~
../Core/Src/test.c:141:23: warning: pointer targets in passing argument 3 of 'print_OLED' differ in signedness [-Wpointer-sign]
  141 |     print_OLED(0, 15, "tc2:", false, 0);
      |                       ^~~~~~
      |                       |
      |                       char *
../Core/Inc/helper.h:30:40: note: expected 'uint8_t *' {aka 'unsigned char *'} but argument is of type 'char *'
   30 | void print_OLED(int x, int y, uint8_t* msg, bool var_exist, int32_t val);
      |                               ~~~~~~~~~^~~
../Core/Src/test.c:142:23: warning: pointer targets in passing argument 3 of 'print_OLED' differ in signedness [-Wpointer-sign]
  142 |     print_OLED(0, 30, "echo:", false, 0);
      |                       ^~~~~~~
      |                       |
      |                       char *
../Core/Inc/helper.h:30:40: note: expected 'uint8_t *' {aka 'unsigned char *'} but argument is of type 'char *'
   30 | void print_OLED(int x, int y, uint8_t* msg, bool var_exist, int32_t val);
      |                               ~~~~~~~~~^~~
../Core/Src/test.c:143:23: warning: pointer targets in passing argument 3 of 'print_OLED' differ in signedness [-Wpointer-sign]
  143 |     print_OLED(0, 45, "dist:", false, 0);
      |                       ^~~~~~~
      |                       |
      |                       char *
../Core/Inc/helper.h:30:40: note: expected 'uint8_t *' {aka 'unsigned char *'} but argument is of type 'char *'
   30 | void print_OLED(int x, int y, uint8_t* msg, bool var_exist, int32_t val);
      |                               ~~~~~~~~~^~~
../Core/Src/test.c:145:23: warning: pointer targets in passing argument 3 of 'print_OLED' differ in signedness [-Wpointer-sign]
  145 |     print_OLED(40, 0, "%u", true, tc1);
      |                       ^~~~
      |                       |
      |                       char *
../Core/Inc/helper.h:30:40: note: expected 'uint8_t *' {aka 'unsigned char *'} but argument is of type 'char *'
   30 | void print_OLED(int x, int y, uint8_t* msg, bool var_exist, int32_t val);
      |                               ~~~~~~~~~^~~
../Core/Src/test.c:146:24: warning: pointer targets in passing argument 3 of 'print_OLED' differ in signedness [-Wpointer-sign]
  146 |     print_OLED(40, 15, "%u", true, tc2);
      |                        ^~~~
      |                        |
      |                        char *
../Core/Inc/helper.h:30:40: note: expected 'uint8_t *' {aka 'unsigned char *'} but argument is of type 'char *'
   30 | void print_OLED(int x, int y, uint8_t* msg, bool var_exist, int32_t val);
      |                               ~~~~~~~~~^~~
../Core/Src/test.c:147:24: warning: pointer targets in passing argument 3 of 'print_OLED' differ in signedness [-Wpointer-sign]
  147 |     print_OLED(40, 30, "%u", true, echo);
      |                        ^~~~
      |                        |
      |                        char *
../Core/Inc/helper.h:30:40: note: expected 'uint8_t *' {aka 'unsigned char *'} but argument is of type 'char *'
   30 | void print_OLED(int x, int y, uint8_t* msg, bool var_exist, int32_t val);
      |                               ~~~~~~~~~^~~
../Core/Src/test.c:148:24: warning: pointer targets in passing argument 3 of 'print_OLED' differ in signedness [-Wpointer-sign]
  148 |     print_OLED(40, 45, "%u", true, dist);
      |                        ^~~~
      |                        |
      |                        char *
../Core/Inc/helper.h:30:40: note: expected 'uint8_t *' {aka 'unsigned char *'} but argument is of type 'char *'
   30 | void print_OLED(int x, int y, uint8_t* msg, bool var_exist, int32_t val);
      |                               ~~~~~~~~~^~~
../Core/Src/test.c: In function 'gyroscope_task':
../Core/Src/test.c:166:43: warning: pointer targets in passing argument 3 of 'print_OLED' differ in signedness [-Wpointer-sign]
  166 |                         print_OLED(50, 0, "%d", true, gyroZ);
      |                                           ^~~~
      |                                           |
      |                                           char *
../Core/Inc/helper.h:30:40: note: expected 'uint8_t *' {aka 'unsigned char *'} but argument is of type 'char *'
   30 | void print_OLED(int x, int y, uint8_t* msg, bool var_exist, int32_t val);
      |                               ~~~~~~~~~^~~
../Core/Src/test.c:167:44: warning: pointer targets in passing argument 3 of 'print_OLED' differ in signedness [-Wpointer-sign]
  167 |                         print_OLED(70, 15, "%d", true, gyro_angle);
      |                                            ^~~~
      |                                            |
      |                                            char *
../Core/Inc/helper.h:30:40: note: expected 'uint8_t *' {aka 'unsigned char *'} but argument is of type 'char *'
   30 | void print_OLED(int x, int y, uint8_t* msg, bool var_exist, int32_t val);
      |                               ~~~~~~~~~^~~
../Core/Src/test.c:168:56: warning: implicit declaration of function 'abs' [-Wimplicit-function-declaration]
  168 |                         print_OLED(50, 30, "%d", true, abs(gyro_angle - target));
      |                                                        ^~~
../Core/Src/test.c:9:1: note: include '<stdlib.h>' or provide a declaration of 'abs'
    8 | #include "test.h"
  +++ |+#include <stdlib.h>
    9 | 
../Core/Src/test.c:168:71: warning: 'abs' argument 1 type is 'long int' where 'int' is expected in a call to built-in function declared without prototype [-Wbuiltin-declaration-mismatch]
  168 |                         print_OLED(50, 30, "%d", true, abs(gyro_angle - target));
      |                                                            ~~~~~~~~~~~^~~~~~~~
<built-in>: note: built-in 'abs' declared here
../Core/Src/test.c:168:44: warning: pointer targets in passing argument 3 of 'print_OLED' differ in signedness [-Wpointer-sign]
  168 |                         print_OLED(50, 30, "%d", true, abs(gyro_angle - target));
      |                                            ^~~~
      |                                            |
      |                                            char *
../Core/Inc/helper.h:30:40: note: expected 'uint8_t *' {aka 'unsigned char *'} but argument is of type 'char *'
   30 | void print_OLED(int x, int y, uint8_t* msg, bool var_exist, int32_t val);
      |                               ~~~~~~~~~^~~
../Core/Src/test.c:170:51: warning: 'abs' argument 1 type is 'long int' where 'int' is expected in a call to built-in function declared without prototype [-Wbuiltin-declaration-mismatch]
  170 |                         if (abs((int)(gyro_angle) - target) < 1)
      |                                 ~~~~~~~~~~~~~~~~~~^~~~~~~~
<built-in>: note: built-in 'abs' declared here
../Core/Src/test.c:178:26: warning: pointer targets in passing argument 3 of 'print_OLED' differ in signedness [-Wpointer-sign]
  178 |         print_OLED(0, 0, "Done", false, 0);
      |                          ^~~~~~
      |                          |
      |                          char *
../Core/Inc/helper.h:30:40: note: expected 'uint8_t *' {aka 'unsigned char *'} but argument is of type 'char *'
   30 | void print_OLED(int x, int y, uint8_t* msg, bool var_exist, int32_t val);
      |                               ~~~~~~~~~^~~
../Core/Src/test.c: In function 'UART3_task':
../Core/Src/test.c:182:26: warning: pointer targets in passing argument 3 of 'print_OLED' differ in signedness [-Wpointer-sign]
  182 |         print_OLED(0, 0, "cmd_cnt: %u", true, cmd_cnt);
      |                          ^~~~~~~~~~~~~
      |                          |
      |                          char *
../Core/Inc/helper.h:30:40: note: expected 'uint8_t *' {aka 'unsigned char *'} but argument is of type 'char *'
   30 | void print_OLED(int x, int y, uint8_t* msg, bool var_exist, int32_t val);
      |                               ~~~~~~~~~^~~
../Core/Src/test.c: In function 'count_gyro_task':
../Core/Src/test.c:205:27: warning: pointer targets in passing argument 3 of 'print_OLED' differ in signedness [-Wpointer-sign]
  205 |         print_OLED(50, 0, "%d", true, gyroZ);
      |                           ^~~~
      |                           |
      |                           char *
../Core/Inc/helper.h:30:40: note: expected 'uint8_t *' {aka 'unsigned char *'} but argument is of type 'char *'
   30 | void print_OLED(int x, int y, uint8_t* msg, bool var_exist, int32_t val);
      |                               ~~~~~~~~~^~~
"make -j8 all" terminated with exit code 2. Build might be incomplete.
23:38:24 **** Incremental Build of configuration Debug for project MDP_STM32 ****
make -j8 all 
arm-none-eabi-gcc "../Core/Src/motor.c" -mcpu=cortex-m4 -std=gnu11 -g3 -DDEBUG -DUSE_HAL_DRIVER -DSTM32F407xx -c -I../Core/Inc -I../Drivers/STM32F4xx_HAL_Driver/Inc -I../Drivers/STM32F4xx_HAL_Driver/Inc/Legacy -I../Drivers/CMSIS/Device/ST/STM32F4xx/Include -I../Drivers/CMSIS/Include -O0 -ffunction-sections -fdata-sections -Wall -u _printf_float -fstack-usage -fcyclomatic-complexity -MMD -MP -MF"Core/Src/motor.d" -MT"Core/Src/motor.o" --specs=nano.specs -mfpu=fpv4-sp-d16 -mfloat-abi=hard -mthumb -o "Core/Src/motor.o"
../Core/Src/motor.c: In function 'PID_Control_left':
../Core/Src/motor.c:48:11: warning: implicit declaration of function 'abs' [-Wimplicit-function-declaration]
   48 |       if (abs(l_error)>2){ //more than 2 degree difference
      |           ^~~
../Core/Src/motor.c:12:1: note: include '<stdlib.h>' or provide a declaration of 'abs'
   11 | #include <motor.h>
  +++ |+#include <stdlib.h>
   12 | 
../Core/Src/motor.c: In function 'motor_get_drive':
../Core/Src/motor.c:221:5: warning: implicit declaration of function 'move_straight' [-Wimplicit-function-declaration]
  221 |     move_straight(dir);
      |     ^~~~~~~~~~~~~
../Core/Src/motor.c: In function 'forward':
../Core/Src/motor.c:259:27: warning: pointer targets in passing argument 3 of 'print_OLED' differ in signedness [-Wpointer-sign]
  259 |         print_OLED(0, 45, "%u", true, 65535 - encoder_cnt);
      |                           ^~~~
      |                           |
      |                           char *
In file included from ../Core/Inc/servo.h:15,
                 from ../Core/Inc/motor.h:15,
                 from ../Core/Src/motor.c:11:
../Core/Inc/helper.h:30:40: note: expected 'uint8_t *' {aka 'unsigned char *'} but argument is of type 'char *'
   30 | void print_OLED(int x, int y, uint8_t* msg, bool var_exist, int32_t val);
      |                               ~~~~~~~~~^~~
../Core/Src/motor.c:236:14: warning: unused variable 'target_pulses' [-Wunused-variable]
  236 |     uint32_t target_pulses = (uint32_t)(distance * pulses_per_cm);
      |              ^~~~~~~~~~~~~
../Core/Src/motor.c: In function 'forward_pid':
../Core/Src/motor.c:302:5: warning: implicit declaration of function 'sprintf' [-Wimplicit-function-declaration]
  302 |     sprintf(buf, "target_pulse: %u", target_pulses);
      |     ^~~~~~~
../Core/Src/motor.c:12:1: note: include '<stdio.h>' or provide a declaration of 'sprintf'
   11 | #include <motor.h>
  +++ |+#include <stdio.h>
   12 | 
../Core/Src/motor.c:302:5: warning: incompatible implicit declaration of built-in function 'sprintf' [-Wbuiltin-declaration-mismatch]
  302 |     sprintf(buf, "target_pulse: %u", target_pulses);
      |     ^~~~~~~
../Core/Src/motor.c:302:5: note: include '<stdio.h>' or provide a declaration of 'sprintf'
../Core/Src/motor.c:302:13: warning: pointer targets in passing argument 1 of 'sprintf' differ in signedness [-Wpointer-sign]
  302 |     sprintf(buf, "target_pulse: %u", target_pulses);
      |             ^~~
      |             |
      |             uint8_t * {aka unsigned char *}
../Core/Src/motor.c:302:13: note: expected 'char *' but argument is of type 'uint8_t *' {aka 'unsigned char *'}
../Core/Src/motor.c:302:34: warning: format '%u' expects argument of type 'unsigned int', but argument 3 has type 'uint32_t' {aka 'long unsigned int'} [-Wformat=]
  302 |     sprintf(buf, "target_pulse: %u", target_pulses);
      |                                 ~^   ~~~~~~~~~~~~~
      |                                  |   |
      |                                  |   uint32_t {aka long unsigned int}
      |                                  unsigned int
      |                                 %lu
../Core/Src/motor.c:316:22: warning: pointer targets in passing argument 3 of 'print_OLED' differ in signedness [-Wpointer-sign]
  316 |     print_OLED(0, 0, "ta: %ld", true, target_angle);
      |                      ^~~~~~~~~
      |                      |
      |                      char *
../Core/Inc/helper.h:30:40: note: expected 'uint8_t *' {aka 'unsigned char *'} but argument is of type 'char *'
   30 | void print_OLED(int x, int y, uint8_t* msg, bool var_exist, int32_t val);
      |                               ~~~~~~~~~^~~
../Core/Src/motor.c:379:27: warning: pointer targets in passing argument 3 of 'print_OLED' differ in signedness [-Wpointer-sign]
  379 |         print_OLED(0, 15, "l: %ld", true, l_angle);
      |                           ^~~~~~~~
      |                           |
      |                           char *
../Core/Inc/helper.h:30:40: note: expected 'uint8_t *' {aka 'unsigned char *'} but argument is of type 'char *'
   30 | void print_OLED(int x, int y, uint8_t* msg, bool var_exist, int32_t val);
      |                               ~~~~~~~~~^~~
../Core/Src/motor.c:380:27: warning: pointer targets in passing argument 3 of 'print_OLED' differ in signedness [-Wpointer-sign]
  380 |         print_OLED(0, 30, "r: %ld", true, r_angle);
      |                           ^~~~~~~~
      |                           |
      |                           char *
../Core/Inc/helper.h:30:40: note: expected 'uint8_t *' {aka 'unsigned char *'} but argument is of type 'char *'
   30 | void print_OLED(int x, int y, uint8_t* msg, bool var_exist, int32_t val);
      |                               ~~~~~~~~~^~~
../Core/Src/motor.c: In function 'backward':
../Core/Src/motor.c:409:5: warning: incompatible implicit declaration of built-in function 'sprintf' [-Wbuiltin-declaration-mismatch]
  409 |     sprintf(buf, "target_pulse: %u", target_pulses);
      |     ^~~~~~~
../Core/Src/motor.c:409:5: note: include '<stdio.h>' or provide a declaration of 'sprintf'
../Core/Src/motor.c:409:13: warning: pointer targets in passing argument 1 of 'sprintf' differ in signedness [-Wpointer-sign]
  409 |     sprintf(buf, "target_pulse: %u", target_pulses);
      |             ^~~
      |             |
      |             uint8_t * {aka unsigned char *}
../Core/Src/motor.c:409:13: note: expected 'char *' but argument is of type 'uint8_t *' {aka 'unsigned char *'}
../Core/Src/motor.c:409:34: warning: format '%u' expects argument of type 'unsigned int', but argument 3 has type 'uint32_t' {aka 'long unsigned int'} [-Wformat=]
  409 |     sprintf(buf, "target_pulse: %u", target_pulses);
      |                                 ~^   ~~~~~~~~~~~~~
      |                                  |   |
      |                                  |   uint32_t {aka long unsigned int}
      |                                  unsigned int
      |                                 %lu
../Core/Src/motor.c:422:27: warning: pointer targets in passing argument 3 of 'OLED_ShowString' differ in signedness [-Wpointer-sign]
  422 |     OLED_ShowString(0, 0, "encoder_cnt: ");
      |                           ^~~~~~~~~~~~~~~
      |                           |
      |                           char *
In file included from ../Core/Inc/motor.h:14:
../Core/Inc/oled.h:44:59: note: expected 'const uint8_t *' {aka 'const unsigned char *'} but argument is of type 'char *'
   44 | void OLED_ShowString(uint8_t x, uint8_t y, const uint8_t *p);
      |                                            ~~~~~~~~~~~~~~~^
../Core/Src/motor.c:428:17: warning: pointer targets in passing argument 1 of 'sprintf' differ in signedness [-Wpointer-sign]
  428 |         sprintf(buf, "%u", encoder_cnt);
      |                 ^~~
      |                 |
      |                 uint8_t * {aka unsigned char *}
../Core/Src/motor.c:428:17: note: expected 'char *' but argument is of type 'uint8_t *' {aka 'unsigned char *'}
../Core/Src/motor.c:428:24: warning: format '%u' expects argument of type 'unsigned int', but argument 3 has type 'uint32_t' {aka 'long unsigned int'} [-Wformat=]
  428 |         sprintf(buf, "%u", encoder_cnt);
      |                       ~^   ~~~~~~~~~~~
      |                        |   |
      |                        |   uint32_t {aka long unsigned int}
      |                        unsigned int
      |                       %lu
../Core/Src/motor.c: In function 'forward_right':
../Core/Src/motor.c:461:27: warning: pointer targets in passing argument 3 of 'OLED_ShowString' differ in signedness [-Wpointer-sign]
  461 |     OLED_ShowString(0, 0, "encoder_cnt: ");
      |                           ^~~~~~~~~~~~~~~
      |                           |
      |                           char *
../Core/Inc/oled.h:44:59: note: expected 'const uint8_t *' {aka 'const unsigned char *'} but argument is of type 'char *'
   44 | void OLED_ShowString(uint8_t x, uint8_t y, const uint8_t *p);
      |                                            ~~~~~~~~~~~~~~~^
../Core/Src/motor.c:467:9: warning: incompatible implicit declaration of built-in function 'sprintf' [-Wbuiltin-declaration-mismatch]
  467 |         sprintf(buf, "%u", encoder_cnt);  // Format encoder count for display
      |         ^~~~~~~
../Core/Src/motor.c:467:9: note: include '<stdio.h>' or provide a declaration of 'sprintf'
../Core/Src/motor.c:467:17: warning: pointer targets in passing argument 1 of 'sprintf' differ in signedness [-Wpointer-sign]
  467 |         sprintf(buf, "%u", encoder_cnt);  // Format encoder count for display
      |                 ^~~
      |                 |
      |                 uint8_t * {aka unsigned char *}
../Core/Src/motor.c:467:17: note: expected 'char *' but argument is of type 'uint8_t *' {aka 'unsigned char *'}
../Core/Src/motor.c:467:24: warning: format '%u' expects argument of type 'unsigned int', but argument 3 has type 'uint32_t' {aka 'long unsigned int'} [-Wformat=]
  467 |         sprintf(buf, "%u", encoder_cnt);  // Format encoder count for display
      |                       ~^   ~~~~~~~~~~~
      |                        |   |
      |                        |   uint32_t {aka long unsigned int}
      |                        unsigned int
      |                       %lu
../Core/Src/motor.c:477:5: error: 'has_run' undeclared (first use in this function)
  477 |     has_run = false;
      |     ^~~~~~~
../Core/Src/motor.c:477:5: note: each undeclared identifier is reported only once for each function it appears in
../Core/Src/motor.c: In function 'forward_left':
../Core/Src/motor.c:501:27: warning: pointer targets in passing argument 3 of 'OLED_ShowString' differ in signedness [-Wpointer-sign]
  501 |     OLED_ShowString(0, 0, "encoder_cnt: ");
      |                           ^~~~~~~~~~~~~~~
      |                           |
      |                           char *
../Core/Inc/oled.h:44:59: note: expected 'const uint8_t *' {aka 'const unsigned char *'} but argument is of type 'char *'
   44 | void OLED_ShowString(uint8_t x, uint8_t y, const uint8_t *p);
      |                                            ~~~~~~~~~~~~~~~^
../Core/Src/motor.c:506:9: warning: incompatible implicit declaration of built-in function 'sprintf' [-Wbuiltin-declaration-mismatch]
  506 |         sprintf(buf, "%u", encoder_cnt);  // Format encoder count for display
      |         ^~~~~~~
../Core/Src/motor.c:506:9: note: include '<stdio.h>' or provide a declaration of 'sprintf'
../Core/Src/motor.c:506:17: warning: pointer targets in passing argument 1 of 'sprintf' differ in signedness [-Wpointer-sign]
  506 |         sprintf(buf, "%u", encoder_cnt);  // Format encoder count for display
      |                 ^~~
      |                 |
      |                 uint8_t * {aka unsigned char *}
../Core/Src/motor.c:506:17: note: expected 'char *' but argument is of type 'uint8_t *' {aka 'unsigned char *'}
../Core/Src/motor.c:506:24: warning: format '%u' expects argument of type 'unsigned int', but argument 3 has type 'uint32_t' {aka 'long unsigned int'} [-Wformat=]
  506 |         sprintf(buf, "%u", encoder_cnt);  // Format encoder count for display
      |                       ~^   ~~~~~~~~~~~
      |                        |   |
      |                        |   uint32_t {aka long unsigned int}
      |                        unsigned int
      |                       %lu
../Core/Src/motor.c: In function 'PID_Control_left':
../Core/Src/motor.c:78:1: warning: control reaches end of non-void function [-Wreturn-type]
   78 | }
      | ^
../Core/Src/motor.c: In function 'PID_Control_right':
../Core/Src/motor.c:112:1: warning: control reaches end of non-void function [-Wreturn-type]
  112 | }
      | ^
make: *** [Core/Src/subdir.mk:55: Core/Src/motor.o] Error 1
"make -j8 all" terminated with exit code 2. Build might be incomplete.
23:38:41 **** Incremental Build of configuration Debug for project MDP_STM32 ****
make -j8 all 
arm-none-eabi-gcc "../Core/Src/motor.c" -mcpu=cortex-m4 -std=gnu11 -g3 -DDEBUG -DUSE_HAL_DRIVER -DSTM32F407xx -c -I../Core/Inc -I../Drivers/STM32F4xx_HAL_Driver/Inc -I../Drivers/STM32F4xx_HAL_Driver/Inc/Legacy -I../Drivers/CMSIS/Device/ST/STM32F4xx/Include -I../Drivers/CMSIS/Include -O0 -ffunction-sections -fdata-sections -Wall -u _printf_float -fstack-usage -fcyclomatic-complexity -MMD -MP -MF"Core/Src/motor.d" -MT"Core/Src/motor.o" --specs=nano.specs -mfpu=fpv4-sp-d16 -mfloat-abi=hard -mthumb -o "Core/Src/motor.o"
../Core/Src/motor.c: In function 'PID_Control_left':
../Core/Src/motor.c:48:11: warning: implicit declaration of function 'abs' [-Wimplicit-function-declaration]
   48 |       if (abs(l_error)>2){ //more than 2 degree difference
      |           ^~~
../Core/Src/motor.c:12:1: note: include '<stdlib.h>' or provide a declaration of 'abs'
   11 | #include <motor.h>
  +++ |+#include <stdlib.h>
   12 | 
../Core/Src/motor.c: In function 'motor_get_drive':
../Core/Src/motor.c:221:5: warning: implicit declaration of function 'move_straight' [-Wimplicit-function-declaration]
  221 |     move_straight(dir);
      |     ^~~~~~~~~~~~~
../Core/Src/motor.c: In function 'forward':
../Core/Src/motor.c:259:27: warning: pointer targets in passing argument 3 of 'print_OLED' differ in signedness [-Wpointer-sign]
  259 |         print_OLED(0, 45, "%u", true, 65535 - encoder_cnt);
      |                           ^~~~
      |                           |
      |                           char *
In file included from ../Core/Inc/servo.h:15,
                 from ../Core/Inc/motor.h:15,
                 from ../Core/Src/motor.c:11:
../Core/Inc/helper.h:30:40: note: expected 'uint8_t *' {aka 'unsigned char *'} but argument is of type 'char *'
   30 | void print_OLED(int x, int y, uint8_t* msg, bool var_exist, int32_t val);
      |                               ~~~~~~~~~^~~
../Core/Src/motor.c:236:14: warning: unused variable 'target_pulses' [-Wunused-variable]
  236 |     uint32_t target_pulses = (uint32_t)(distance * pulses_per_cm);
      |              ^~~~~~~~~~~~~
../Core/Src/motor.c: In function 'forward_pid':
../Core/Src/motor.c:302:5: warning: implicit declaration of function 'sprintf' [-Wimplicit-function-declaration]
  302 |     sprintf(buf, "target_pulse: %u", target_pulses);
      |     ^~~~~~~
../Core/Src/motor.c:12:1: note: include '<stdio.h>' or provide a declaration of 'sprintf'
   11 | #include <motor.h>
  +++ |+#include <stdio.h>
   12 | 
../Core/Src/motor.c:302:5: warning: incompatible implicit declaration of built-in function 'sprintf' [-Wbuiltin-declaration-mismatch]
  302 |     sprintf(buf, "target_pulse: %u", target_pulses);
      |     ^~~~~~~
../Core/Src/motor.c:302:5: note: include '<stdio.h>' or provide a declaration of 'sprintf'
../Core/Src/motor.c:302:13: warning: pointer targets in passing argument 1 of 'sprintf' differ in signedness [-Wpointer-sign]
  302 |     sprintf(buf, "target_pulse: %u", target_pulses);
      |             ^~~
      |             |
      |             uint8_t * {aka unsigned char *}
../Core/Src/motor.c:302:13: note: expected 'char *' but argument is of type 'uint8_t *' {aka 'unsigned char *'}
../Core/Src/motor.c:302:34: warning: format '%u' expects argument of type 'unsigned int', but argument 3 has type 'uint32_t' {aka 'long unsigned int'} [-Wformat=]
  302 |     sprintf(buf, "target_pulse: %u", target_pulses);
      |                                 ~^   ~~~~~~~~~~~~~
      |                                  |   |
      |                                  |   uint32_t {aka long unsigned int}
      |                                  unsigned int
      |                                 %lu
../Core/Src/motor.c:316:22: warning: pointer targets in passing argument 3 of 'print_OLED' differ in signedness [-Wpointer-sign]
  316 |     print_OLED(0, 0, "ta: %ld", true, target_angle);
      |                      ^~~~~~~~~
      |                      |
      |                      char *
../Core/Inc/helper.h:30:40: note: expected 'uint8_t *' {aka 'unsigned char *'} but argument is of type 'char *'
   30 | void print_OLED(int x, int y, uint8_t* msg, bool var_exist, int32_t val);
      |                               ~~~~~~~~~^~~
../Core/Src/motor.c:379:27: warning: pointer targets in passing argument 3 of 'print_OLED' differ in signedness [-Wpointer-sign]
  379 |         print_OLED(0, 15, "l: %ld", true, l_angle);
      |                           ^~~~~~~~
      |                           |
      |                           char *
../Core/Inc/helper.h:30:40: note: expected 'uint8_t *' {aka 'unsigned char *'} but argument is of type 'char *'
   30 | void print_OLED(int x, int y, uint8_t* msg, bool var_exist, int32_t val);
      |                               ~~~~~~~~~^~~
../Core/Src/motor.c:380:27: warning: pointer targets in passing argument 3 of 'print_OLED' differ in signedness [-Wpointer-sign]
  380 |         print_OLED(0, 30, "r: %ld", true, r_angle);
      |                           ^~~~~~~~
      |                           |
      |                           char *
../Core/Inc/helper.h:30:40: note: expected 'uint8_t *' {aka 'unsigned char *'} but argument is of type 'char *'
   30 | void print_OLED(int x, int y, uint8_t* msg, bool var_exist, int32_t val);
      |                               ~~~~~~~~~^~~
../Core/Src/motor.c: In function 'backward':
../Core/Src/motor.c:409:5: warning: incompatible implicit declaration of built-in function 'sprintf' [-Wbuiltin-declaration-mismatch]
  409 |     sprintf(buf, "target_pulse: %u", target_pulses);
      |     ^~~~~~~
../Core/Src/motor.c:409:5: note: include '<stdio.h>' or provide a declaration of 'sprintf'
../Core/Src/motor.c:409:13: warning: pointer targets in passing argument 1 of 'sprintf' differ in signedness [-Wpointer-sign]
  409 |     sprintf(buf, "target_pulse: %u", target_pulses);
      |             ^~~
      |             |
      |             uint8_t * {aka unsigned char *}
../Core/Src/motor.c:409:13: note: expected 'char *' but argument is of type 'uint8_t *' {aka 'unsigned char *'}
../Core/Src/motor.c:409:34: warning: format '%u' expects argument of type 'unsigned int', but argument 3 has type 'uint32_t' {aka 'long unsigned int'} [-Wformat=]
  409 |     sprintf(buf, "target_pulse: %u", target_pulses);
      |                                 ~^   ~~~~~~~~~~~~~
      |                                  |   |
      |                                  |   uint32_t {aka long unsigned int}
      |                                  unsigned int
      |                                 %lu
../Core/Src/motor.c:422:27: warning: pointer targets in passing argument 3 of 'OLED_ShowString' differ in signedness [-Wpointer-sign]
  422 |     OLED_ShowString(0, 0, "encoder_cnt: ");
      |                           ^~~~~~~~~~~~~~~
      |                           |
      |                           char *
In file included from ../Core/Inc/motor.h:14:
../Core/Inc/oled.h:44:59: note: expected 'const uint8_t *' {aka 'const unsigned char *'} but argument is of type 'char *'
   44 | void OLED_ShowString(uint8_t x, uint8_t y, const uint8_t *p);
      |                                            ~~~~~~~~~~~~~~~^
../Core/Src/motor.c:428:17: warning: pointer targets in passing argument 1 of 'sprintf' differ in signedness [-Wpointer-sign]
  428 |         sprintf(buf, "%u", encoder_cnt);
      |                 ^~~
      |                 |
      |                 uint8_t * {aka unsigned char *}
../Core/Src/motor.c:428:17: note: expected 'char *' but argument is of type 'uint8_t *' {aka 'unsigned char *'}
../Core/Src/motor.c:428:24: warning: format '%u' expects argument of type 'unsigned int', but argument 3 has type 'uint32_t' {aka 'long unsigned int'} [-Wformat=]
  428 |         sprintf(buf, "%u", encoder_cnt);
      |                       ~^   ~~~~~~~~~~~
      |                        |   |
      |                        |   uint32_t {aka long unsigned int}
      |                        unsigned int
      |                       %lu
../Core/Src/motor.c: In function 'forward_right':
../Core/Src/motor.c:461:27: warning: pointer targets in passing argument 3 of 'OLED_ShowString' differ in signedness [-Wpointer-sign]
  461 |     OLED_ShowString(0, 0, "encoder_cnt: ");
      |                           ^~~~~~~~~~~~~~~
      |                           |
      |                           char *
../Core/Inc/oled.h:44:59: note: expected 'const uint8_t *' {aka 'const unsigned char *'} but argument is of type 'char *'
   44 | void OLED_ShowString(uint8_t x, uint8_t y, const uint8_t *p);
      |                                            ~~~~~~~~~~~~~~~^
../Core/Src/motor.c:467:9: warning: incompatible implicit declaration of built-in function 'sprintf' [-Wbuiltin-declaration-mismatch]
  467 |         sprintf(buf, "%u", encoder_cnt);  // Format encoder count for display
      |         ^~~~~~~
../Core/Src/motor.c:467:9: note: include '<stdio.h>' or provide a declaration of 'sprintf'
../Core/Src/motor.c:467:17: warning: pointer targets in passing argument 1 of 'sprintf' differ in signedness [-Wpointer-sign]
  467 |         sprintf(buf, "%u", encoder_cnt);  // Format encoder count for display
      |                 ^~~
      |                 |
      |                 uint8_t * {aka unsigned char *}
../Core/Src/motor.c:467:17: note: expected 'char *' but argument is of type 'uint8_t *' {aka 'unsigned char *'}
../Core/Src/motor.c:467:24: warning: format '%u' expects argument of type 'unsigned int', but argument 3 has type 'uint32_t' {aka 'long unsigned int'} [-Wformat=]
  467 |         sprintf(buf, "%u", encoder_cnt);  // Format encoder count for display
      |                       ~^   ~~~~~~~~~~~
      |                        |   |
      |                        |   uint32_t {aka long unsigned int}
      |                        unsigned int
      |                       %lu
../Core/Src/motor.c: In function 'forward_left':
../Core/Src/motor.c:500:27: warning: pointer targets in passing argument 3 of 'OLED_ShowString' differ in signedness [-Wpointer-sign]
  500 |     OLED_ShowString(0, 0, "encoder_cnt: ");
      |                           ^~~~~~~~~~~~~~~
      |                           |
      |                           char *
../Core/Inc/oled.h:44:59: note: expected 'const uint8_t *' {aka 'const unsigned char *'} but argument is of type 'char *'
   44 | void OLED_ShowString(uint8_t x, uint8_t y, const uint8_t *p);
      |                                            ~~~~~~~~~~~~~~~^
../Core/Src/motor.c:505:9: warning: incompatible implicit declaration of built-in function 'sprintf' [-Wbuiltin-declaration-mismatch]
  505 |         sprintf(buf, "%u", encoder_cnt);  // Format encoder count for display
      |         ^~~~~~~
../Core/Src/motor.c:505:9: note: include '<stdio.h>' or provide a declaration of 'sprintf'
../Core/Src/motor.c:505:17: warning: pointer targets in passing argument 1 of 'sprintf' differ in signedness [-Wpointer-sign]
  505 |         sprintf(buf, "%u", encoder_cnt);  // Format encoder count for display
      |                 ^~~
      |                 |
      |                 uint8_t * {aka unsigned char *}
../Core/Src/motor.c:505:17: note: expected 'char *' but argument is of type 'uint8_t *' {aka 'unsigned char *'}
../Core/Src/motor.c:505:24: warning: format '%u' expects argument of type 'unsigned int', but argument 3 has type 'uint32_t' {aka 'long unsigned int'} [-Wformat=]
  505 |         sprintf(buf, "%u", encoder_cnt);  // Format encoder count for display
      |                       ~^   ~~~~~~~~~~~
      |                        |   |
      |                        |   uint32_t {aka long unsigned int}
      |                        unsigned int
      |                       %lu
../Core/Src/motor.c: In function 'PID_Control_left':
../Core/Src/motor.c:78:1: warning: control reaches end of non-void function [-Wreturn-type]
   78 | }
      | ^
../Core/Src/motor.c: In function 'PID_Control_right':
../Core/Src/motor.c:112:1: warning: control reaches end of non-void function [-Wreturn-type]
  112 | }
      | ^
arm-none-eabi-gcc -o "MDP_STM32.elf" @"objects.list"   -mcpu=cortex-m4 -T"D:\3. CE Timetable and Curriculum\7. AY2023-2024 Sem 1 (Year 4)\1. SC2079 - Multidisciplinary Design Project\4. Project\SC2079_GROUP13\Hardware_STM\MDP_STM32\STM32F407VETX_FLASH.ld" --specs=nosys.specs -Wl,-Map="MDP_STM32.map" -Wl,--gc-sections -static -u _printf_float --specs=nano.specs -mfpu=fpv4-sp-d16 -mfloat-abi=hard -mthumb -Wl,--start-group -lc -lm -Wl,--end-group
Finished building target: MDP_STM32.elf
 
arm-none-eabi-size  MDP_STM32.elf 
arm-none-eabi-objdump -h -S MDP_STM32.elf  > "MDP_STM32.list"
   text	   data	    bss	    dec	    hex	filename
  41704	    476	   4612	  46792	   b6c8	MDP_STM32.elf
Finished building: default.size.stdout
 
Finished building: MDP_STM32.list
 
23:38:43 **** Incremental Build of configuration Debug for project MDP_STM32 ****
make -j8 all 
arm-none-eabi-size  MDP_STM32.elf 
   text	   data	    bss	    dec	    hex	filename
  41704	    476	   4612	  46792	   b6c8	MDP_STM32.elf
Finished building: default.size.stdout
 
23:40:46 **** Incremental Build of configuration Debug for project MDP_STM32 ****
make -j8 all 
arm-none-eabi-size  MDP_STM32.elf 
   text	   data	    bss	    dec	    hex	filename
  41704	    476	   4612	  46792	   b6c8	MDP_STM32.elf
Finished building: default.size.stdout
 
23:40:48 **** Incremental Build of configuration Debug for project MDP_STM32 ****
make -j8 all 
arm-none-eabi-size  MDP_STM32.elf 
   text	   data	    bss	    dec	    hex	filename
  41704	    476	   4612	  46792	   b6c8	MDP_STM32.elf
Finished building: default.size.stdout
 
23:42:04 **** Incremental Build of configuration Debug for project MDP_STM32 ****
make -j8 all 
arm-none-eabi-gcc "../Core/Src/main.c" -mcpu=cortex-m4 -std=gnu11 -g3 -DDEBUG -DUSE_HAL_DRIVER -DSTM32F407xx -c -I../Core/Inc -I../Drivers/STM32F4xx_HAL_Driver/Inc -I../Drivers/STM32F4xx_HAL_Driver/Inc/Legacy -I../Drivers/CMSIS/Device/ST/STM32F4xx/Include -I../Drivers/CMSIS/Include -O0 -ffunction-sections -fdata-sections -Wall -u _printf_float -fstack-usage -fcyclomatic-complexity -MMD -MP -MF"Core/Src/main.d" -MT"Core/Src/main.o" --specs=nano.specs -mfpu=fpv4-sp-d16 -mfloat-abi=hard -mthumb -o "Core/Src/main.o"
arm-none-eabi-gcc "../Core/Src/motor.c" -mcpu=cortex-m4 -std=gnu11 -g3 -DDEBUG -DUSE_HAL_DRIVER -DSTM32F407xx -c -I../Core/Inc -I../Drivers/STM32F4xx_HAL_Driver/Inc -I../Drivers/STM32F4xx_HAL_Driver/Inc/Legacy -I../Drivers/CMSIS/Device/ST/STM32F4xx/Include -I../Drivers/CMSIS/Include -O0 -ffunction-sections -fdata-sections -Wall -u _printf_float -fstack-usage -fcyclomatic-complexity -MMD -MP -MF"Core/Src/motor.d" -MT"Core/Src/motor.o" --specs=nano.specs -mfpu=fpv4-sp-d16 -mfloat-abi=hard -mthumb -o "Core/Src/motor.o"
arm-none-eabi-gcc "../Core/Src/servo.c" -mcpu=cortex-m4 -std=gnu11 -g3 -DDEBUG -DUSE_HAL_DRIVER -DSTM32F407xx -c -I../Core/Inc -I../Drivers/STM32F4xx_HAL_Driver/Inc -I../Drivers/STM32F4xx_HAL_Driver/Inc/Legacy -I../Drivers/CMSIS/Device/ST/STM32F4xx/Include -I../Drivers/CMSIS/Include -O0 -ffunction-sections -fdata-sections -Wall -u _printf_float -fstack-usage -fcyclomatic-complexity -MMD -MP -MF"Core/Src/servo.d" -MT"Core/Src/servo.o" --specs=nano.specs -mfpu=fpv4-sp-d16 -mfloat-abi=hard -mthumb -o "Core/Src/servo.o"
arm-none-eabi-gcc "../Core/Src/test.c" -mcpu=cortex-m4 -std=gnu11 -g3 -DDEBUG -DUSE_HAL_DRIVER -DSTM32F407xx -c -I../Core/Inc -I../Drivers/STM32F4xx_HAL_Driver/Inc -I../Drivers/STM32F4xx_HAL_Driver/Inc/Legacy -I../Drivers/CMSIS/Device/ST/STM32F4xx/Include -I../Drivers/CMSIS/Include -O0 -ffunction-sections -fdata-sections -Wall -u _printf_float -fstack-usage -fcyclomatic-complexity -MMD -MP -MF"Core/Src/test.d" -MT"Core/Src/test.o" --specs=nano.specs -mfpu=fpv4-sp-d16 -mfloat-abi=hard -mthumb -o "Core/Src/test.o"
../Core/Src/motor.c: In function 'PID_Control_left':
../Core/Src/motor.c:48:11: warning: implicit declaration of function 'abs' [-Wimplicit-function-declaration]
   48 |       if (abs(l_error)>2){ //more than 2 degree difference
      |           ^~~
../Core/Src/motor.c:12:1: note: include '<stdlib.h>' or provide a declaration of 'abs'
   11 | #include <motor.h>
  +++ |+#include <stdlib.h>
   12 | 
../Core/Src/main.c: In function 'main':
../Core/Src/main.c:214:25: warning: pointer targets in passing argument 3 of 'OLED_ShowString' differ in signedness [-Wpointer-sign]
  214 |   OLED_ShowString(0, 0, "Press USER btn");
      |                         ^~~~~~~~~~~~~~~~
      |                         |
      |                         char *
In file included from ../Core/Inc/motor.h:14,
                 from ../Core/Src/main.c:20:
../Core/Inc/oled.h:44:59: note: expected 'const uint8_t *' {aka 'const unsigned char *'} but argument is of type 'char *'
   44 | void OLED_ShowString(uint8_t x, uint8_t y, const uint8_t *p);
      |                                            ~~~~~~~~~~~~~~~^
../Core/Src/main.c:215:26: warning: pointer targets in passing argument 3 of 'OLED_ShowString' differ in signedness [-Wpointer-sign]
  215 |   OLED_ShowString(0, 15, "to continue");
      |                          ^~~~~~~~~~~~~
      |                          |
      |                          char *
../Core/Inc/oled.h:44:59: note: expected 'const uint8_t *' {aka 'const unsigned char *'} but argument is of type 'char *'
   44 | void OLED_ShowString(uint8_t x, uint8_t y, const uint8_t *p);
      |                                            ~~~~~~~~~~~~~~~^
../Core/Src/motor.c: In function 'motor_get_drive':
../Core/Src/motor.c:221:5: warning: implicit declaration of function 'move_straight' [-Wimplicit-function-declaration]
  221 |     move_straight(dir);
      |     ^~~~~~~~~~~~~
../Core/Src/motor.c: In function 'forward':
../Core/Src/motor.c:259:27: warning: pointer targets in passing argument 3 of 'print_OLED' differ in signedness [-Wpointer-sign]
  259 |         print_OLED(0, 45, "%u", true, 65535 - encoder_cnt);
      |                           ^~~~
      |                           |
      |                           char *
In file included from ../Core/Inc/servo.h:15,
                 from ../Core/Inc/motor.h:15,
                 from ../Core/Src/motor.c:11:
../Core/Inc/helper.h:30:40: note: expected 'uint8_t *' {aka 'unsigned char *'} but argument is of type 'char *'
   30 | void print_OLED(int x, int y, uint8_t* msg, bool var_exist, int32_t val);
      |                               ~~~~~~~~~^~~
../Core/Src/motor.c:236:14: warning: unused variable 'target_pulses' [-Wunused-variable]
  236 |     uint32_t target_pulses = (uint32_t)(distance * pulses_per_cm);
      |              ^~~~~~~~~~~~~
../Core/Src/motor.c: In function 'forward_pid':
../Core/Src/motor.c:302:5: warning: implicit declaration of function 'sprintf' [-Wimplicit-function-declaration]
  302 |     sprintf(buf, "target_pulse: %u", target_pulses);
      |     ^~~~~~~
../Core/Src/motor.c:12:1: note: include '<stdio.h>' or provide a declaration of 'sprintf'
   11 | #include <motor.h>
  +++ |+#include <stdio.h>
   12 | 
../Core/Src/motor.c:302:5: warning: incompatible implicit declaration of built-in function 'sprintf' [-Wbuiltin-declaration-mismatch]
  302 |     sprintf(buf, "target_pulse: %u", target_pulses);
      |     ^~~~~~~
../Core/Src/motor.c:302:5: note: include '<stdio.h>' or provide a declaration of 'sprintf'
../Core/Src/motor.c:302:13: warning: pointer targets in passing argument 1 of 'sprintf' differ in signedness [-Wpointer-sign]
  302 |     sprintf(buf, "target_pulse: %u", target_pulses);
      |             ^~~
      |             |
      |             uint8_t * {aka unsigned char *}
../Core/Src/motor.c:302:13: note: expected 'char *' but argument is of type 'uint8_t *' {aka 'unsigned char *'}
../Core/Src/motor.c:302:34: warning: format '%u' expects argument of type 'unsigned int', but argument 3 has type 'uint32_t' {aka 'long unsigned int'} [-Wformat=]
  302 |     sprintf(buf, "target_pulse: %u", target_pulses);
      |                                 ~^   ~~~~~~~~~~~~~
      |                                  |   |
      |                                  |   uint32_t {aka long unsigned int}
      |                                  unsigned int
      |                                 %lu
../Core/Src/motor.c:316:22: warning: pointer targets in passing argument 3 of 'print_OLED' differ in signedness [-Wpointer-sign]
  316 |     print_OLED(0, 0, "ta: %ld", true, target_angle);
      |                      ^~~~~~~~~
      |                      |
      |                      char *
../Core/Inc/helper.h:30:40: note: expected 'uint8_t *' {aka 'unsigned char *'} but argument is of type 'char *'
   30 | void print_OLED(int x, int y, uint8_t* msg, bool var_exist, int32_t val);
      |                               ~~~~~~~~~^~~
../Core/Src/motor.c:379:27: warning: pointer targets in passing argument 3 of 'print_OLED' differ in signedness [-Wpointer-sign]
  379 |         print_OLED(0, 15, "l: %ld", true, l_angle);
      |                           ^~~~~~~~
      |                           |
      |                           char *
../Core/Inc/helper.h:30:40: note: expected 'uint8_t *' {aka 'unsigned char *'} but argument is of type 'char *'
   30 | void print_OLED(int x, int y, uint8_t* msg, bool var_exist, int32_t val);
      |                               ~~~~~~~~~^~~
../Core/Src/motor.c:380:27: warning: pointer targets in passing argument 3 of 'print_OLED' differ in signedness [-Wpointer-sign]
  380 |         print_OLED(0, 30, "r: %ld", true, r_angle);
      |                           ^~~~~~~~
      |                           |
      |                           char *
../Core/Inc/helper.h:30:40: note: expected 'uint8_t *' {aka 'unsigned char *'} but argument is of type 'char *'
   30 | void print_OLED(int x, int y, uint8_t* msg, bool var_exist, int32_t val);
      |                               ~~~~~~~~~^~~
../Core/Src/motor.c: In function 'backward':
../Core/Src/motor.c:409:5: warning: incompatible implicit declaration of built-in function 'sprintf' [-Wbuiltin-declaration-mismatch]
  409 |     sprintf(buf, "target_pulse: %u", target_pulses);
      |     ^~~~~~~
../Core/Src/motor.c:409:5: note: include '<stdio.h>' or provide a declaration of 'sprintf'
../Core/Src/motor.c:409:13: warning: pointer targets in passing argument 1 of 'sprintf' differ in signedness [-Wpointer-sign]
  409 |     sprintf(buf, "target_pulse: %u", target_pulses);
      |             ^~~
      |             |
      |             uint8_t * {aka unsigned char *}
../Core/Src/motor.c:409:13: note: expected 'char *' but argument is of type 'uint8_t *' {aka 'unsigned char *'}
../Core/Src/motor.c:409:34: warning: format '%u' expects argument of type 'unsigned int', but argument 3 has type 'uint32_t' {aka 'long unsigned int'} [-Wformat=]
  409 |     sprintf(buf, "target_pulse: %u", target_pulses);
      |                                 ~^   ~~~~~~~~~~~~~
      |                                  |   |
      |                                  |   uint32_t {aka long unsigned int}
      |                                  unsigned int
      |                                 %lu
../Core/Src/motor.c:422:27: warning: pointer targets in passing argument 3 of 'OLED_ShowString' differ in signedness [-Wpointer-sign]
  422 |     OLED_ShowString(0, 0, "encoder_cnt: ");
      |                           ^~~~~~~~~~~~~~~
      |                           |
      |                           char *
In file included from ../Core/Inc/motor.h:14:
../Core/Inc/oled.h:44:59: note: expected 'const uint8_t *' {aka 'const unsigned char *'} but argument is of type 'char *'
   44 | void OLED_ShowString(uint8_t x, uint8_t y, const uint8_t *p);
      |                                            ~~~~~~~~~~~~~~~^
../Core/Src/motor.c:428:17: warning: pointer targets in passing argument 1 of 'sprintf' differ in signedness [-Wpointer-sign]
  428 |         sprintf(buf, "%u", encoder_cnt);
      |                 ^~~
      |                 |
      |                 uint8_t * {aka unsigned char *}
../Core/Src/motor.c:428:17: note: expected 'char *' but argument is of type 'uint8_t *' {aka 'unsigned char *'}
../Core/Src/motor.c:428:24: warning: format '%u' expects argument of type 'unsigned int', but argument 3 has type 'uint32_t' {aka 'long unsigned int'} [-Wformat=]
  428 |         sprintf(buf, "%u", encoder_cnt);
      |                       ~^   ~~~~~~~~~~~
      |                        |   |
      |                        |   uint32_t {aka long unsigned int}
      |                        unsigned int
      |                       %lu
../Core/Src/motor.c: In function 'forward_right':
../Core/Src/motor.c:461:27: warning: pointer targets in passing argument 3 of 'OLED_ShowString' differ in signedness [-Wpointer-sign]
  461 |     OLED_ShowString(0, 0, "encoder_cnt: ");
      |                           ^~~~~~~~~~~~~~~
      |                           |
      |                           char *
../Core/Inc/oled.h:44:59: note: expected 'const uint8_t *' {aka 'const unsigned char *'} but argument is of type 'char *'
   44 | void OLED_ShowString(uint8_t x, uint8_t y, const uint8_t *p);
      |                                            ~~~~~~~~~~~~~~~^
../Core/Src/motor.c:467:9: warning: incompatible implicit declaration of built-in function 'sprintf' [-Wbuiltin-declaration-mismatch]
  467 |         sprintf(buf, "%u", encoder_cnt);  // Format encoder count for display
      |         ^~~~~~~
../Core/Src/motor.c:467:9: note: include '<stdio.h>' or provide a declaration of 'sprintf'
../Core/Src/motor.c:467:17: warning: pointer targets in passing argument 1 of 'sprintf' differ in signedness [-Wpointer-sign]
  467 |         sprintf(buf, "%u", encoder_cnt);  // Format encoder count for display
      |                 ^~~
      |                 |
      |                 uint8_t * {aka unsigned char *}
../Core/Src/motor.c:467:17: note: expected 'char *' but argument is of type 'uint8_t *' {aka 'unsigned char *'}
../Core/Src/motor.c:467:24: warning: format '%u' expects argument of type 'unsigned int', but argument 3 has type 'uint32_t' {aka 'long unsigned int'} [-Wformat=]
  467 |         sprintf(buf, "%u", encoder_cnt);  // Format encoder count for display
      |                       ~^   ~~~~~~~~~~~
      |                        |   |
      |                        |   uint32_t {aka long unsigned int}
      |                        unsigned int
      |                       %lu
../Core/Src/motor.c: In function 'forward_left':
../Core/Src/motor.c:500:27: warning: pointer targets in passing argument 3 of 'OLED_ShowString' differ in signedness [-Wpointer-sign]
  500 |     OLED_ShowString(0, 0, "encoder_cnt: ");
      |                           ^~~~~~~~~~~~~~~
      |                           |
      |                           char *
../Core/Inc/oled.h:44:59: note: expected 'const uint8_t *' {aka 'const unsigned char *'} but argument is of type 'char *'
   44 | void OLED_ShowString(uint8_t x, uint8_t y, const uint8_t *p);
      |                                            ~~~~~~~~~~~~~~~^
../Core/Src/motor.c:505:9: warning: incompatible implicit declaration of built-in function 'sprintf' [-Wbuiltin-declaration-mismatch]
  505 |         sprintf(buf, "%u", encoder_cnt);  // Format encoder count for display
      |         ^~~~~~~
../Core/Src/motor.c:505:9: note: include '<stdio.h>' or provide a declaration of 'sprintf'
../Core/Src/motor.c:505:17: warning: pointer targets in passing argument 1 of 'sprintf' differ in signedness [-Wpointer-sign]
  505 |         sprintf(buf, "%u", encoder_cnt);  // Format encoder count for display
      |                 ^~~
      |                 |
      |                 uint8_t * {aka unsigned char *}
../Core/Src/motor.c:505:17: note: expected 'char *' but argument is of type 'uint8_t *' {aka 'unsigned char *'}
../Core/Src/motor.c:505:24: warning: format '%u' expects argument of type 'unsigned int', but argument 3 has type 'uint32_t' {aka 'long unsigned int'} [-Wformat=]
  505 |         sprintf(buf, "%u", encoder_cnt);  // Format encoder count for display
      |                       ~^   ~~~~~~~~~~~
      |                        |   |
      |                        |   uint32_t {aka long unsigned int}
      |                        unsigned int
      |                       %lu
../Core/Src/motor.c: In function 'PID_Control_left':
../Core/Src/motor.c:78:1: warning: control reaches end of non-void function [-Wreturn-type]
   78 | }
      | ^
../Core/Src/motor.c: In function 'PID_Control_right':
../Core/Src/motor.c:112:1: warning: control reaches end of non-void function [-Wreturn-type]
  112 | }
      | ^
../Core/Src/test.c: In function 'task_A1':
../Core/Src/test.c:15:17: warning: implicit declaration of function 'servo_set_val'; did you mean 'servo_set_dir'? [-Wimplicit-function-declaration]
   15 |                 servo_set_val(LEFT);
      |                 ^~~~~~~~~~~~~
      |                 servo_set_dir
../Core/Src/test.c:18:39: warning: pointer targets in passing argument 3 of 'OLED_ShowString' differ in signedness [-Wpointer-sign]
   18 |                 OLED_ShowString(0, 0, "Left");
      |                                       ^~~~~~
      |                                       |
      |                                       char *
In file included from ../Core/Inc/test.h:12,
                 from ../Core/Src/test.c:8:
../Core/Inc/oled.h:44:59: note: expected 'const uint8_t *' {aka 'const unsigned char *'} but argument is of type 'char *'
   44 | void OLED_ShowString(uint8_t x, uint8_t y, const uint8_t *p);
      |                                            ~~~~~~~~~~~~~~~^
../Core/Src/test.c:20:17: warning: implicit declaration of function 'motor_forward_left'; did you mean 'motor_forward'? [-Wimplicit-function-declaration]
   20 |                 motor_forward_left(90);
      |                 ^~~~~~~~~~~~~~~~~~
      |                 motor_forward
../Core/Src/test.c: In function 'task_A4_right':
../Core/Src/test.c:50:19: warning: implicit declaration of function 'motor_forward_right'; did you mean 'forward_right'? [-Wimplicit-function-declaration]
   50 |                   motor_forward_right(90);
      |                   ^~~~~~~~~~~~~~~~~~~
      |                   forward_right
../Core/Src/test.c: In function 'abhinav_task':
../Core/Src/test.c:64:17: warning: implicit declaration of function 'motor_backward_inf'; did you mean 'motor_backward'? [-Wimplicit-function-declaration]
   64 |                 motor_backward_inf();
      |                 ^~~~~~~~~~~~~~~~~~
      |                 motor_backward
../Core/Src/test.c: In function 'moving_task':
../Core/Src/test.c:84:39: warning: pointer targets in passing argument 3 of 'OLED_ShowString' differ in signedness [-Wpointer-sign]
   84 |                 OLED_ShowString(0, 0, "Forward");
      |                                       ^~~~~~~~~
      |                                       |
      |                                       char *
../Core/Inc/oled.h:44:59: note: expected 'const uint8_t *' {aka 'const unsigned char *'} but argument is of type 'char *'
   44 | void OLED_ShowString(uint8_t x, uint8_t y, const uint8_t *p);
      |                                            ~~~~~~~~~~~~~~~^
../Core/Src/test.c:91:39: warning: pointer targets in passing argument 3 of 'OLED_ShowString' differ in signedness [-Wpointer-sign]
   91 |                 OLED_ShowString(0, 0, "Backward");
      |                                       ^~~~~~~~~~
      |                                       |
      |                                       char *
../Core/Inc/oled.h:44:59: note: expected 'const uint8_t *' {aka 'const unsigned char *'} but argument is of type 'char *'
   44 | void OLED_ShowString(uint8_t x, uint8_t y, const uint8_t *p);
      |                                            ~~~~~~~~~~~~~~~^
../Core/Src/test.c:98:39: warning: pointer targets in passing argument 3 of 'OLED_ShowString' differ in signedness [-Wpointer-sign]
   98 |                 OLED_ShowString(0, 0, "Left");
      |                                       ^~~~~~
      |                                       |
      |                                       char *
../Core/Inc/oled.h:44:59: note: expected 'const uint8_t *' {aka 'const unsigned char *'} but argument is of type 'char *'
   44 | void OLED_ShowString(uint8_t x, uint8_t y, const uint8_t *p);
      |                                            ~~~~~~~~~~~~~~~^
../Core/Src/test.c:105:39: warning: pointer targets in passing argument 3 of 'OLED_ShowString' differ in signedness [-Wpointer-sign]
  105 |                 OLED_ShowString(0, 0, "Right");
      |                                       ^~~~~~~
      |                                       |
      |                                       char *
../Core/Inc/oled.h:44:59: note: expected 'const uint8_t *' {aka 'const unsigned char *'} but argument is of type 'char *'
   44 | void OLED_ShowString(uint8_t x, uint8_t y, const uint8_t *p);
      |                                            ~~~~~~~~~~~~~~~^
../Core/Src/test.c: In function 'ultrasonic_task':
../Core/Src/test.c:137:5: warning: implicit declaration of function 'HCSR04_Init' [-Wimplicit-function-declaration]
  137 |     HCSR04_Init();
      |     ^~~~~~~~~~~
../Core/Src/test.c:140:22: warning: pointer targets in passing argument 3 of 'print_OLED' differ in signedness [-Wpointer-sign]
  140 |     print_OLED(0, 0, "tc1:", false, 0);
      |                      ^~~~~~
      |                      |
      |                      char *
In file included from ../Core/Inc/test.h:13:
../Core/Inc/helper.h:30:40: note: expected 'uint8_t *' {aka 'unsigned char *'} but argument is of type 'char *'
   30 | void print_OLED(int x, int y, uint8_t* msg, bool var_exist, int32_t val);
      |                               ~~~~~~~~~^~~
../Core/Src/test.c:141:23: warning: pointer targets in passing argument 3 of 'print_OLED' differ in signedness [-Wpointer-sign]
  141 |     print_OLED(0, 15, "tc2:", false, 0);
      |                       ^~~~~~
      |                       |
      |                       char *
../Core/Inc/helper.h:30:40: note: expected 'uint8_t *' {aka 'unsigned char *'} but argument is of type 'char *'
   30 | void print_OLED(int x, int y, uint8_t* msg, bool var_exist, int32_t val);
      |                               ~~~~~~~~~^~~
../Core/Src/test.c:142:23: warning: pointer targets in passing argument 3 of 'print_OLED' differ in signedness [-Wpointer-sign]
  142 |     print_OLED(0, 30, "echo:", false, 0);
      |                       ^~~~~~~
      |                       |
      |                       char *
../Core/Inc/helper.h:30:40: note: expected 'uint8_t *' {aka 'unsigned char *'} but argument is of type 'char *'
   30 | void print_OLED(int x, int y, uint8_t* msg, bool var_exist, int32_t val);
      |                               ~~~~~~~~~^~~
../Core/Src/test.c:143:23: warning: pointer targets in passing argument 3 of 'print_OLED' differ in signedness [-Wpointer-sign]
  143 |     print_OLED(0, 45, "dist:", false, 0);
      |                       ^~~~~~~
      |                       |
      |                       char *
../Core/Inc/helper.h:30:40: note: expected 'uint8_t *' {aka 'unsigned char *'} but argument is of type 'char *'
   30 | void print_OLED(int x, int y, uint8_t* msg, bool var_exist, int32_t val);
      |                               ~~~~~~~~~^~~
../Core/Src/test.c:145:23: warning: pointer targets in passing argument 3 of 'print_OLED' differ in signedness [-Wpointer-sign]
  145 |     print_OLED(40, 0, "%u", true, tc1);
      |                       ^~~~
      |                       |
      |                       char *
../Core/Inc/helper.h:30:40: note: expected 'uint8_t *' {aka 'unsigned char *'} but argument is of type 'char *'
   30 | void print_OLED(int x, int y, uint8_t* msg, bool var_exist, int32_t val);
      |                               ~~~~~~~~~^~~
../Core/Src/test.c:146:24: warning: pointer targets in passing argument 3 of 'print_OLED' differ in signedness [-Wpointer-sign]
  146 |     print_OLED(40, 15, "%u", true, tc2);
      |                        ^~~~
      |                        |
      |                        char *
../Core/Inc/helper.h:30:40: note: expected 'uint8_t *' {aka 'unsigned char *'} but argument is of type 'char *'
   30 | void print_OLED(int x, int y, uint8_t* msg, bool var_exist, int32_t val);
      |                               ~~~~~~~~~^~~
../Core/Src/test.c:147:24: warning: pointer targets in passing argument 3 of 'print_OLED' differ in signedness [-Wpointer-sign]
  147 |     print_OLED(40, 30, "%u", true, echo);
      |                        ^~~~
      |                        |
      |                        char *
../Core/Inc/helper.h:30:40: note: expected 'uint8_t *' {aka 'unsigned char *'} but argument is of type 'char *'
   30 | void print_OLED(int x, int y, uint8_t* msg, bool var_exist, int32_t val);
      |                               ~~~~~~~~~^~~
../Core/Src/test.c:148:24: warning: pointer targets in passing argument 3 of 'print_OLED' differ in signedness [-Wpointer-sign]
  148 |     print_OLED(40, 45, "%u", true, dist);
      |                        ^~~~
      |                        |
      |                        char *
../Core/Inc/helper.h:30:40: note: expected 'uint8_t *' {aka 'unsigned char *'} but argument is of type 'char *'
   30 | void print_OLED(int x, int y, uint8_t* msg, bool var_exist, int32_t val);
      |                               ~~~~~~~~~^~~
../Core/Src/test.c: In function 'gyroscope_task':
../Core/Src/test.c:166:43: warning: pointer targets in passing argument 3 of 'print_OLED' differ in signedness [-Wpointer-sign]
  166 |                         print_OLED(50, 0, "%d", true, gyroZ);
      |                                           ^~~~
      |                                           |
      |                                           char *
../Core/Inc/helper.h:30:40: note: expected 'uint8_t *' {aka 'unsigned char *'} but argument is of type 'char *'
   30 | void print_OLED(int x, int y, uint8_t* msg, bool var_exist, int32_t val);
      |                               ~~~~~~~~~^~~
../Core/Src/test.c:167:44: warning: pointer targets in passing argument 3 of 'print_OLED' differ in signedness [-Wpointer-sign]
  167 |                         print_OLED(70, 15, "%d", true, gyro_angle);
      |                                            ^~~~
      |                                            |
      |                                            char *
../Core/Inc/helper.h:30:40: note: expected 'uint8_t *' {aka 'unsigned char *'} but argument is of type 'char *'
   30 | void print_OLED(int x, int y, uint8_t* msg, bool var_exist, int32_t val);
      |                               ~~~~~~~~~^~~
../Core/Src/test.c:168:56: warning: implicit declaration of function 'abs' [-Wimplicit-function-declaration]
  168 |                         print_OLED(50, 30, "%d", true, abs(gyro_angle - target));
      |                                                        ^~~
../Core/Src/test.c:9:1: note: include '<stdlib.h>' or provide a declaration of 'abs'
    8 | #include "test.h"
  +++ |+#include <stdlib.h>
    9 | 
../Core/Src/test.c:168:71: warning: 'abs' argument 1 type is 'long int' where 'int' is expected in a call to built-in function declared without prototype [-Wbuiltin-declaration-mismatch]
  168 |                         print_OLED(50, 30, "%d", true, abs(gyro_angle - target));
      |                                                            ~~~~~~~~~~~^~~~~~~~
<built-in>: note: built-in 'abs' declared here
../Core/Src/test.c:168:44: warning: pointer targets in passing argument 3 of 'print_OLED' differ in signedness [-Wpointer-sign]
  168 |                         print_OLED(50, 30, "%d", true, abs(gyro_angle - target));
      |                                            ^~~~
      |                                            |
      |                                            char *
../Core/Inc/helper.h:30:40: note: expected 'uint8_t *' {aka 'unsigned char *'} but argument is of type 'char *'
   30 | void print_OLED(int x, int y, uint8_t* msg, bool var_exist, int32_t val);
      |                               ~~~~~~~~~^~~
../Core/Src/test.c:170:51: warning: 'abs' argument 1 type is 'long int' where 'int' is expected in a call to built-in function declared without prototype [-Wbuiltin-declaration-mismatch]
  170 |                         if (abs((int)(gyro_angle) - target) < 1)
      |                                 ~~~~~~~~~~~~~~~~~~^~~~~~~~
<built-in>: note: built-in 'abs' declared here
../Core/Src/test.c:178:26: warning: pointer targets in passing argument 3 of 'print_OLED' differ in signedness [-Wpointer-sign]
  178 |         print_OLED(0, 0, "Done", false, 0);
      |                          ^~~~~~
      |                          |
      |                          char *
../Core/Inc/helper.h:30:40: note: expected 'uint8_t *' {aka 'unsigned char *'} but argument is of type 'char *'
   30 | void print_OLED(int x, int y, uint8_t* msg, bool var_exist, int32_t val);
      |                               ~~~~~~~~~^~~
../Core/Src/test.c: In function 'UART3_task':
../Core/Src/test.c:182:26: warning: pointer targets in passing argument 3 of 'print_OLED' differ in signedness [-Wpointer-sign]
  182 |         print_OLED(0, 0, "cmd_cnt: %u", true, cmd_cnt);
      |                          ^~~~~~~~~~~~~
      |                          |
      |                          char *
../Core/Inc/helper.h:30:40: note: expected 'uint8_t *' {aka 'unsigned char *'} but argument is of type 'char *'
   30 | void print_OLED(int x, int y, uint8_t* msg, bool var_exist, int32_t val);
      |                               ~~~~~~~~~^~~
../Core/Src/test.c: In function 'count_gyro_task':
../Core/Src/test.c:205:27: warning: pointer targets in passing argument 3 of 'print_OLED' differ in signedness [-Wpointer-sign]
  205 |         print_OLED(50, 0, "%d", true, gyroZ);
      |                           ^~~~
      |                           |
      |                           char *
../Core/Inc/helper.h:30:40: note: expected 'uint8_t *' {aka 'unsigned char *'} but argument is of type 'char *'
   30 | void print_OLED(int x, int y, uint8_t* msg, bool var_exist, int32_t val);
      |                               ~~~~~~~~~^~~
arm-none-eabi-gcc -o "MDP_STM32.elf" @"objects.list"   -mcpu=cortex-m4 -T"D:\3. CE Timetable and Curriculum\7. AY2023-2024 Sem 1 (Year 4)\1. SC2079 - Multidisciplinary Design Project\4. Project\SC2079_GROUP13\Hardware_STM\MDP_STM32\STM32F407VETX_FLASH.ld" --specs=nosys.specs -Wl,-Map="MDP_STM32.map" -Wl,--gc-sections -static -u _printf_float --specs=nano.specs -mfpu=fpv4-sp-d16 -mfloat-abi=hard -mthumb -Wl,--start-group -lc -lm -Wl,--end-group
Finished building target: MDP_STM32.elf
 
arm-none-eabi-size  MDP_STM32.elf 
arm-none-eabi-objdump -h -S MDP_STM32.elf  > "MDP_STM32.list"
   text	   data	    bss	    dec	    hex	filename
  41704	    476	   4612	  46792	   b6c8	MDP_STM32.elf
Finished building: default.size.stdout
 
Finished building: MDP_STM32.list
 
23:47:26 **** Incremental Build of configuration Debug for project MDP_STM32 ****
make -j8 all 
arm-none-eabi-size  MDP_STM32.elf 
   text	   data	    bss	    dec	    hex	filename
  41704	    476	   4612	  46792	   b6c8	MDP_STM32.elf
Finished building: default.size.stdout
 
23:51:15 **** Incremental Build of configuration Debug for project MDP_STM32 ****
make -j8 all 
arm-none-eabi-gcc "../Core/Src/main.c" -mcpu=cortex-m4 -std=gnu11 -g3 -DDEBUG -DUSE_HAL_DRIVER -DSTM32F407xx -c -I../Core/Inc -I../Drivers/STM32F4xx_HAL_Driver/Inc -I../Drivers/STM32F4xx_HAL_Driver/Inc/Legacy -I../Drivers/CMSIS/Device/ST/STM32F4xx/Include -I../Drivers/CMSIS/Include -O0 -ffunction-sections -fdata-sections -Wall -u _printf_float -fstack-usage -fcyclomatic-complexity -MMD -MP -MF"Core/Src/main.d" -MT"Core/Src/main.o" --specs=nano.specs -mfpu=fpv4-sp-d16 -mfloat-abi=hard -mthumb -o "Core/Src/main.o"
arm-none-eabi-gcc "../Core/Src/motor.c" -mcpu=cortex-m4 -std=gnu11 -g3 -DDEBUG -DUSE_HAL_DRIVER -DSTM32F407xx -c -I../Core/Inc -I../Drivers/STM32F4xx_HAL_Driver/Inc -I../Drivers/STM32F4xx_HAL_Driver/Inc/Legacy -I../Drivers/CMSIS/Device/ST/STM32F4xx/Include -I../Drivers/CMSIS/Include -O0 -ffunction-sections -fdata-sections -Wall -u _printf_float -fstack-usage -fcyclomatic-complexity -MMD -MP -MF"Core/Src/motor.d" -MT"Core/Src/motor.o" --specs=nano.specs -mfpu=fpv4-sp-d16 -mfloat-abi=hard -mthumb -o "Core/Src/motor.o"
arm-none-eabi-gcc "../Core/Src/servo.c" -mcpu=cortex-m4 -std=gnu11 -g3 -DDEBUG -DUSE_HAL_DRIVER -DSTM32F407xx -c -I../Core/Inc -I../Drivers/STM32F4xx_HAL_Driver/Inc -I../Drivers/STM32F4xx_HAL_Driver/Inc/Legacy -I../Drivers/CMSIS/Device/ST/STM32F4xx/Include -I../Drivers/CMSIS/Include -O0 -ffunction-sections -fdata-sections -Wall -u _printf_float -fstack-usage -fcyclomatic-complexity -MMD -MP -MF"Core/Src/servo.d" -MT"Core/Src/servo.o" --specs=nano.specs -mfpu=fpv4-sp-d16 -mfloat-abi=hard -mthumb -o "Core/Src/servo.o"
arm-none-eabi-gcc "../Core/Src/test.c" -mcpu=cortex-m4 -std=gnu11 -g3 -DDEBUG -DUSE_HAL_DRIVER -DSTM32F407xx -c -I../Core/Inc -I../Drivers/STM32F4xx_HAL_Driver/Inc -I../Drivers/STM32F4xx_HAL_Driver/Inc/Legacy -I../Drivers/CMSIS/Device/ST/STM32F4xx/Include -I../Drivers/CMSIS/Include -O0 -ffunction-sections -fdata-sections -Wall -u _printf_float -fstack-usage -fcyclomatic-complexity -MMD -MP -MF"Core/Src/test.d" -MT"Core/Src/test.o" --specs=nano.specs -mfpu=fpv4-sp-d16 -mfloat-abi=hard -mthumb -o "Core/Src/test.o"
../Core/Src/motor.c: In function 'PID_Control_left':
../Core/Src/motor.c:48:11: warning: implicit declaration of function 'abs' [-Wimplicit-function-declaration]
   48 |       if (abs(l_error)>2){ //more than 2 degree difference
      |           ^~~
../Core/Src/motor.c:12:1: note: include '<stdlib.h>' or provide a declaration of 'abs'
   11 | #include <motor.h>
  +++ |+#include <stdlib.h>
   12 | 
../Core/Src/main.c: In function 'main':
../Core/Src/main.c:214:25: warning: pointer targets in passing argument 3 of 'OLED_ShowString' differ in signedness [-Wpointer-sign]
  214 |   OLED_ShowString(0, 0, "Press USER btn");
      |                         ^~~~~~~~~~~~~~~~
      |                         |
      |                         char *
In file included from ../Core/Inc/motor.h:14,
                 from ../Core/Src/main.c:20:
../Core/Inc/oled.h:44:59: note: expected 'const uint8_t *' {aka 'const unsigned char *'} but argument is of type 'char *'
   44 | void OLED_ShowString(uint8_t x, uint8_t y, const uint8_t *p);
      |                                            ~~~~~~~~~~~~~~~^
../Core/Src/main.c:215:26: warning: pointer targets in passing argument 3 of 'OLED_ShowString' differ in signedness [-Wpointer-sign]
  215 |   OLED_ShowString(0, 15, "to continue");
      |                          ^~~~~~~~~~~~~
      |                          |
      |                          char *
../Core/Inc/oled.h:44:59: note: expected 'const uint8_t *' {aka 'const unsigned char *'} but argument is of type 'char *'
   44 | void OLED_ShowString(uint8_t x, uint8_t y, const uint8_t *p);
      |                                            ~~~~~~~~~~~~~~~^
../Core/Src/motor.c: In function 'motor_get_drive':
../Core/Src/motor.c:221:5: warning: implicit declaration of function 'move_straight' [-Wimplicit-function-declaration]
  221 |     move_straight(dir);
      |     ^~~~~~~~~~~~~
../Core/Src/motor.c: In function 'forward':
../Core/Src/motor.c:259:27: warning: pointer targets in passing argument 3 of 'print_OLED' differ in signedness [-Wpointer-sign]
  259 |         print_OLED(0, 45, "%u", true, 65535 - encoder_cnt);
      |                           ^~~~
      |                           |
      |                           char *
In file included from ../Core/Inc/servo.h:15,
                 from ../Core/Inc/motor.h:15,
                 from ../Core/Src/motor.c:11:
../Core/Inc/helper.h:30:40: note: expected 'uint8_t *' {aka 'unsigned char *'} but argument is of type 'char *'
   30 | void print_OLED(int x, int y, uint8_t* msg, bool var_exist, int32_t val);
      |                               ~~~~~~~~~^~~
../Core/Src/motor.c:236:14: warning: unused variable 'target_pulses' [-Wunused-variable]
  236 |     uint32_t target_pulses = (uint32_t)(distance * pulses_per_cm);
      |              ^~~~~~~~~~~~~
../Core/Src/motor.c: In function 'forward_pid':
../Core/Src/motor.c:302:5: warning: implicit declaration of function 'sprintf' [-Wimplicit-function-declaration]
  302 |     sprintf(buf, "target_pulse: %u", target_pulses);
      |     ^~~~~~~
../Core/Src/motor.c:12:1: note: include '<stdio.h>' or provide a declaration of 'sprintf'
   11 | #include <motor.h>
  +++ |+#include <stdio.h>
   12 | 
../Core/Src/motor.c:302:5: warning: incompatible implicit declaration of built-in function 'sprintf' [-Wbuiltin-declaration-mismatch]
  302 |     sprintf(buf, "target_pulse: %u", target_pulses);
      |     ^~~~~~~
../Core/Src/motor.c:302:5: note: include '<stdio.h>' or provide a declaration of 'sprintf'
../Core/Src/motor.c:302:13: warning: pointer targets in passing argument 1 of 'sprintf' differ in signedness [-Wpointer-sign]
  302 |     sprintf(buf, "target_pulse: %u", target_pulses);
      |             ^~~
      |             |
      |             uint8_t * {aka unsigned char *}
../Core/Src/motor.c:302:13: note: expected 'char *' but argument is of type 'uint8_t *' {aka 'unsigned char *'}
../Core/Src/motor.c:302:34: warning: format '%u' expects argument of type 'unsigned int', but argument 3 has type 'uint32_t' {aka 'long unsigned int'} [-Wformat=]
  302 |     sprintf(buf, "target_pulse: %u", target_pulses);
      |                                 ~^   ~~~~~~~~~~~~~
      |                                  |   |
      |                                  |   uint32_t {aka long unsigned int}
      |                                  unsigned int
      |                                 %lu
../Core/Src/motor.c:316:22: warning: pointer targets in passing argument 3 of 'print_OLED' differ in signedness [-Wpointer-sign]
  316 |     print_OLED(0, 0, "ta: %ld", true, target_angle);
      |                      ^~~~~~~~~
      |                      |
      |                      char *
../Core/Inc/helper.h:30:40: note: expected 'uint8_t *' {aka 'unsigned char *'} but argument is of type 'char *'
   30 | void print_OLED(int x, int y, uint8_t* msg, bool var_exist, int32_t val);
      |                               ~~~~~~~~~^~~
../Core/Src/motor.c:379:27: warning: pointer targets in passing argument 3 of 'print_OLED' differ in signedness [-Wpointer-sign]
  379 |         print_OLED(0, 15, "l: %ld", true, l_angle);
      |                           ^~~~~~~~
      |                           |
      |                           char *
../Core/Inc/helper.h:30:40: note: expected 'uint8_t *' {aka 'unsigned char *'} but argument is of type 'char *'
   30 | void print_OLED(int x, int y, uint8_t* msg, bool var_exist, int32_t val);
      |                               ~~~~~~~~~^~~
../Core/Src/motor.c:380:27: warning: pointer targets in passing argument 3 of 'print_OLED' differ in signedness [-Wpointer-sign]
  380 |         print_OLED(0, 30, "r: %ld", true, r_angle);
      |                           ^~~~~~~~
      |                           |
      |                           char *
../Core/Inc/helper.h:30:40: note: expected 'uint8_t *' {aka 'unsigned char *'} but argument is of type 'char *'
   30 | void print_OLED(int x, int y, uint8_t* msg, bool var_exist, int32_t val);
      |                               ~~~~~~~~~^~~
../Core/Src/test.c: In function 'task_A1':
../Core/Src/test.c:15:17: warning: implicit declaration of function 'servo_set_val'; did you mean 'servo_set_dir'? [-Wimplicit-function-declaration]
   15 |                 servo_set_val(LEFT);
      |                 ^~~~~~~~~~~~~
      |                 servo_set_dir
../Core/Src/test.c:18:39: warning: pointer targets in passing argument 3 of 'OLED_ShowString' differ in signedness [-Wpointer-sign]
   18 |                 OLED_ShowString(0, 0, "Left");
      |                                       ^~~~~~
      |                                       |
      |                                       char *
../Core/Src/motor.c: In function 'backward':
In file included from ../Core/Inc/test.h:12,
                 from ../Core/Src/test.c:8:
../Core/Inc/oled.h:44:59: note: expected 'const uint8_t *' {aka 'const unsigned char *'} but argument is of type 'char *'
   44 | void OLED_ShowString(uint8_t x, uint8_t y, const uint8_t *p);
      |                                            ~~~~~~~~~~~~~~~^
../Core/Src/motor.c:409:5: warning: incompatible implicit declaration of built-in function 'sprintf' [-Wbuiltin-declaration-mismatch]
  409 |     sprintf(buf, "target_pulse: %u", target_pulses);
      |     ^~~~~~~
../Core/Src/motor.c:409:5: note: include '<stdio.h>' or provide a declaration of 'sprintf'
../Core/Src/motor.c:409:13: warning: pointer targets in passing argument 1 of 'sprintf' differ in signedness [-Wpointer-sign]
  409 |     sprintf(buf, "target_pulse: %u", target_pulses);
      |             ^~~
      |             |
      |             uint8_t * {aka unsigned char *}
../Core/Src/motor.c:409:13: note: expected 'char *' but argument is of type 'uint8_t *' {aka 'unsigned char *'}
../Core/Src/motor.c:409:34: warning: format '%u' expects argument of type 'unsigned int', but argument 3 has type 'uint32_t' {aka 'long unsigned int'} [-Wformat=]
  409 |     sprintf(buf, "target_pulse: %u", target_pulses);
      |                                 ~^   ~~~~~~~~~~~~~
      |                                  |   |
      |                                  |   uint32_t {aka long unsigned int}
      |                                  unsigned int
      |                                 %lu
../Core/Src/motor.c:422:27: warning: pointer targets in passing argument 3 of 'OLED_ShowString' differ in signedness [-Wpointer-sign]
  422 |     OLED_ShowString(0, 0, "encoder_cnt: ");
      |                           ^~~~~~~~~~~~~~~
      |                           |
      |                           char *
In file included from ../Core/Inc/motor.h:14:
../Core/Inc/oled.h:44:59: note: expected 'const uint8_t *' {aka 'const unsigned char *'} but argument is of type 'char *'
   44 | void OLED_ShowString(uint8_t x, uint8_t y, const uint8_t *p);
      |                                            ~~~~~~~~~~~~~~~^
../Core/Src/motor.c:428:17: warning: pointer targets in passing argument 1 of 'sprintf' differ in signedness [-Wpointer-sign]
  428 |         sprintf(buf, "%u", encoder_cnt);
      |                 ^~~
      |                 |
      |                 uint8_t * {aka unsigned char *}
../Core/Src/motor.c:428:17: note: expected 'char *' but argument is of type 'uint8_t *' {aka 'unsigned char *'}
../Core/Src/motor.c:428:24: warning: format '%u' expects argument of type 'unsigned int', but argument 3 has type 'uint32_t' {aka 'long unsigned int'} [-Wformat=]
  428 |         sprintf(buf, "%u", encoder_cnt);
      |                       ~^   ~~~~~~~~~~~
      |                        |   |
      |                        |   uint32_t {aka long unsigned int}
      |                        unsigned int
      |                       %lu
../Core/Src/motor.c: In function 'forward_right':
../Core/Src/motor.c:461:27: warning: pointer targets in passing argument 3 of 'OLED_ShowString' differ in signedness [-Wpointer-sign]
  461 |     OLED_ShowString(0, 0, "encoder_cnt: ");
      |                           ^~~~~~~~~~~~~~~
      |                           |
      |                           char *
../Core/Inc/oled.h:44:59: note: expected 'const uint8_t *' {aka 'const unsigned char *'} but argument is of type 'char *'
   44 | void OLED_ShowString(uint8_t x, uint8_t y, const uint8_t *p);
      |                                            ~~~~~~~~~~~~~~~^
../Core/Src/motor.c:467:9: warning: incompatible implicit declaration of built-in function 'sprintf' [-Wbuiltin-declaration-mismatch]
  467 |         sprintf(buf, "%u", encoder_cnt);  // Format encoder count for display
      |         ^~~~~~~
../Core/Src/motor.c:467:9: note: include '<stdio.h>' or provide a declaration of 'sprintf'
../Core/Src/motor.c:467:17: warning: pointer targets in passing argument 1 of 'sprintf' differ in signedness [-Wpointer-sign]
  467 |         sprintf(buf, "%u", encoder_cnt);  // Format encoder count for display
      |                 ^~~
      |                 |
      |                 uint8_t * {aka unsigned char *}
../Core/Src/motor.c:467:17: note: expected 'char *' but argument is of type 'uint8_t *' {aka 'unsigned char *'}
../Core/Src/motor.c:467:24: warning: format '%u' expects argument of type 'unsigned int', but argument 3 has type 'uint32_t' {aka 'long unsigned int'} [-Wformat=]
  467 |         sprintf(buf, "%u", encoder_cnt);  // Format encoder count for display
      |                       ~^   ~~~~~~~~~~~
      |                        |   |
      |                        |   uint32_t {aka long unsigned int}
      |                        unsigned int
      |                       %lu
../Core/Src/motor.c: In function 'forward_left':
../Core/Src/motor.c:500:27: warning: pointer targets in passing argument 3 of 'OLED_ShowString' differ in signedness [-Wpointer-sign]
  500 |     OLED_ShowString(0, 0, "encoder_cnt: ");
      |                           ^~~~~~~~~~~~~~~
      |                           |
      |                           char *
../Core/Inc/oled.h:44:59: note: expected 'const uint8_t *' {aka 'const unsigned char *'} but argument is of type 'char *'
   44 | void OLED_ShowString(uint8_t x, uint8_t y, const uint8_t *p);
      |                                            ~~~~~~~~~~~~~~~^
../Core/Src/motor.c:505:9: warning: incompatible implicit declaration of built-in function 'sprintf' [-Wbuiltin-declaration-mismatch]
  505 |         sprintf(buf, "%u", encoder_cnt);  // Format encoder count for display
      |         ^~~~~~~
../Core/Src/motor.c:505:9: note: include '<stdio.h>' or provide a declaration of 'sprintf'
../Core/Src/motor.c:505:17: warning: pointer targets in passing argument 1 of 'sprintf' differ in signedness [-Wpointer-sign]
  505 |         sprintf(buf, "%u", encoder_cnt);  // Format encoder count for display
      |                 ^~~
      |                 |
      |                 uint8_t * {aka unsigned char *}
../Core/Src/motor.c:505:17: note: expected 'char *' but argument is of type 'uint8_t *' {aka 'unsigned char *'}
../Core/Src/motor.c:505:24: warning: format '%u' expects argument of type 'unsigned int', but argument 3 has type 'uint32_t' {aka 'long unsigned int'} [-Wformat=]
  505 |         sprintf(buf, "%u", encoder_cnt);  // Format encoder count for display
      |                       ~^   ~~~~~~~~~~~
      |                        |   |
      |                        |   uint32_t {aka long unsigned int}
      |                        unsigned int
      |                       %lu
../Core/Src/motor.c: In function 'PID_Control_left':
../Core/Src/motor.c:78:1: warning: control reaches end of non-void function [-Wreturn-type]
   78 | }
      | ^
../Core/Src/motor.c: In function 'PID_Control_right':
../Core/Src/motor.c:112:1: warning: control reaches end of non-void function [-Wreturn-type]
  112 | }
      | ^
../Core/Src/test.c:20:17: warning: implicit declaration of function 'motor_forward_left'; did you mean 'motor_forward'? [-Wimplicit-function-declaration]
   20 |                 motor_forward_left(90);
      |                 ^~~~~~~~~~~~~~~~~~
      |                 motor_forward
../Core/Src/test.c: In function 'task_A4_right':
../Core/Src/test.c:50:19: warning: implicit declaration of function 'motor_forward_right'; did you mean 'forward_right'? [-Wimplicit-function-declaration]
   50 |                   motor_forward_right(90);
      |                   ^~~~~~~~~~~~~~~~~~~
      |                   forward_right
../Core/Src/test.c: In function 'abhinav_task':
../Core/Src/test.c:64:17: warning: implicit declaration of function 'motor_backward_inf'; did you mean 'motor_backward'? [-Wimplicit-function-declaration]
   64 |                 motor_backward_inf();
      |                 ^~~~~~~~~~~~~~~~~~
      |                 motor_backward
../Core/Src/test.c: In function 'moving_task':
../Core/Src/test.c:84:39: warning: pointer targets in passing argument 3 of 'OLED_ShowString' differ in signedness [-Wpointer-sign]
   84 |                 OLED_ShowString(0, 0, "Forward");
      |                                       ^~~~~~~~~
      |                                       |
      |                                       char *
../Core/Inc/oled.h:44:59: note: expected 'const uint8_t *' {aka 'const unsigned char *'} but argument is of type 'char *'
   44 | void OLED_ShowString(uint8_t x, uint8_t y, const uint8_t *p);
      |                                            ~~~~~~~~~~~~~~~^
../Core/Src/test.c:91:39: warning: pointer targets in passing argument 3 of 'OLED_ShowString' differ in signedness [-Wpointer-sign]
   91 |                 OLED_ShowString(0, 0, "Backward");
      |                                       ^~~~~~~~~~
      |                                       |
      |                                       char *
../Core/Inc/oled.h:44:59: note: expected 'const uint8_t *' {aka 'const unsigned char *'} but argument is of type 'char *'
   44 | void OLED_ShowString(uint8_t x, uint8_t y, const uint8_t *p);
      |                                            ~~~~~~~~~~~~~~~^
../Core/Src/test.c:98:39: warning: pointer targets in passing argument 3 of 'OLED_ShowString' differ in signedness [-Wpointer-sign]
   98 |                 OLED_ShowString(0, 0, "Left");
      |                                       ^~~~~~
      |                                       |
      |                                       char *
../Core/Inc/oled.h:44:59: note: expected 'const uint8_t *' {aka 'const unsigned char *'} but argument is of type 'char *'
   44 | void OLED_ShowString(uint8_t x, uint8_t y, const uint8_t *p);
      |                                            ~~~~~~~~~~~~~~~^
../Core/Src/test.c:105:39: warning: pointer targets in passing argument 3 of 'OLED_ShowString' differ in signedness [-Wpointer-sign]
  105 |                 OLED_ShowString(0, 0, "Right");
      |                                       ^~~~~~~
      |                                       |
      |                                       char *
../Core/Inc/oled.h:44:59: note: expected 'const uint8_t *' {aka 'const unsigned char *'} but argument is of type 'char *'
   44 | void OLED_ShowString(uint8_t x, uint8_t y, const uint8_t *p);
      |                                            ~~~~~~~~~~~~~~~^
../Core/Src/test.c: In function 'ultrasonic_task':
../Core/Src/test.c:137:5: warning: implicit declaration of function 'HCSR04_Init' [-Wimplicit-function-declaration]
  137 |     HCSR04_Init();
      |     ^~~~~~~~~~~
../Core/Src/test.c:140:22: warning: pointer targets in passing argument 3 of 'print_OLED' differ in signedness [-Wpointer-sign]
  140 |     print_OLED(0, 0, "tc1:", false, 0);
      |                      ^~~~~~
      |                      |
      |                      char *
In file included from ../Core/Inc/test.h:13:
../Core/Inc/helper.h:30:40: note: expected 'uint8_t *' {aka 'unsigned char *'} but argument is of type 'char *'
   30 | void print_OLED(int x, int y, uint8_t* msg, bool var_exist, int32_t val);
      |                               ~~~~~~~~~^~~
../Core/Src/test.c:141:23: warning: pointer targets in passing argument 3 of 'print_OLED' differ in signedness [-Wpointer-sign]
  141 |     print_OLED(0, 15, "tc2:", false, 0);
      |                       ^~~~~~
      |                       |
      |                       char *
../Core/Inc/helper.h:30:40: note: expected 'uint8_t *' {aka 'unsigned char *'} but argument is of type 'char *'
   30 | void print_OLED(int x, int y, uint8_t* msg, bool var_exist, int32_t val);
      |                               ~~~~~~~~~^~~
../Core/Src/test.c:142:23: warning: pointer targets in passing argument 3 of 'print_OLED' differ in signedness [-Wpointer-sign]
  142 |     print_OLED(0, 30, "echo:", false, 0);
      |                       ^~~~~~~
      |                       |
      |                       char *
../Core/Inc/helper.h:30:40: note: expected 'uint8_t *' {aka 'unsigned char *'} but argument is of type 'char *'
   30 | void print_OLED(int x, int y, uint8_t* msg, bool var_exist, int32_t val);
      |                               ~~~~~~~~~^~~
../Core/Src/test.c:143:23: warning: pointer targets in passing argument 3 of 'print_OLED' differ in signedness [-Wpointer-sign]
  143 |     print_OLED(0, 45, "dist:", false, 0);
      |                       ^~~~~~~
      |                       |
      |                       char *
../Core/Inc/helper.h:30:40: note: expected 'uint8_t *' {aka 'unsigned char *'} but argument is of type 'char *'
   30 | void print_OLED(int x, int y, uint8_t* msg, bool var_exist, int32_t val);
      |                               ~~~~~~~~~^~~
../Core/Src/test.c:145:23: warning: pointer targets in passing argument 3 of 'print_OLED' differ in signedness [-Wpointer-sign]
  145 |     print_OLED(40, 0, "%u", true, tc1);
      |                       ^~~~
      |                       |
      |                       char *
../Core/Inc/helper.h:30:40: note: expected 'uint8_t *' {aka 'unsigned char *'} but argument is of type 'char *'
   30 | void print_OLED(int x, int y, uint8_t* msg, bool var_exist, int32_t val);
      |                               ~~~~~~~~~^~~
../Core/Src/test.c:146:24: warning: pointer targets in passing argument 3 of 'print_OLED' differ in signedness [-Wpointer-sign]
  146 |     print_OLED(40, 15, "%u", true, tc2);
      |                        ^~~~
      |                        |
      |                        char *
../Core/Inc/helper.h:30:40: note: expected 'uint8_t *' {aka 'unsigned char *'} but argument is of type 'char *'
   30 | void print_OLED(int x, int y, uint8_t* msg, bool var_exist, int32_t val);
      |                               ~~~~~~~~~^~~
../Core/Src/test.c:147:24: warning: pointer targets in passing argument 3 of 'print_OLED' differ in signedness [-Wpointer-sign]
  147 |     print_OLED(40, 30, "%u", true, echo);
      |                        ^~~~
      |                        |
      |                        char *
../Core/Inc/helper.h:30:40: note: expected 'uint8_t *' {aka 'unsigned char *'} but argument is of type 'char *'
   30 | void print_OLED(int x, int y, uint8_t* msg, bool var_exist, int32_t val);
      |                               ~~~~~~~~~^~~
../Core/Src/test.c:148:24: warning: pointer targets in passing argument 3 of 'print_OLED' differ in signedness [-Wpointer-sign]
  148 |     print_OLED(40, 45, "%u", true, dist);
      |                        ^~~~
      |                        |
      |                        char *
../Core/Inc/helper.h:30:40: note: expected 'uint8_t *' {aka 'unsigned char *'} but argument is of type 'char *'
   30 | void print_OLED(int x, int y, uint8_t* msg, bool var_exist, int32_t val);
      |                               ~~~~~~~~~^~~
../Core/Src/test.c: In function 'gyroscope_task':
../Core/Src/test.c:166:43: warning: pointer targets in passing argument 3 of 'print_OLED' differ in signedness [-Wpointer-sign]
  166 |                         print_OLED(50, 0, "%d", true, gyroZ);
      |                                           ^~~~
      |                                           |
      |                                           char *
../Core/Inc/helper.h:30:40: note: expected 'uint8_t *' {aka 'unsigned char *'} but argument is of type 'char *'
   30 | void print_OLED(int x, int y, uint8_t* msg, bool var_exist, int32_t val);
      |                               ~~~~~~~~~^~~
../Core/Src/test.c:167:44: warning: pointer targets in passing argument 3 of 'print_OLED' differ in signedness [-Wpointer-sign]
  167 |                         print_OLED(70, 15, "%d", true, gyro_angle);
      |                                            ^~~~
      |                                            |
      |                                            char *
../Core/Inc/helper.h:30:40: note: expected 'uint8_t *' {aka 'unsigned char *'} but argument is of type 'char *'
   30 | void print_OLED(int x, int y, uint8_t* msg, bool var_exist, int32_t val);
      |                               ~~~~~~~~~^~~
../Core/Src/test.c:168:56: warning: implicit declaration of function 'abs' [-Wimplicit-function-declaration]
  168 |                         print_OLED(50, 30, "%d", true, abs(gyro_angle - target));
      |                                                        ^~~
../Core/Src/test.c:9:1: note: include '<stdlib.h>' or provide a declaration of 'abs'
    8 | #include "test.h"
  +++ |+#include <stdlib.h>
    9 | 
../Core/Src/test.c:168:71: warning: 'abs' argument 1 type is 'long int' where 'int' is expected in a call to built-in function declared without prototype [-Wbuiltin-declaration-mismatch]
  168 |                         print_OLED(50, 30, "%d", true, abs(gyro_angle - target));
      |                                                            ~~~~~~~~~~~^~~~~~~~
<built-in>: note: built-in 'abs' declared here
../Core/Src/test.c:168:44: warning: pointer targets in passing argument 3 of 'print_OLED' differ in signedness [-Wpointer-sign]
  168 |                         print_OLED(50, 30, "%d", true, abs(gyro_angle - target));
      |                                            ^~~~
      |                                            |
      |                                            char *
../Core/Inc/helper.h:30:40: note: expected 'uint8_t *' {aka 'unsigned char *'} but argument is of type 'char *'
   30 | void print_OLED(int x, int y, uint8_t* msg, bool var_exist, int32_t val);
      |                               ~~~~~~~~~^~~
../Core/Src/test.c:170:51: warning: 'abs' argument 1 type is 'long int' where 'int' is expected in a call to built-in function declared without prototype [-Wbuiltin-declaration-mismatch]
  170 |                         if (abs((int)(gyro_angle) - target) < 1)
      |                                 ~~~~~~~~~~~~~~~~~~^~~~~~~~
<built-in>: note: built-in 'abs' declared here
../Core/Src/test.c:178:26: warning: pointer targets in passing argument 3 of 'print_OLED' differ in signedness [-Wpointer-sign]
  178 |         print_OLED(0, 0, "Done", false, 0);
      |                          ^~~~~~
      |                          |
      |                          char *
../Core/Inc/helper.h:30:40: note: expected 'uint8_t *' {aka 'unsigned char *'} but argument is of type 'char *'
   30 | void print_OLED(int x, int y, uint8_t* msg, bool var_exist, int32_t val);
      |                               ~~~~~~~~~^~~
../Core/Src/test.c: In function 'UART3_task':
../Core/Src/test.c:182:26: warning: pointer targets in passing argument 3 of 'print_OLED' differ in signedness [-Wpointer-sign]
  182 |         print_OLED(0, 0, "cmd_cnt: %u", true, cmd_cnt);
      |                          ^~~~~~~~~~~~~
      |                          |
      |                          char *
../Core/Inc/helper.h:30:40: note: expected 'uint8_t *' {aka 'unsigned char *'} but argument is of type 'char *'
   30 | void print_OLED(int x, int y, uint8_t* msg, bool var_exist, int32_t val);
      |                               ~~~~~~~~~^~~
../Core/Src/test.c: In function 'count_gyro_task':
../Core/Src/test.c:205:27: warning: pointer targets in passing argument 3 of 'print_OLED' differ in signedness [-Wpointer-sign]
  205 |         print_OLED(50, 0, "%d", true, gyroZ);
      |                           ^~~~
      |                           |
      |                           char *
../Core/Inc/helper.h:30:40: note: expected 'uint8_t *' {aka 'unsigned char *'} but argument is of type 'char *'
   30 | void print_OLED(int x, int y, uint8_t* msg, bool var_exist, int32_t val);
      |                               ~~~~~~~~~^~~
arm-none-eabi-gcc -o "MDP_STM32.elf" @"objects.list"   -mcpu=cortex-m4 -T"D:\3. CE Timetable and Curriculum\7. AY2023-2024 Sem 1 (Year 4)\1. SC2079 - Multidisciplinary Design Project\4. Project\SC2079_GROUP13\Hardware_STM\MDP_STM32\STM32F407VETX_FLASH.ld" --specs=nosys.specs -Wl,-Map="MDP_STM32.map" -Wl,--gc-sections -static -u _printf_float --specs=nano.specs -mfpu=fpv4-sp-d16 -mfloat-abi=hard -mthumb -Wl,--start-group -lc -lm -Wl,--end-group
Finished building target: MDP_STM32.elf
 
arm-none-eabi-size  MDP_STM32.elf 
arm-none-eabi-objdump -h -S MDP_STM32.elf  > "MDP_STM32.list"
   text	   data	    bss	    dec	    hex	filename
  41704	    476	   4612	  46792	   b6c8	MDP_STM32.elf
Finished building: default.size.stdout
 
Finished building: MDP_STM32.list
 
13:41:51 **** Incremental Build of configuration Debug for project MDP_STM32 ****
make -j8 all 
arm-none-eabi-gcc "../Drivers/STM32F4xx_HAL_Driver/Src/stm32f4xx_hal.c" -mcpu=cortex-m4 -std=gnu11 -g3 -DDEBUG -DUSE_HAL_DRIVER -DSTM32F407xx -c -I../Core/Inc -I../Drivers/STM32F4xx_HAL_Driver/Inc -I../Drivers/STM32F4xx_HAL_Driver/Inc/Legacy -I../Drivers/CMSIS/Device/ST/STM32F4xx/Include -I../Drivers/CMSIS/Include -O0 -ffunction-sections -fdata-sections -Wall -fstack-usage -fcyclomatic-complexity -MMD -MP -MF"Drivers/STM32F4xx_HAL_Driver/Src/stm32f4xx_hal.d" -MT"Drivers/STM32F4xx_HAL_Driver/Src/stm32f4xx_hal.o" --specs=nano.specs -mfpu=fpv4-sp-d16 -mfloat-abi=hard -mthumb -o "Drivers/STM32F4xx_HAL_Driver/Src/stm32f4xx_hal.o"
arm-none-eabi-gcc "../Drivers/STM32F4xx_HAL_Driver/Src/stm32f4xx_hal_cortex.c" -mcpu=cortex-m4 -std=gnu11 -g3 -DDEBUG -DUSE_HAL_DRIVER -DSTM32F407xx -c -I../Core/Inc -I../Drivers/STM32F4xx_HAL_Driver/Inc -I../Drivers/STM32F4xx_HAL_Driver/Inc/Legacy -I../Drivers/CMSIS/Device/ST/STM32F4xx/Include -I../Drivers/CMSIS/Include -O0 -ffunction-sections -fdata-sections -Wall -fstack-usage -fcyclomatic-complexity -MMD -MP -MF"Drivers/STM32F4xx_HAL_Driver/Src/stm32f4xx_hal_cortex.d" -MT"Drivers/STM32F4xx_HAL_Driver/Src/stm32f4xx_hal_cortex.o" --specs=nano.specs -mfpu=fpv4-sp-d16 -mfloat-abi=hard -mthumb -o "Drivers/STM32F4xx_HAL_Driver/Src/stm32f4xx_hal_cortex.o"
arm-none-eabi-gcc "../Drivers/STM32F4xx_HAL_Driver/Src/stm32f4xx_hal_dma.c" -mcpu=cortex-m4 -std=gnu11 -g3 -DDEBUG -DUSE_HAL_DRIVER -DSTM32F407xx -c -I../Core/Inc -I../Drivers/STM32F4xx_HAL_Driver/Inc -I../Drivers/STM32F4xx_HAL_Driver/Inc/Legacy -I../Drivers/CMSIS/Device/ST/STM32F4xx/Include -I../Drivers/CMSIS/Include -O0 -ffunction-sections -fdata-sections -Wall -fstack-usage -fcyclomatic-complexity -MMD -MP -MF"Drivers/STM32F4xx_HAL_Driver/Src/stm32f4xx_hal_dma.d" -MT"Drivers/STM32F4xx_HAL_Driver/Src/stm32f4xx_hal_dma.o" --specs=nano.specs -mfpu=fpv4-sp-d16 -mfloat-abi=hard -mthumb -o "Drivers/STM32F4xx_HAL_Driver/Src/stm32f4xx_hal_dma.o"
arm-none-eabi-gcc "../Drivers/STM32F4xx_HAL_Driver/Src/stm32f4xx_hal_dma_ex.c" -mcpu=cortex-m4 -std=gnu11 -g3 -DDEBUG -DUSE_HAL_DRIVER -DSTM32F407xx -c -I../Core/Inc -I../Drivers/STM32F4xx_HAL_Driver/Inc -I../Drivers/STM32F4xx_HAL_Driver/Inc/Legacy -I../Drivers/CMSIS/Device/ST/STM32F4xx/Include -I../Drivers/CMSIS/Include -O0 -ffunction-sections -fdata-sections -Wall -fstack-usage -fcyclomatic-complexity -MMD -MP -MF"Drivers/STM32F4xx_HAL_Driver/Src/stm32f4xx_hal_dma_ex.d" -MT"Drivers/STM32F4xx_HAL_Driver/Src/stm32f4xx_hal_dma_ex.o" --specs=nano.specs -mfpu=fpv4-sp-d16 -mfloat-abi=hard -mthumb -o "Drivers/STM32F4xx_HAL_Driver/Src/stm32f4xx_hal_dma_ex.o"
arm-none-eabi-gcc "../Drivers/STM32F4xx_HAL_Driver/Src/stm32f4xx_hal_exti.c" -mcpu=cortex-m4 -std=gnu11 -g3 -DDEBUG -DUSE_HAL_DRIVER -DSTM32F407xx -c -I../Core/Inc -I../Drivers/STM32F4xx_HAL_Driver/Inc -I../Drivers/STM32F4xx_HAL_Driver/Inc/Legacy -I../Drivers/CMSIS/Device/ST/STM32F4xx/Include -I../Drivers/CMSIS/Include -O0 -ffunction-sections -fdata-sections -Wall -fstack-usage -fcyclomatic-complexity -MMD -MP -MF"Drivers/STM32F4xx_HAL_Driver/Src/stm32f4xx_hal_exti.d" -MT"Drivers/STM32F4xx_HAL_Driver/Src/stm32f4xx_hal_exti.o" --specs=nano.specs -mfpu=fpv4-sp-d16 -mfloat-abi=hard -mthumb -o "Drivers/STM32F4xx_HAL_Driver/Src/stm32f4xx_hal_exti.o"
arm-none-eabi-gcc "../Drivers/STM32F4xx_HAL_Driver/Src/stm32f4xx_hal_flash.c" -mcpu=cortex-m4 -std=gnu11 -g3 -DDEBUG -DUSE_HAL_DRIVER -DSTM32F407xx -c -I../Core/Inc -I../Drivers/STM32F4xx_HAL_Driver/Inc -I../Drivers/STM32F4xx_HAL_Driver/Inc/Legacy -I../Drivers/CMSIS/Device/ST/STM32F4xx/Include -I../Drivers/CMSIS/Include -O0 -ffunction-sections -fdata-sections -Wall -fstack-usage -fcyclomatic-complexity -MMD -MP -MF"Drivers/STM32F4xx_HAL_Driver/Src/stm32f4xx_hal_flash.d" -MT"Drivers/STM32F4xx_HAL_Driver/Src/stm32f4xx_hal_flash.o" --specs=nano.specs -mfpu=fpv4-sp-d16 -mfloat-abi=hard -mthumb -o "Drivers/STM32F4xx_HAL_Driver/Src/stm32f4xx_hal_flash.o"
arm-none-eabi-gcc "../Drivers/STM32F4xx_HAL_Driver/Src/stm32f4xx_hal_flash_ex.c" -mcpu=cortex-m4 -std=gnu11 -g3 -DDEBUG -DUSE_HAL_DRIVER -DSTM32F407xx -c -I../Core/Inc -I../Drivers/STM32F4xx_HAL_Driver/Inc -I../Drivers/STM32F4xx_HAL_Driver/Inc/Legacy -I../Drivers/CMSIS/Device/ST/STM32F4xx/Include -I../Drivers/CMSIS/Include -O0 -ffunction-sections -fdata-sections -Wall -fstack-usage -fcyclomatic-complexity -MMD -MP -MF"Drivers/STM32F4xx_HAL_Driver/Src/stm32f4xx_hal_flash_ex.d" -MT"Drivers/STM32F4xx_HAL_Driver/Src/stm32f4xx_hal_flash_ex.o" --specs=nano.specs -mfpu=fpv4-sp-d16 -mfloat-abi=hard -mthumb -o "Drivers/STM32F4xx_HAL_Driver/Src/stm32f4xx_hal_flash_ex.o"
arm-none-eabi-gcc "../Drivers/STM32F4xx_HAL_Driver/Src/stm32f4xx_hal_flash_ramfunc.c" -mcpu=cortex-m4 -std=gnu11 -g3 -DDEBUG -DUSE_HAL_DRIVER -DSTM32F407xx -c -I../Core/Inc -I../Drivers/STM32F4xx_HAL_Driver/Inc -I../Drivers/STM32F4xx_HAL_Driver/Inc/Legacy -I../Drivers/CMSIS/Device/ST/STM32F4xx/Include -I../Drivers/CMSIS/Include -O0 -ffunction-sections -fdata-sections -Wall -fstack-usage -fcyclomatic-complexity -MMD -MP -MF"Drivers/STM32F4xx_HAL_Driver/Src/stm32f4xx_hal_flash_ramfunc.d" -MT"Drivers/STM32F4xx_HAL_Driver/Src/stm32f4xx_hal_flash_ramfunc.o" --specs=nano.specs -mfpu=fpv4-sp-d16 -mfloat-abi=hard -mthumb -o "Drivers/STM32F4xx_HAL_Driver/Src/stm32f4xx_hal_flash_ramfunc.o"
arm-none-eabi-gcc "../Drivers/STM32F4xx_HAL_Driver/Src/stm32f4xx_hal_gpio.c" -mcpu=cortex-m4 -std=gnu11 -g3 -DDEBUG -DUSE_HAL_DRIVER -DSTM32F407xx -c -I../Core/Inc -I../Drivers/STM32F4xx_HAL_Driver/Inc -I../Drivers/STM32F4xx_HAL_Driver/Inc/Legacy -I../Drivers/CMSIS/Device/ST/STM32F4xx/Include -I../Drivers/CMSIS/Include -O0 -ffunction-sections -fdata-sections -Wall -fstack-usage -fcyclomatic-complexity -MMD -MP -MF"Drivers/STM32F4xx_HAL_Driver/Src/stm32f4xx_hal_gpio.d" -MT"Drivers/STM32F4xx_HAL_Driver/Src/stm32f4xx_hal_gpio.o" --specs=nano.specs -mfpu=fpv4-sp-d16 -mfloat-abi=hard -mthumb -o "Drivers/STM32F4xx_HAL_Driver/Src/stm32f4xx_hal_gpio.o"
arm-none-eabi-gcc "../Drivers/STM32F4xx_HAL_Driver/Src/stm32f4xx_hal_i2c.c" -mcpu=cortex-m4 -std=gnu11 -g3 -DDEBUG -DUSE_HAL_DRIVER -DSTM32F407xx -c -I../Core/Inc -I../Drivers/STM32F4xx_HAL_Driver/Inc -I../Drivers/STM32F4xx_HAL_Driver/Inc/Legacy -I../Drivers/CMSIS/Device/ST/STM32F4xx/Include -I../Drivers/CMSIS/Include -O0 -ffunction-sections -fdata-sections -Wall -fstack-usage -fcyclomatic-complexity -MMD -MP -MF"Drivers/STM32F4xx_HAL_Driver/Src/stm32f4xx_hal_i2c.d" -MT"Drivers/STM32F4xx_HAL_Driver/Src/stm32f4xx_hal_i2c.o" --specs=nano.specs -mfpu=fpv4-sp-d16 -mfloat-abi=hard -mthumb -o "Drivers/STM32F4xx_HAL_Driver/Src/stm32f4xx_hal_i2c.o"
arm-none-eabi-gcc "../Drivers/STM32F4xx_HAL_Driver/Src/stm32f4xx_hal_i2c_ex.c" -mcpu=cortex-m4 -std=gnu11 -g3 -DDEBUG -DUSE_HAL_DRIVER -DSTM32F407xx -c -I../Core/Inc -I../Drivers/STM32F4xx_HAL_Driver/Inc -I../Drivers/STM32F4xx_HAL_Driver/Inc/Legacy -I../Drivers/CMSIS/Device/ST/STM32F4xx/Include -I../Drivers/CMSIS/Include -O0 -ffunction-sections -fdata-sections -Wall -fstack-usage -fcyclomatic-complexity -MMD -MP -MF"Drivers/STM32F4xx_HAL_Driver/Src/stm32f4xx_hal_i2c_ex.d" -MT"Drivers/STM32F4xx_HAL_Driver/Src/stm32f4xx_hal_i2c_ex.o" --specs=nano.specs -mfpu=fpv4-sp-d16 -mfloat-abi=hard -mthumb -o "Drivers/STM32F4xx_HAL_Driver/Src/stm32f4xx_hal_i2c_ex.o"
arm-none-eabi-gcc "../Drivers/STM32F4xx_HAL_Driver/Src/stm32f4xx_hal_pwr.c" -mcpu=cortex-m4 -std=gnu11 -g3 -DDEBUG -DUSE_HAL_DRIVER -DSTM32F407xx -c -I../Core/Inc -I../Drivers/STM32F4xx_HAL_Driver/Inc -I../Drivers/STM32F4xx_HAL_Driver/Inc/Legacy -I../Drivers/CMSIS/Device/ST/STM32F4xx/Include -I../Drivers/CMSIS/Include -O0 -ffunction-sections -fdata-sections -Wall -fstack-usage -fcyclomatic-complexity -MMD -MP -MF"Drivers/STM32F4xx_HAL_Driver/Src/stm32f4xx_hal_pwr.d" -MT"Drivers/STM32F4xx_HAL_Driver/Src/stm32f4xx_hal_pwr.o" --specs=nano.specs -mfpu=fpv4-sp-d16 -mfloat-abi=hard -mthumb -o "Drivers/STM32F4xx_HAL_Driver/Src/stm32f4xx_hal_pwr.o"
arm-none-eabi-gcc "../Drivers/STM32F4xx_HAL_Driver/Src/stm32f4xx_hal_pwr_ex.c" -mcpu=cortex-m4 -std=gnu11 -g3 -DDEBUG -DUSE_HAL_DRIVER -DSTM32F407xx -c -I../Core/Inc -I../Drivers/STM32F4xx_HAL_Driver/Inc -I../Drivers/STM32F4xx_HAL_Driver/Inc/Legacy -I../Drivers/CMSIS/Device/ST/STM32F4xx/Include -I../Drivers/CMSIS/Include -O0 -ffunction-sections -fdata-sections -Wall -fstack-usage -fcyclomatic-complexity -MMD -MP -MF"Drivers/STM32F4xx_HAL_Driver/Src/stm32f4xx_hal_pwr_ex.d" -MT"Drivers/STM32F4xx_HAL_Driver/Src/stm32f4xx_hal_pwr_ex.o" --specs=nano.specs -mfpu=fpv4-sp-d16 -mfloat-abi=hard -mthumb -o "Drivers/STM32F4xx_HAL_Driver/Src/stm32f4xx_hal_pwr_ex.o"
arm-none-eabi-gcc "../Drivers/STM32F4xx_HAL_Driver/Src/stm32f4xx_hal_rcc.c" -mcpu=cortex-m4 -std=gnu11 -g3 -DDEBUG -DUSE_HAL_DRIVER -DSTM32F407xx -c -I../Core/Inc -I../Drivers/STM32F4xx_HAL_Driver/Inc -I../Drivers/STM32F4xx_HAL_Driver/Inc/Legacy -I../Drivers/CMSIS/Device/ST/STM32F4xx/Include -I../Drivers/CMSIS/Include -O0 -ffunction-sections -fdata-sections -Wall -fstack-usage -fcyclomatic-complexity -MMD -MP -MF"Drivers/STM32F4xx_HAL_Driver/Src/stm32f4xx_hal_rcc.d" -MT"Drivers/STM32F4xx_HAL_Driver/Src/stm32f4xx_hal_rcc.o" --specs=nano.specs -mfpu=fpv4-sp-d16 -mfloat-abi=hard -mthumb -o "Drivers/STM32F4xx_HAL_Driver/Src/stm32f4xx_hal_rcc.o"
arm-none-eabi-gcc "../Drivers/STM32F4xx_HAL_Driver/Src/stm32f4xx_hal_rcc_ex.c" -mcpu=cortex-m4 -std=gnu11 -g3 -DDEBUG -DUSE_HAL_DRIVER -DSTM32F407xx -c -I../Core/Inc -I../Drivers/STM32F4xx_HAL_Driver/Inc -I../Drivers/STM32F4xx_HAL_Driver/Inc/Legacy -I../Drivers/CMSIS/Device/ST/STM32F4xx/Include -I../Drivers/CMSIS/Include -O0 -ffunction-sections -fdata-sections -Wall -fstack-usage -fcyclomatic-complexity -MMD -MP -MF"Drivers/STM32F4xx_HAL_Driver/Src/stm32f4xx_hal_rcc_ex.d" -MT"Drivers/STM32F4xx_HAL_Driver/Src/stm32f4xx_hal_rcc_ex.o" --specs=nano.specs -mfpu=fpv4-sp-d16 -mfloat-abi=hard -mthumb -o "Drivers/STM32F4xx_HAL_Driver/Src/stm32f4xx_hal_rcc_ex.o"
arm-none-eabi-gcc "../Drivers/STM32F4xx_HAL_Driver/Src/stm32f4xx_hal_tim.c" -mcpu=cortex-m4 -std=gnu11 -g3 -DDEBUG -DUSE_HAL_DRIVER -DSTM32F407xx -c -I../Core/Inc -I../Drivers/STM32F4xx_HAL_Driver/Inc -I../Drivers/STM32F4xx_HAL_Driver/Inc/Legacy -I../Drivers/CMSIS/Device/ST/STM32F4xx/Include -I../Drivers/CMSIS/Include -O0 -ffunction-sections -fdata-sections -Wall -fstack-usage -fcyclomatic-complexity -MMD -MP -MF"Drivers/STM32F4xx_HAL_Driver/Src/stm32f4xx_hal_tim.d" -MT"Drivers/STM32F4xx_HAL_Driver/Src/stm32f4xx_hal_tim.o" --specs=nano.specs -mfpu=fpv4-sp-d16 -mfloat-abi=hard -mthumb -o "Drivers/STM32F4xx_HAL_Driver/Src/stm32f4xx_hal_tim.o"
arm-none-eabi-gcc "../Drivers/STM32F4xx_HAL_Driver/Src/stm32f4xx_hal_tim_ex.c" -mcpu=cortex-m4 -std=gnu11 -g3 -DDEBUG -DUSE_HAL_DRIVER -DSTM32F407xx -c -I../Core/Inc -I../Drivers/STM32F4xx_HAL_Driver/Inc -I../Drivers/STM32F4xx_HAL_Driver/Inc/Legacy -I../Drivers/CMSIS/Device/ST/STM32F4xx/Include -I../Drivers/CMSIS/Include -O0 -ffunction-sections -fdata-sections -Wall -fstack-usage -fcyclomatic-complexity -MMD -MP -MF"Drivers/STM32F4xx_HAL_Driver/Src/stm32f4xx_hal_tim_ex.d" -MT"Drivers/STM32F4xx_HAL_Driver/Src/stm32f4xx_hal_tim_ex.o" --specs=nano.specs -mfpu=fpv4-sp-d16 -mfloat-abi=hard -mthumb -o "Drivers/STM32F4xx_HAL_Driver/Src/stm32f4xx_hal_tim_ex.o"
arm-none-eabi-gcc "../Drivers/STM32F4xx_HAL_Driver/Src/stm32f4xx_hal_uart.c" -mcpu=cortex-m4 -std=gnu11 -g3 -DDEBUG -DUSE_HAL_DRIVER -DSTM32F407xx -c -I../Core/Inc -I../Drivers/STM32F4xx_HAL_Driver/Inc -I../Drivers/STM32F4xx_HAL_Driver/Inc/Legacy -I../Drivers/CMSIS/Device/ST/STM32F4xx/Include -I../Drivers/CMSIS/Include -O0 -ffunction-sections -fdata-sections -Wall -fstack-usage -fcyclomatic-complexity -MMD -MP -MF"Drivers/STM32F4xx_HAL_Driver/Src/stm32f4xx_hal_uart.d" -MT"Drivers/STM32F4xx_HAL_Driver/Src/stm32f4xx_hal_uart.o" --specs=nano.specs -mfpu=fpv4-sp-d16 -mfloat-abi=hard -mthumb -o "Drivers/STM32F4xx_HAL_Driver/Src/stm32f4xx_hal_uart.o"
arm-none-eabi-gcc -mcpu=cortex-m4 -g3 -DDEBUG -c -x assembler-with-cpp -MMD -MP -MF"Core/Startup/startup_stm32f407vetx.d" -MT"Core/Startup/startup_stm32f407vetx.o" --specs=nano.specs -mfpu=fpv4-sp-d16 -mfloat-abi=hard -mthumb -o "Core/Startup/startup_stm32f407vetx.o" "../Core/Startup/startup_stm32f407vetx.s"
arm-none-eabi-gcc "../Core/Src/ICM20948.c" -mcpu=cortex-m4 -std=gnu11 -g3 -DDEBUG -DUSE_HAL_DRIVER -DSTM32F407xx -c -I../Core/Inc -I../Drivers/STM32F4xx_HAL_Driver/Inc -I../Drivers/STM32F4xx_HAL_Driver/Inc/Legacy -I../Drivers/CMSIS/Device/ST/STM32F4xx/Include -I../Drivers/CMSIS/Include -O0 -ffunction-sections -fdata-sections -Wall -u _printf_float -fstack-usage -fcyclomatic-complexity -MMD -MP -MF"Core/Src/ICM20948.d" -MT"Core/Src/ICM20948.o" --specs=nano.specs -mfpu=fpv4-sp-d16 -mfloat-abi=hard -mthumb -o "Core/Src/ICM20948.o"
arm-none-eabi-gcc "../Core/Src/helper.c" -mcpu=cortex-m4 -std=gnu11 -g3 -DDEBUG -DUSE_HAL_DRIVER -DSTM32F407xx -c -I../Core/Inc -I../Drivers/STM32F4xx_HAL_Driver/Inc -I../Drivers/STM32F4xx_HAL_Driver/Inc/Legacy -I../Drivers/CMSIS/Device/ST/STM32F4xx/Include -I../Drivers/CMSIS/Include -O0 -ffunction-sections -fdata-sections -Wall -u _printf_float -fstack-usage -fcyclomatic-complexity -MMD -MP -MF"Core/Src/helper.d" -MT"Core/Src/helper.o" --specs=nano.specs -mfpu=fpv4-sp-d16 -mfloat-abi=hard -mthumb -o "Core/Src/helper.o"
arm-none-eabi-gcc "../Core/Src/main.c" -mcpu=cortex-m4 -std=gnu11 -g3 -DDEBUG -DUSE_HAL_DRIVER -DSTM32F407xx -c -I../Core/Inc -I../Drivers/STM32F4xx_HAL_Driver/Inc -I../Drivers/STM32F4xx_HAL_Driver/Inc/Legacy -I../Drivers/CMSIS/Device/ST/STM32F4xx/Include -I../Drivers/CMSIS/Include -O0 -ffunction-sections -fdata-sections -Wall -u _printf_float -fstack-usage -fcyclomatic-complexity -MMD -MP -MF"Core/Src/main.d" -MT"Core/Src/main.o" --specs=nano.specs -mfpu=fpv4-sp-d16 -mfloat-abi=hard -mthumb -o "Core/Src/main.o"
arm-none-eabi-gcc "../Core/Src/motor.c" -mcpu=cortex-m4 -std=gnu11 -g3 -DDEBUG -DUSE_HAL_DRIVER -DSTM32F407xx -c -I../Core/Inc -I../Drivers/STM32F4xx_HAL_Driver/Inc -I../Drivers/STM32F4xx_HAL_Driver/Inc/Legacy -I../Drivers/CMSIS/Device/ST/STM32F4xx/Include -I../Drivers/CMSIS/Include -O0 -ffunction-sections -fdata-sections -Wall -u _printf_float -fstack-usage -fcyclomatic-complexity -MMD -MP -MF"Core/Src/motor.d" -MT"Core/Src/motor.o" --specs=nano.specs -mfpu=fpv4-sp-d16 -mfloat-abi=hard -mthumb -o "Core/Src/motor.o"
arm-none-eabi-gcc "../Core/Src/oled.c" -mcpu=cortex-m4 -std=gnu11 -g3 -DDEBUG -DUSE_HAL_DRIVER -DSTM32F407xx -c -I../Core/Inc -I../Drivers/STM32F4xx_HAL_Driver/Inc -I../Drivers/STM32F4xx_HAL_Driver/Inc/Legacy -I../Drivers/CMSIS/Device/ST/STM32F4xx/Include -I../Drivers/CMSIS/Include -O0 -ffunction-sections -fdata-sections -Wall -u _printf_float -fstack-usage -fcyclomatic-complexity -MMD -MP -MF"Core/Src/oled.d" -MT"Core/Src/oled.o" --specs=nano.specs -mfpu=fpv4-sp-d16 -mfloat-abi=hard -mthumb -o "Core/Src/oled.o"
../Core/Src/helper.c: In function 'print_OLED':
../Core/Src/helper.c:22:17: warning: implicit declaration of function 'sprintf' [-Wimplicit-function-declaration]
   22 |                 sprintf(buf, msg, val);
      |                 ^~~~~~~
../Core/Src/helper.c:11:1: note: include '<stdio.h>' or provide a declaration of 'sprintf'
   10 | #include "helper.h"
  +++ |+#include <stdio.h>
   11 | 
../Core/Src/helper.c:22:17: warning: incompatible implicit declaration of built-in function 'sprintf' [-Wbuiltin-declaration-mismatch]
   22 |                 sprintf(buf, msg, val);
      |                 ^~~~~~~
../Core/Src/helper.c:22:17: note: include '<stdio.h>' or provide a declaration of 'sprintf'
../Core/Src/helper.c:22:25: warning: passing argument 1 of 'sprintf' from incompatible pointer type [-Wincompatible-pointer-types]
   22 |                 sprintf(buf, msg, val);
      |                         ^~~
      |                         |
      |                         uint8_t ** {aka unsigned char **}
../Core/Src/helper.c:22:25: note: expected 'char *' but argument is of type 'uint8_t **' {aka 'unsigned char **'}
../Core/Src/helper.c:22:30: warning: pointer targets in passing argument 2 of 'sprintf' differ in signedness [-Wpointer-sign]
   22 |                 sprintf(buf, msg, val);
      |                              ^~~
      |                              |
      |                              uint8_t * {aka unsigned char *}
../Core/Src/helper.c:22:30: note: expected 'const char *' but argument is of type 'uint8_t *' {aka 'unsigned char *'}
../Core/Src/helper.c:24:17: warning: incompatible implicit declaration of built-in function 'sprintf' [-Wbuiltin-declaration-mismatch]
   24 |                 sprintf(buf, msg);
      |                 ^~~~~~~
../Core/Src/helper.c:24:17: note: include '<stdio.h>' or provide a declaration of 'sprintf'
../Core/Src/helper.c:24:25: warning: passing argument 1 of 'sprintf' from incompatible pointer type [-Wincompatible-pointer-types]
   24 |                 sprintf(buf, msg);
      |                         ^~~
      |                         |
      |                         uint8_t ** {aka unsigned char **}
../Core/Src/helper.c:24:25: note: expected 'char *' but argument is of type 'uint8_t **' {aka 'unsigned char **'}
../Core/Src/helper.c:24:30: warning: pointer targets in passing argument 2 of 'sprintf' differ in signedness [-Wpointer-sign]
   24 |                 sprintf(buf, msg);
      |                              ^~~
      |                              |
      |                              uint8_t * {aka unsigned char *}
../Core/Src/helper.c:24:30: note: expected 'const char *' but argument is of type 'uint8_t *' {aka 'unsigned char *'}
../Core/Src/helper.c:27:9: warning: implicit declaration of function 'OLED_ShowString' [-Wimplicit-function-declaration]
   27 |         OLED_ShowString(x, y, buf);
      |         ^~~~~~~~~~~~~~~
../Core/Src/motor.c: In function 'PID_Control_left':
../Core/Src/motor.c:48:11: warning: implicit declaration of function 'abs' [-Wimplicit-function-declaration]
   48 |       if (abs(l_error)>2){ //more than 2 degree difference
      |           ^~~
../Core/Src/motor.c:12:1: note: include '<stdlib.h>' or provide a declaration of 'abs'
   11 | #include <motor.h>
  +++ |+#include <stdlib.h>
   12 | 
../Core/Src/ICM20948.c: In function 'ICM20948_init':
../Core/Src/ICM20948.c:120:27: warning: variable 'status' set but not used [-Wunused-but-set-variable]
  120 |         HAL_StatusTypeDef status = HAL_OK;
      |                           ^~~~~~
../Core/Src/ICM20948.c: In function 'ICM20948_readTemperature':
../Core/Src/ICM20948.c:280:21: warning: variable 'status' set but not used [-Wunused-but-set-variable]
  280 |   HAL_StatusTypeDef status = HAL_OK;
      |                     ^~~~~~
../Core/Src/ICM20948.c: In function 'ICM20948_readMagnetometer_allAxises':
../Core/Src/ICM20948.c:321:27: warning: variable 'status' set but not used [-Wunused-but-set-variable]
  321 |         HAL_StatusTypeDef status = HAL_OK;
      |                           ^~~~~~
arm-none-eabi-gcc "../Core/Src/sensor.c" -mcpu=cortex-m4 -std=gnu11 -g3 -DDEBUG -DUSE_HAL_DRIVER -DSTM32F407xx -c -I../Core/Inc -I../Drivers/STM32F4xx_HAL_Driver/Inc -I../Drivers/STM32F4xx_HAL_Driver/Inc/Legacy -I../Drivers/CMSIS/Device/ST/STM32F4xx/Include -I../Drivers/CMSIS/Include -O0 -ffunction-sections -fdata-sections -Wall -u _printf_float -fstack-usage -fcyclomatic-complexity -MMD -MP -MF"Core/Src/sensor.d" -MT"Core/Src/sensor.o" --specs=nano.specs -mfpu=fpv4-sp-d16 -mfloat-abi=hard -mthumb -o "Core/Src/sensor.o"
../Core/Src/helper.c:28:9: warning: implicit declaration of function 'OLED_Refresh_Gram' [-Wimplicit-function-declaration]
   28 |         OLED_Refresh_Gram();
      |         ^~~~~~~~~~~~~~~~~
../Core/Src/helper.c: In function 'move':
../Core/Src/helper.c:41:35: warning: pointer targets in passing argument 3 of 'print_OLED' differ in signedness [-Wpointer-sign]
   41 |                 print_OLED(0, 30, "Forward", false, 0);
      |                                   ^~~~~~~~~
      |                                   |
      |                                   char *
../Core/Src/helper.c:18:40: note: expected 'uint8_t *' {aka 'unsigned char *'} but argument is of type 'char *'
   18 | void print_OLED(int x, int y, uint8_t* msg, bool var_exist, int32_t val) {
      |                               ~~~~~~~~~^~~
../Core/Src/helper.c:42:17: warning: implicit declaration of function 'forward' [-Wimplicit-function-declaration]
   42 |                 forward(40);
      |                 ^~~~~~~
../Core/Src/helper.c:45:35: warning: pointer targets in passing argument 3 of 'print_OLED' differ in signedness [-Wpointer-sign]
   45 |                 print_OLED(0, 30, "Backward", false, 0);
      |                                   ^~~~~~~~~~
      |                                   |
      |                                   char *
../Core/Src/helper.c:18:40: note: expected 'uint8_t *' {aka 'unsigned char *'} but argument is of type 'char *'
   18 | void print_OLED(int x, int y, uint8_t* msg, bool var_exist, int32_t val) {
      |                               ~~~~~~~~~^~~
../Core/Src/helper.c:46:17: warning: implicit declaration of function 'backward' [-Wimplicit-function-declaration]
   46 |                 backward(40);
      |                 ^~~~~~~~
../Core/Src/helper.c:49:35: warning: pointer targets in passing argument 3 of 'print_OLED' differ in signedness [-Wpointer-sign]
   49 |                 print_OLED(0, 30, "Forward left", false, 0);
      |                                   ^~~~~~~~~~~~~~
      |                                   |
      |                                   char *
../Core/Src/helper.c:18:40: note: expected 'uint8_t *' {aka 'unsigned char *'} but argument is of type 'char *'
   18 | void print_OLED(int x, int y, uint8_t* msg, bool var_exist, int32_t val) {
      |                               ~~~~~~~~~^~~
../Core/Src/motor.c: In function 'motor_get_drive':
../Core/Src/motor.c:221:5: warning: implicit declaration of function 'move_straight' [-Wimplicit-function-declaration]
  221 |     move_straight(dir);
      |     ^~~~~~~~~~~~~
../Core/Src/motor.c: In function 'forward':
../Core/Src/motor.c:259:27: warning: pointer targets in passing argument 3 of 'print_OLED' differ in signedness [-Wpointer-sign]
  259 |         print_OLED(0, 45, "%u", true, 65535 - encoder_cnt);
      |                           ^~~~
      |                           |
      |                           char *
In file included from ../Core/Inc/servo.h:15,
                 from ../Core/Inc/motor.h:15,
                 from ../Core/Src/motor.c:11:
../Core/Inc/helper.h:30:40: note: expected 'uint8_t *' {aka 'unsigned char *'} but argument is of type 'char *'
   30 | void print_OLED(int x, int y, uint8_t* msg, bool var_exist, int32_t val);
      |                               ~~~~~~~~~^~~
../Core/Src/motor.c:236:14: warning: unused variable 'target_pulses' [-Wunused-variable]
  236 |     uint32_t target_pulses = (uint32_t)(distance * pulses_per_cm);
      |              ^~~~~~~~~~~~~
../Core/Src/motor.c: In function 'forward_pid':
../Core/Src/motor.c:302:5: warning: implicit declaration of function 'sprintf' [-Wimplicit-function-declaration]
  302 |     sprintf(buf, "target_pulse: %u", target_pulses);
      |     ^~~~~~~
../Core/Src/motor.c:12:1: note: include '<stdio.h>' or provide a declaration of 'sprintf'
   11 | #include <motor.h>
  +++ |+#include <stdio.h>
   12 | 
../Core/Src/motor.c:302:5: warning: incompatible implicit declaration of built-in function 'sprintf' [-Wbuiltin-declaration-mismatch]
  302 |     sprintf(buf, "target_pulse: %u", target_pulses);
      |     ^~~~~~~
../Core/Src/motor.c:302:5: note: include '<stdio.h>' or provide a declaration of 'sprintf'
../Core/Src/motor.c:302:13: warning: pointer targets in passing argument 1 of 'sprintf' differ in signedness [-Wpointer-sign]
  302 |     sprintf(buf, "target_pulse: %u", target_pulses);
      |             ^~~
      |             |
      |             uint8_t * {aka unsigned char *}
../Core/Src/motor.c:302:13: note: expected 'char *' but argument is of type 'uint8_t *' {aka 'unsigned char *'}
../Core/Src/motor.c:302:34: warning: format '%u' expects argument of type 'unsigned int', but argument 3 has type 'uint32_t' {aka 'long unsigned int'} [-Wformat=]
  302 |     sprintf(buf, "target_pulse: %u", target_pulses);
      |                                 ~^   ~~~~~~~~~~~~~
      |                                  |   |
      |                                  |   uint32_t {aka long unsigned int}
      |                                  unsigned int
      |                                 %lu
../Core/Src/motor.c:316:22: warning: pointer targets in passing argument 3 of 'print_OLED' differ in signedness [-Wpointer-sign]
  316 |     print_OLED(0, 0, "ta: %ld", true, target_angle);
      |                      ^~~~~~~~~
      |                      |
      |                      char *
../Core/Inc/helper.h:30:40: note: expected 'uint8_t *' {aka 'unsigned char *'} but argument is of type 'char *'
   30 | void print_OLED(int x, int y, uint8_t* msg, bool var_exist, int32_t val);
      |                               ~~~~~~~~~^~~
../Core/Src/motor.c:379:27: warning: pointer targets in passing argument 3 of 'print_OLED' differ in signedness [-Wpointer-sign]
  379 |         print_OLED(0, 15, "l: %ld", true, l_angle);
      |                           ^~~~~~~~
      |                           |
      |                           char *
../Core/Inc/helper.h:30:40: note: expected 'uint8_t *' {aka 'unsigned char *'} but argument is of type 'char *'
   30 | void print_OLED(int x, int y, uint8_t* msg, bool var_exist, int32_t val);
      |                               ~~~~~~~~~^~~
../Core/Src/motor.c:380:27: warning: pointer targets in passing argument 3 of 'print_OLED' differ in signedness [-Wpointer-sign]
  380 |         print_OLED(0, 30, "r: %ld", true, r_angle);
      |                           ^~~~~~~~
      |                           |
      |                           char *
../Core/Inc/helper.h:30:40: note: expected 'uint8_t *' {aka 'unsigned char *'} but argument is of type 'char *'
   30 | void print_OLED(int x, int y, uint8_t* msg, bool var_exist, int32_t val);
      |                               ~~~~~~~~~^~~
../Core/Src/motor.c: In function 'backward':
../Core/Src/motor.c:409:5: warning: incompatible implicit declaration of built-in function 'sprintf' [-Wbuiltin-declaration-mismatch]
  409 |     sprintf(buf, "target_pulse: %u", target_pulses);
      |     ^~~~~~~
../Core/Src/motor.c:409:5: note: include '<stdio.h>' or provide a declaration of 'sprintf'
../Core/Src/motor.c:409:13: warning: pointer targets in passing argument 1 of 'sprintf' differ in signedness [-Wpointer-sign]
  409 |     sprintf(buf, "target_pulse: %u", target_pulses);
      |             ^~~
      |             |
      |             uint8_t * {aka unsigned char *}
../Core/Src/motor.c:409:13: note: expected 'char *' but argument is of type 'uint8_t *' {aka 'unsigned char *'}
../Core/Src/motor.c:409:34: warning: format '%u' expects argument of type 'unsigned int', but argument 3 has type 'uint32_t' {aka 'long unsigned int'} [-Wformat=]
  409 |     sprintf(buf, "target_pulse: %u", target_pulses);
      |                                 ~^   ~~~~~~~~~~~~~
      |                                  |   |
      |                                  |   uint32_t {aka long unsigned int}
      |                                  unsigned int
      |                                 %lu
../Core/Src/motor.c:422:27: warning: pointer targets in passing argument 3 of 'OLED_ShowString' differ in signedness [-Wpointer-sign]
  422 |     OLED_ShowString(0, 0, "encoder_cnt: ");
      |                           ^~~~~~~~~~~~~~~
      |                           |
      |                           char *
In file included from ../Core/Inc/motor.h:14:
../Core/Inc/oled.h:44:59: note: expected 'const uint8_t *' {aka 'const unsigned char *'} but argument is of type 'char *'
   44 | void OLED_ShowString(uint8_t x, uint8_t y, const uint8_t *p);
      |                                            ~~~~~~~~~~~~~~~^
../Core/Src/motor.c:428:17: warning: pointer targets in passing argument 1 of 'sprintf' differ in signedness [-Wpointer-sign]
  428 |         sprintf(buf, "%u", encoder_cnt);
      |                 ^~~
      |                 |
      |                 uint8_t * {aka unsigned char *}
../Core/Src/motor.c:428:17: note: expected 'char *' but argument is of type 'uint8_t *' {aka 'unsigned char *'}
../Core/Src/motor.c:428:24: warning: format '%u' expects argument of type 'unsigned int', but argument 3 has type 'uint32_t' {aka 'long unsigned int'} [-Wformat=]
  428 |         sprintf(buf, "%u", encoder_cnt);
      |                       ~^   ~~~~~~~~~~~
      |                        |   |
      |                        |   uint32_t {aka long unsigned int}
      |                        unsigned int
      |                       %lu
../Core/Src/motor.c: In function 'forward_right':
../Core/Src/motor.c:461:27: warning: pointer targets in passing argument 3 of 'OLED_ShowString' differ in signedness [-Wpointer-sign]
  461 |     OLED_ShowString(0, 0, "encoder_cnt: ");
      |                           ^~~~~~~~~~~~~~~
      |                           |
      |                           char *
../Core/Inc/oled.h:44:59: note: expected 'const uint8_t *' {aka 'const unsigned char *'} but argument is of type 'char *'
   44 | void OLED_ShowString(uint8_t x, uint8_t y, const uint8_t *p);
      |                                            ~~~~~~~~~~~~~~~^
../Core/Src/helper.c:50:17: warning: implicit declaration of function 'forward_left' [-Wimplicit-function-declaration]
   50 |                 forward_left();
      |                 ^~~~~~~~~~~~
../Core/Src/helper.c:53:35: warning: pointer targets in passing argument 3 of 'print_OLED' differ in signedness [-Wpointer-sign]
   53 |                 print_OLED(0, 30, "Forward right", false, 0);
      |                                   ^~~~~~~~~~~~~~~
      |                                   |
      |                                   char *
../Core/Src/helper.c:18:40: note: expected 'uint8_t *' {aka 'unsigned char *'} but argument is of type 'char *'
   18 | void print_OLED(int x, int y, uint8_t* msg, bool var_exist, int32_t val) {
      |                               ~~~~~~~~~^~~
../Core/Src/motor.c:467:9: warning: incompatible implicit declaration of built-in function 'sprintf' [-Wbuiltin-declaration-mismatch]
  467 |         sprintf(buf, "%u", encoder_cnt);  // Format encoder count for display
      |         ^~~~~~~
../Core/Src/motor.c:467:9: note: include '<stdio.h>' or provide a declaration of 'sprintf'
../Core/Src/motor.c:467:17: warning: pointer targets in passing argument 1 of 'sprintf' differ in signedness [-Wpointer-sign]
  467 |         sprintf(buf, "%u", encoder_cnt);  // Format encoder count for display
      |                 ^~~
      |                 |
      |                 uint8_t * {aka unsigned char *}
../Core/Src/motor.c:467:17: note: expected 'char *' but argument is of type 'uint8_t *' {aka 'unsigned char *'}
../Core/Src/motor.c:467:24: warning: format '%u' expects argument of type 'unsigned int', but argument 3 has type 'uint32_t' {aka 'long unsigned int'} [-Wformat=]
  467 |         sprintf(buf, "%u", encoder_cnt);  // Format encoder count for display
      |                       ~^   ~~~~~~~~~~~
      |                        |   |
      |                        |   uint32_t {aka long unsigned int}
      |                        unsigned int
      |                       %lu
../Core/Src/motor.c: In function 'forward_left':
../Core/Src/motor.c:500:27: warning: pointer targets in passing argument 3 of 'OLED_ShowString' differ in signedness [-Wpointer-sign]
  500 |     OLED_ShowString(0, 0, "encoder_cnt: ");
      |                           ^~~~~~~~~~~~~~~
      |                           |
      |                           char *
../Core/Inc/oled.h:44:59: note: expected 'const uint8_t *' {aka 'const unsigned char *'} but argument is of type 'char *'
   44 | void OLED_ShowString(uint8_t x, uint8_t y, const uint8_t *p);
      |                                            ~~~~~~~~~~~~~~~^
../Core/Src/motor.c:505:9: warning: incompatible implicit declaration of built-in function 'sprintf' [-Wbuiltin-declaration-mismatch]
  505 |         sprintf(buf, "%u", encoder_cnt);  // Format encoder count for display
      |         ^~~~~~~
../Core/Src/motor.c:505:9: note: include '<stdio.h>' or provide a declaration of 'sprintf'
../Core/Src/motor.c:505:17: warning: pointer targets in passing argument 1 of 'sprintf' differ in signedness [-Wpointer-sign]
  505 |         sprintf(buf, "%u", encoder_cnt);  // Format encoder count for display
      |                 ^~~
      |                 |
      |                 uint8_t * {aka unsigned char *}
../Core/Src/motor.c:505:17: note: expected 'char *' but argument is of type 'uint8_t *' {aka 'unsigned char *'}
../Core/Src/motor.c:505:24: warning: format '%u' expects argument of type 'unsigned int', but argument 3 has type 'uint32_t' {aka 'long unsigned int'} [-Wformat=]
  505 |         sprintf(buf, "%u", encoder_cnt);  // Format encoder count for display
      |                       ~^   ~~~~~~~~~~~
      |                        |   |
      |                        |   uint32_t {aka long unsigned int}
      |                        unsigned int
      |                       %lu
../Core/Src/motor.c: In function 'PID_Control_left':
../Core/Src/motor.c:78:1: warning: control reaches end of non-void function [-Wreturn-type]
   78 | }
      | ^
../Core/Src/motor.c: In function 'PID_Control_right':
../Core/Src/motor.c:112:1: warning: control reaches end of non-void function [-Wreturn-type]
  112 | }
      | ^
../Core/Src/helper.c:54:17: warning: implicit declaration of function 'forward_right' [-Wimplicit-function-declaration]
   54 |                 forward_right();
      |                 ^~~~~~~~~~~~~
../Core/Src/helper.c:57:35: warning: pointer targets in passing argument 3 of 'print_OLED' differ in signedness [-Wpointer-sign]
   57 |                 print_OLED(0, 30, "Backward left", false, 0);
      |                                   ^~~~~~~~~~~~~~~
      |                                   |
      |                                   char *
../Core/Src/helper.c:18:40: note: expected 'uint8_t *' {aka 'unsigned char *'} but argument is of type 'char *'
   18 | void print_OLED(int x, int y, uint8_t* msg, bool var_exist, int32_t val) {
      |                               ~~~~~~~~~^~~
../Core/Src/main.c: In function 'HCSR04_Read':
../Core/Src/main.c:107:21: error: 'US_TRIG_GPIO_Port' undeclared (first use in this function)
  107 |   HAL_GPIO_WritePin(US_TRIG_GPIO_Port, US_TRIG_Pin, GPIO_PIN_RESET);   // pull the TRIG pin low
      |                     ^~~~~~~~~~~~~~~~~
../Core/Src/main.c:107:21: note: each undeclared identifier is reported only once for each function it appears in
arm-none-eabi-gcc "../Core/Src/servo.c" -mcpu=cortex-m4 -std=gnu11 -g3 -DDEBUG -DUSE_HAL_DRIVER -DSTM32F407xx -c -I../Core/Inc -I../Drivers/STM32F4xx_HAL_Driver/Inc -I../Drivers/STM32F4xx_HAL_Driver/Inc/Legacy -I../Drivers/CMSIS/Device/ST/STM32F4xx/Include -I../Drivers/CMSIS/Include -O0 -ffunction-sections -fdata-sections -Wall -u _printf_float -fstack-usage -fcyclomatic-complexity -MMD -MP -MF"Core/Src/servo.d" -MT"Core/Src/servo.o" --specs=nano.specs -mfpu=fpv4-sp-d16 -mfloat-abi=hard -mthumb -o "Core/Src/servo.o"
../Core/Src/helper.c:58:17: warning: implicit declaration of function 'backward_left' [-Wimplicit-function-declaration]
   58 |                 backward_left();
      |                 ^~~~~~~~~~~~~
../Core/Src/helper.c:61:35: warning: pointer targets in passing argument 3 of 'print_OLED' differ in signedness [-Wpointer-sign]
   61 |                 print_OLED(0, 30, "Backward right", false, 0);
      |                                   ^~~~~~~~~~~~~~~~
      |                                   |
      |                                   char *
../Core/Src/helper.c:18:40: note: expected 'uint8_t *' {aka 'unsigned char *'} but argument is of type 'char *'
   18 | void print_OLED(int x, int y, uint8_t* msg, bool var_exist, int32_t val) {
      |                               ~~~~~~~~~^~~
../Core/Src/main.c:107:40: error: 'US_TRIG_Pin' undeclared (first use in this function)
  107 |   HAL_GPIO_WritePin(US_TRIG_GPIO_Port, US_TRIG_Pin, GPIO_PIN_RESET);   // pull the TRIG pin low
      |                                        ^~~~~~~~~~~
../Core/Src/main.c: In function 'HCSR04_Trigger':
../Core/Src/main.c:125:21: error: 'US_TRIG_GPIO_Port' undeclared (first use in this function)
  125 |   HAL_GPIO_WritePin(US_TRIG_GPIO_Port, US_TRIG_Pin, GPIO_PIN_SET);     // pull the TRIG pin HIGH
      |                     ^~~~~~~~~~~~~~~~~
../Core/Src/helper.c:62:17: warning: implicit declaration of function 'backward_right' [-Wimplicit-function-declaration]
   62 |                 backward_right();
      |                 ^~~~~~~~~~~~~~
../Core/Src/helper.c:65:35: warning: pointer targets in passing argument 3 of 'print_OLED' differ in signedness [-Wpointer-sign]
   65 |                 print_OLED(0, 30, "Stop", false, 0);
      |                                   ^~~~~~
      |                                   |
      |                                   char *
../Core/Src/helper.c:18:40: note: expected 'uint8_t *' {aka 'unsigned char *'} but argument is of type 'char *'
   18 | void print_OLED(int x, int y, uint8_t* msg, bool var_exist, int32_t val) {
      |                               ~~~~~~~~~^~~
../Core/Src/helper.c:66:17: warning: implicit declaration of function 'stop' [-Wimplicit-function-declaration]
   66 |                 stop();
      |                 ^~~~
../Core/Src/helper.c:69:35: warning: pointer targets in passing argument 3 of 'print_OLED' differ in signedness [-Wpointer-sign]
   69 |                 print_OLED(0, 30, "cmd wrong type", false, 0);
      |                                   ^~~~~~~~~~~~~~~~
      |                                   |
      |                                   char *
../Core/Src/helper.c:18:40: note: expected 'uint8_t *' {aka 'unsigned char *'} but argument is of type 'char *'
   18 | void print_OLED(int x, int y, uint8_t* msg, bool var_exist, int32_t val) {
      |                               ~~~~~~~~~^~~
../Core/Src/main.c:125:40: error: 'US_TRIG_Pin' undeclared (first use in this function)
  125 |   HAL_GPIO_WritePin(US_TRIG_GPIO_Port, US_TRIG_Pin, GPIO_PIN_SET);     // pull the TRIG pin HIGH
      |                                        ^~~~~~~~~~~
../Core/Src/main.c: In function 'main':
../Core/Src/main.c:214:25: warning: pointer targets in passing argument 3 of 'OLED_ShowString' differ in signedness [-Wpointer-sign]
  214 |   OLED_ShowString(0, 0, "Press USER btn");
      |                         ^~~~~~~~~~~~~~~~
      |                         |
      |                         char *
In file included from ../Core/Src/main.c:25:
../Core/Inc/oled.h:44:59: note: expected 'const uint8_t *' {aka 'const unsigned char *'} but argument is of type 'char *'
   44 | void OLED_ShowString(uint8_t x, uint8_t y, const uint8_t *p);
      |                                            ~~~~~~~~~~~~~~~^
../Core/Src/main.c:215:26: warning: pointer targets in passing argument 3 of 'OLED_ShowString' differ in signedness [-Wpointer-sign]
  215 |   OLED_ShowString(0, 15, "to continue");
      |                          ^~~~~~~~~~~~~
      |                          |
      |                          char *
../Core/Inc/oled.h:44:59: note: expected 'const uint8_t *' {aka 'const unsigned char *'} but argument is of type 'char *'
   44 | void OLED_ShowString(uint8_t x, uint8_t y, const uint8_t *p);
      |                                            ~~~~~~~~~~~~~~~^
make: *** [Core/Src/subdir.mk:55: Core/Src/main.o] Error 1
make: *** Waiting for unfinished jobs....
../Core/Src/sensor.c: In function 'sensors_read_gyroZ':
../Core/Src/sensor.c:38:68: warning: passing argument 4 of 'ICM20948_readGyroscope_Z' from incompatible pointer type [-Wincompatible-pointer-types]
   38 |         ICM20948_readGyroscope_Z(hi2c_ptr, ICM_I2C_ADDR, GYRO_SEN, &val);
      |                                                                    ^~~~
      |                                                                    |
      |                                                                    float *
In file included from ../Core/Inc/sensor.h:15,
                 from ../Core/Src/sensor.c:10:
../Core/Inc/ICM20948.h:76:135: note: expected 'int16_t *' {aka 'short int *'} but argument is of type 'float *'
   76 | void ICM20948_readGyroscope_Z(I2C_HandleTypeDef * hi2c, uint8_t const selectI2cAddress, uint8_t const selectGyroSensitivity, int16_t *gyroZ);
      |                                                                                                                              ~~~~~~~~~^~~~~
../Core/Src/sensor.c: In function 'sensors_read_accel':
../Core/Src/sensor.c:45:9: warning: implicit declaration of function 'ICM20948_readAccelerometer_all'; did you mean 'ICM20948_readAccelerometer_allAxises'? [-Wimplicit-function-declaration]
   45 |         ICM20948_readAccelerometer_all(hi2c_ptr, ICM_I2C_ADDR, ACCEL_SEN, accel_new);
      |         ^~~~~~~~~~~~~~~~~~~~~~~~~~~~~~
      |         ICM20948_readAccelerometer_allAxises
"make -j8 all" terminated with exit code 2. Build might be incomplete.
13:42:54 **** Incremental Build of configuration Debug for project MDP_STM32 ****
make -j8 all 
arm-none-eabi-gcc "../Core/Src/main.c" -mcpu=cortex-m4 -std=gnu11 -g3 -DDEBUG -DUSE_HAL_DRIVER -DSTM32F407xx -c -I../Core/Inc -I../Drivers/STM32F4xx_HAL_Driver/Inc -I../Drivers/STM32F4xx_HAL_Driver/Inc/Legacy -I../Drivers/CMSIS/Device/ST/STM32F4xx/Include -I../Drivers/CMSIS/Include -O0 -ffunction-sections -fdata-sections -Wall -u _printf_float -fstack-usage -fcyclomatic-complexity -MMD -MP -MF"Core/Src/main.d" -MT"Core/Src/main.o" --specs=nano.specs -mfpu=fpv4-sp-d16 -mfloat-abi=hard -mthumb -o "Core/Src/main.o"
arm-none-eabi-gcc "../Core/Src/stm32f4xx_hal_msp.c" -mcpu=cortex-m4 -std=gnu11 -g3 -DDEBUG -DUSE_HAL_DRIVER -DSTM32F407xx -c -I../Core/Inc -I../Drivers/STM32F4xx_HAL_Driver/Inc -I../Drivers/STM32F4xx_HAL_Driver/Inc/Legacy -I../Drivers/CMSIS/Device/ST/STM32F4xx/Include -I../Drivers/CMSIS/Include -O0 -ffunction-sections -fdata-sections -Wall -u _printf_float -fstack-usage -fcyclomatic-complexity -MMD -MP -MF"Core/Src/stm32f4xx_hal_msp.d" -MT"Core/Src/stm32f4xx_hal_msp.o" --specs=nano.specs -mfpu=fpv4-sp-d16 -mfloat-abi=hard -mthumb -o "Core/Src/stm32f4xx_hal_msp.o"
arm-none-eabi-gcc "../Core/Src/stm32f4xx_it.c" -mcpu=cortex-m4 -std=gnu11 -g3 -DDEBUG -DUSE_HAL_DRIVER -DSTM32F407xx -c -I../Core/Inc -I../Drivers/STM32F4xx_HAL_Driver/Inc -I../Drivers/STM32F4xx_HAL_Driver/Inc/Legacy -I../Drivers/CMSIS/Device/ST/STM32F4xx/Include -I../Drivers/CMSIS/Include -O0 -ffunction-sections -fdata-sections -Wall -u _printf_float -fstack-usage -fcyclomatic-complexity -MMD -MP -MF"Core/Src/stm32f4xx_it.d" -MT"Core/Src/stm32f4xx_it.o" --specs=nano.specs -mfpu=fpv4-sp-d16 -mfloat-abi=hard -mthumb -o "Core/Src/stm32f4xx_it.o"
arm-none-eabi-gcc "../Core/Src/syscalls.c" -mcpu=cortex-m4 -std=gnu11 -g3 -DDEBUG -DUSE_HAL_DRIVER -DSTM32F407xx -c -I../Core/Inc -I../Drivers/STM32F4xx_HAL_Driver/Inc -I../Drivers/STM32F4xx_HAL_Driver/Inc/Legacy -I../Drivers/CMSIS/Device/ST/STM32F4xx/Include -I../Drivers/CMSIS/Include -O0 -ffunction-sections -fdata-sections -Wall -u _printf_float -fstack-usage -fcyclomatic-complexity -MMD -MP -MF"Core/Src/syscalls.d" -MT"Core/Src/syscalls.o" --specs=nano.specs -mfpu=fpv4-sp-d16 -mfloat-abi=hard -mthumb -o "Core/Src/syscalls.o"
arm-none-eabi-gcc "../Core/Src/sysmem.c" -mcpu=cortex-m4 -std=gnu11 -g3 -DDEBUG -DUSE_HAL_DRIVER -DSTM32F407xx -c -I../Core/Inc -I../Drivers/STM32F4xx_HAL_Driver/Inc -I../Drivers/STM32F4xx_HAL_Driver/Inc/Legacy -I../Drivers/CMSIS/Device/ST/STM32F4xx/Include -I../Drivers/CMSIS/Include -O0 -ffunction-sections -fdata-sections -Wall -u _printf_float -fstack-usage -fcyclomatic-complexity -MMD -MP -MF"Core/Src/sysmem.d" -MT"Core/Src/sysmem.o" --specs=nano.specs -mfpu=fpv4-sp-d16 -mfloat-abi=hard -mthumb -o "Core/Src/sysmem.o"
arm-none-eabi-gcc "../Core/Src/system_stm32f4xx.c" -mcpu=cortex-m4 -std=gnu11 -g3 -DDEBUG -DUSE_HAL_DRIVER -DSTM32F407xx -c -I../Core/Inc -I../Drivers/STM32F4xx_HAL_Driver/Inc -I../Drivers/STM32F4xx_HAL_Driver/Inc/Legacy -I../Drivers/CMSIS/Device/ST/STM32F4xx/Include -I../Drivers/CMSIS/Include -O0 -ffunction-sections -fdata-sections -Wall -u _printf_float -fstack-usage -fcyclomatic-complexity -MMD -MP -MF"Core/Src/system_stm32f4xx.d" -MT"Core/Src/system_stm32f4xx.o" --specs=nano.specs -mfpu=fpv4-sp-d16 -mfloat-abi=hard -mthumb -o "Core/Src/system_stm32f4xx.o"
arm-none-eabi-gcc "../Core/Src/test.c" -mcpu=cortex-m4 -std=gnu11 -g3 -DDEBUG -DUSE_HAL_DRIVER -DSTM32F407xx -c -I../Core/Inc -I../Drivers/STM32F4xx_HAL_Driver/Inc -I../Drivers/STM32F4xx_HAL_Driver/Inc/Legacy -I../Drivers/CMSIS/Device/ST/STM32F4xx/Include -I../Drivers/CMSIS/Include -O0 -ffunction-sections -fdata-sections -Wall -u _printf_float -fstack-usage -fcyclomatic-complexity -MMD -MP -MF"Core/Src/test.d" -MT"Core/Src/test.o" --specs=nano.specs -mfpu=fpv4-sp-d16 -mfloat-abi=hard -mthumb -o "Core/Src/test.o"
../Core/Src/main.c: In function 'main':
../Core/Src/main.c:214:25: warning: pointer targets in passing argument 3 of 'OLED_ShowString' differ in signedness [-Wpointer-sign]
  214 |   OLED_ShowString(0, 0, "Press USER btn");
      |                         ^~~~~~~~~~~~~~~~
      |                         |
      |                         char *
In file included from ../Core/Src/main.c:25:
../Core/Inc/oled.h:44:59: note: expected 'const uint8_t *' {aka 'const unsigned char *'} but argument is of type 'char *'
   44 | void OLED_ShowString(uint8_t x, uint8_t y, const uint8_t *p);
      |                                            ~~~~~~~~~~~~~~~^
../Core/Src/main.c:215:26: warning: pointer targets in passing argument 3 of 'OLED_ShowString' differ in signedness [-Wpointer-sign]
  215 |   OLED_ShowString(0, 15, "to continue");
      |                          ^~~~~~~~~~~~~
      |                          |
      |                          char *
../Core/Inc/oled.h:44:59: note: expected 'const uint8_t *' {aka 'const unsigned char *'} but argument is of type 'char *'
   44 | void OLED_ShowString(uint8_t x, uint8_t y, const uint8_t *p);
      |                                            ~~~~~~~~~~~~~~~^
../Core/Src/test.c: In function 'task_A1':
../Core/Src/test.c:15:17: warning: implicit declaration of function 'servo_set_val'; did you mean 'servo_set_dir'? [-Wimplicit-function-declaration]
   15 |                 servo_set_val(LEFT);
      |                 ^~~~~~~~~~~~~
      |                 servo_set_dir
../Core/Src/test.c:18:39: warning: pointer targets in passing argument 3 of 'OLED_ShowString' differ in signedness [-Wpointer-sign]
   18 |                 OLED_ShowString(0, 0, "Left");
      |                                       ^~~~~~
      |                                       |
      |                                       char *
In file included from ../Core/Inc/test.h:12,
                 from ../Core/Src/test.c:8:
../Core/Inc/oled.h:44:59: note: expected 'const uint8_t *' {aka 'const unsigned char *'} but argument is of type 'char *'
   44 | void OLED_ShowString(uint8_t x, uint8_t y, const uint8_t *p);
      |                                            ~~~~~~~~~~~~~~~^
../Core/Src/test.c:20:17: warning: implicit declaration of function 'motor_forward_left'; did you mean 'motor_forward'? [-Wimplicit-function-declaration]
   20 |                 motor_forward_left(90);
      |                 ^~~~~~~~~~~~~~~~~~
      |                 motor_forward
../Core/Src/test.c: In function 'task_A4_right':
../Core/Src/test.c:50:19: warning: implicit declaration of function 'motor_forward_right'; did you mean 'forward_right'? [-Wimplicit-function-declaration]
   50 |                   motor_forward_right(90);
      |                   ^~~~~~~~~~~~~~~~~~~
      |                   forward_right
../Core/Src/test.c: In function 'abhinav_task':
../Core/Src/test.c:64:17: warning: implicit declaration of function 'motor_backward_inf'; did you mean 'motor_backward'? [-Wimplicit-function-declaration]
   64 |                 motor_backward_inf();
      |                 ^~~~~~~~~~~~~~~~~~
      |                 motor_backward
../Core/Src/test.c: In function 'moving_task':
../Core/Src/test.c:84:39: warning: pointer targets in passing argument 3 of 'OLED_ShowString' differ in signedness [-Wpointer-sign]
   84 |                 OLED_ShowString(0, 0, "Forward");
      |                                       ^~~~~~~~~
      |                                       |
      |                                       char *
../Core/Inc/oled.h:44:59: note: expected 'const uint8_t *' {aka 'const unsigned char *'} but argument is of type 'char *'
   44 | void OLED_ShowString(uint8_t x, uint8_t y, const uint8_t *p);
      |                                            ~~~~~~~~~~~~~~~^
../Core/Src/test.c:91:39: warning: pointer targets in passing argument 3 of 'OLED_ShowString' differ in signedness [-Wpointer-sign]
   91 |                 OLED_ShowString(0, 0, "Backward");
      |                                       ^~~~~~~~~~
      |                                       |
      |                                       char *
../Core/Inc/oled.h:44:59: note: expected 'const uint8_t *' {aka 'const unsigned char *'} but argument is of type 'char *'
   44 | void OLED_ShowString(uint8_t x, uint8_t y, const uint8_t *p);
      |                                            ~~~~~~~~~~~~~~~^
../Core/Src/test.c:98:39: warning: pointer targets in passing argument 3 of 'OLED_ShowString' differ in signedness [-Wpointer-sign]
   98 |                 OLED_ShowString(0, 0, "Left");
      |                                       ^~~~~~
      |                                       |
      |                                       char *
../Core/Inc/oled.h:44:59: note: expected 'const uint8_t *' {aka 'const unsigned char *'} but argument is of type 'char *'
   44 | void OLED_ShowString(uint8_t x, uint8_t y, const uint8_t *p);
      |                                            ~~~~~~~~~~~~~~~^
../Core/Src/test.c:105:39: warning: pointer targets in passing argument 3 of 'OLED_ShowString' differ in signedness [-Wpointer-sign]
  105 |                 OLED_ShowString(0, 0, "Right");
      |                                       ^~~~~~~
      |                                       |
      |                                       char *
../Core/Inc/oled.h:44:59: note: expected 'const uint8_t *' {aka 'const unsigned char *'} but argument is of type 'char *'
   44 | void OLED_ShowString(uint8_t x, uint8_t y, const uint8_t *p);
      |                                            ~~~~~~~~~~~~~~~^
../Core/Src/test.c: In function 'ultrasonic_task':
../Core/Src/test.c:137:30: error: 'htim4' undeclared (first use in this function); did you mean 'htim2'?
  137 |         HAL_TIM_IC_Start_IT(&htim4, TIM_CHANNEL_1);
      |                              ^~~~~
      |                              htim2
../Core/Src/test.c:137:30: note: each undeclared identifier is reported only once for each function it appears in
../Core/Src/test.c:139:26: warning: pointer targets in passing argument 3 of 'print_OLED' differ in signedness [-Wpointer-sign]
  139 |         print_OLED(0, 0, "tc1:", false, 0);
      |                          ^~~~~~
      |                          |
      |                          char *
In file included from ../Core/Inc/test.h:13:
../Core/Inc/helper.h:30:40: note: expected 'uint8_t *' {aka 'unsigned char *'} but argument is of type 'char *'
   30 | void print_OLED(int x, int y, uint8_t* msg, bool var_exist, int32_t val);
      |                               ~~~~~~~~~^~~
../Core/Src/test.c:140:27: warning: pointer targets in passing argument 3 of 'print_OLED' differ in signedness [-Wpointer-sign]
  140 |         print_OLED(0, 15, "tc2:", false, 0);
      |                           ^~~~~~
      |                           |
      |                           char *
../Core/Inc/helper.h:30:40: note: expected 'uint8_t *' {aka 'unsigned char *'} but argument is of type 'char *'
   30 | void print_OLED(int x, int y, uint8_t* msg, bool var_exist, int32_t val);
      |                               ~~~~~~~~~^~~
../Core/Src/test.c:141:27: warning: pointer targets in passing argument 3 of 'print_OLED' differ in signedness [-Wpointer-sign]
  141 |         print_OLED(0, 30, "echo:", false, 0);
      |                           ^~~~~~~
      |                           |
      |                           char *
../Core/Inc/helper.h:30:40: note: expected 'uint8_t *' {aka 'unsigned char *'} but argument is of type 'char *'
   30 | void print_OLED(int x, int y, uint8_t* msg, bool var_exist, int32_t val);
      |                               ~~~~~~~~~^~~
../Core/Src/test.c:142:27: warning: pointer targets in passing argument 3 of 'print_OLED' differ in signedness [-Wpointer-sign]
  142 |         print_OLED(0, 45, "dist:", false, 0);
      |                           ^~~~~~~
      |                           |
      |                           char *
../Core/Inc/helper.h:30:40: note: expected 'uint8_t *' {aka 'unsigned char *'} but argument is of type 'char *'
   30 | void print_OLED(int x, int y, uint8_t* msg, bool var_exist, int32_t val);
      |                               ~~~~~~~~~^~~
../Core/Src/test.c:145:17: warning: implicit declaration of function 'HCSR04_Read' [-Wimplicit-function-declaration]
  145 |                 HCSR04_Read();
      |                 ^~~~~~~~~~~
../Core/Src/test.c:147:35: warning: pointer targets in passing argument 3 of 'print_OLED' differ in signedness [-Wpointer-sign]
  147 |                 print_OLED(40, 0, "%u", true, tc1);
      |                                   ^~~~
      |                                   |
      |                                   char *
../Core/Inc/helper.h:30:40: note: expected 'uint8_t *' {aka 'unsigned char *'} but argument is of type 'char *'
   30 | void print_OLED(int x, int y, uint8_t* msg, bool var_exist, int32_t val);
      |                               ~~~~~~~~~^~~
../Core/Src/test.c:148:36: warning: pointer targets in passing argument 3 of 'print_OLED' differ in signedness [-Wpointer-sign]
  148 |                 print_OLED(40, 15, "%u", true, tc2);
      |                                    ^~~~
      |                                    |
      |                                    char *
../Core/Inc/helper.h:30:40: note: expected 'uint8_t *' {aka 'unsigned char *'} but argument is of type 'char *'
   30 | void print_OLED(int x, int y, uint8_t* msg, bool var_exist, int32_t val);
      |                               ~~~~~~~~~^~~
../Core/Src/test.c:149:36: warning: pointer targets in passing argument 3 of 'print_OLED' differ in signedness [-Wpointer-sign]
  149 |                 print_OLED(40, 30, "%u", true, echo);
      |                                    ^~~~
      |                                    |
      |                                    char *
../Core/Inc/helper.h:30:40: note: expected 'uint8_t *' {aka 'unsigned char *'} but argument is of type 'char *'
   30 | void print_OLED(int x, int y, uint8_t* msg, bool var_exist, int32_t val);
      |                               ~~~~~~~~~^~~
../Core/Src/test.c:150:36: warning: pointer targets in passing argument 3 of 'print_OLED' differ in signedness [-Wpointer-sign]
  150 |                 print_OLED(40, 45, "%u", true, dist);
      |                                    ^~~~
      |                                    |
      |                                    char *
../Core/Inc/helper.h:30:40: note: expected 'uint8_t *' {aka 'unsigned char *'} but argument is of type 'char *'
   30 | void print_OLED(int x, int y, uint8_t* msg, bool var_exist, int32_t val);
      |                               ~~~~~~~~~^~~
../Core/Src/test.c: In function 'gyroscope_task':
../Core/Src/test.c:168:43: warning: pointer targets in passing argument 3 of 'print_OLED' differ in signedness [-Wpointer-sign]
  168 |                         print_OLED(50, 0, "%d", true, gyroZ);
      |                                           ^~~~
      |                                           |
      |                                           char *
../Core/Inc/helper.h:30:40: note: expected 'uint8_t *' {aka 'unsigned char *'} but argument is of type 'char *'
   30 | void print_OLED(int x, int y, uint8_t* msg, bool var_exist, int32_t val);
      |                               ~~~~~~~~~^~~
../Core/Src/test.c:169:44: warning: pointer targets in passing argument 3 of 'print_OLED' differ in signedness [-Wpointer-sign]
  169 |                         print_OLED(70, 15, "%d", true, gyro_angle);
      |                                            ^~~~
      |                                            |
      |                                            char *
../Core/Inc/helper.h:30:40: note: expected 'uint8_t *' {aka 'unsigned char *'} but argument is of type 'char *'
   30 | void print_OLED(int x, int y, uint8_t* msg, bool var_exist, int32_t val);
      |                               ~~~~~~~~~^~~
../Core/Src/test.c:170:56: warning: implicit declaration of function 'abs' [-Wimplicit-function-declaration]
  170 |                         print_OLED(50, 30, "%d", true, abs(gyro_angle - target));
      |                                                        ^~~
../Core/Src/test.c:9:1: note: include '<stdlib.h>' or provide a declaration of 'abs'
    8 | #include "test.h"
  +++ |+#include <stdlib.h>
    9 | 
../Core/Src/test.c:170:71: warning: 'abs' argument 1 type is 'long int' where 'int' is expected in a call to built-in function declared without prototype [-Wbuiltin-declaration-mismatch]
  170 |                         print_OLED(50, 30, "%d", true, abs(gyro_angle - target));
      |                                                            ~~~~~~~~~~~^~~~~~~~
<built-in>: note: built-in 'abs' declared here
../Core/Src/test.c:170:44: warning: pointer targets in passing argument 3 of 'print_OLED' differ in signedness [-Wpointer-sign]
  170 |                         print_OLED(50, 30, "%d", true, abs(gyro_angle - target));
      |                                            ^~~~
      |                                            |
      |                                            char *
../Core/Inc/helper.h:30:40: note: expected 'uint8_t *' {aka 'unsigned char *'} but argument is of type 'char *'
   30 | void print_OLED(int x, int y, uint8_t* msg, bool var_exist, int32_t val);
      |                               ~~~~~~~~~^~~
../Core/Src/test.c:172:51: warning: 'abs' argument 1 type is 'long int' where 'int' is expected in a call to built-in function declared without prototype [-Wbuiltin-declaration-mismatch]
  172 |                         if (abs((int)(gyro_angle) - target) < 1)
      |                                 ~~~~~~~~~~~~~~~~~~^~~~~~~~
<built-in>: note: built-in 'abs' declared here
../Core/Src/test.c:180:26: warning: pointer targets in passing argument 3 of 'print_OLED' differ in signedness [-Wpointer-sign]
  180 |         print_OLED(0, 0, "Done", false, 0);
      |                          ^~~~~~
      |                          |
      |                          char *
../Core/Inc/helper.h:30:40: note: expected 'uint8_t *' {aka 'unsigned char *'} but argument is of type 'char *'
   30 | void print_OLED(int x, int y, uint8_t* msg, bool var_exist, int32_t val);
      |                               ~~~~~~~~~^~~
../Core/Src/test.c: In function 'UART3_task':
../Core/Src/test.c:184:26: warning: pointer targets in passing argument 3 of 'print_OLED' differ in signedness [-Wpointer-sign]
  184 |         print_OLED(0, 0, "cmd_cnt: %u", true, cmd_cnt);
      |                          ^~~~~~~~~~~~~
      |                          |
      |                          char *
../Core/Inc/helper.h:30:40: note: expected 'uint8_t *' {aka 'unsigned char *'} but argument is of type 'char *'
   30 | void print_OLED(int x, int y, uint8_t* msg, bool var_exist, int32_t val);
      |                               ~~~~~~~~~^~~
../Core/Src/test.c: In function 'count_gyro_task':
../Core/Src/test.c:207:27: warning: pointer targets in passing argument 3 of 'print_OLED' differ in signedness [-Wpointer-sign]
  207 |         print_OLED(50, 0, "%d", true, gyroZ);
      |                           ^~~~
      |                           |
      |                           char *
../Core/Inc/helper.h:30:40: note: expected 'uint8_t *' {aka 'unsigned char *'} but argument is of type 'char *'
   30 | void print_OLED(int x, int y, uint8_t* msg, bool var_exist, int32_t val);
      |                               ~~~~~~~~~^~~
make: *** [Core/Src/subdir.mk:55: Core/Src/test.o] Error 1
make: *** Waiting for unfinished jobs....
"make -j8 all" terminated with exit code 2. Build might be incomplete.
13:44:08 **** Incremental Build of configuration Debug for project MDP_STM32 ****
make -j8 all 
arm-none-eabi-gcc "../Core/Src/main.c" -mcpu=cortex-m4 -std=gnu11 -g3 -DDEBUG -DUSE_HAL_DRIVER -DSTM32F407xx -c -I../Core/Inc -I../Drivers/STM32F4xx_HAL_Driver/Inc -I../Drivers/STM32F4xx_HAL_Driver/Inc/Legacy -I../Drivers/CMSIS/Device/ST/STM32F4xx/Include -I../Drivers/CMSIS/Include -O0 -ffunction-sections -fdata-sections -Wall -u _printf_float -fstack-usage -fcyclomatic-complexity -MMD -MP -MF"Core/Src/main.d" -MT"Core/Src/main.o" --specs=nano.specs -mfpu=fpv4-sp-d16 -mfloat-abi=hard -mthumb -o "Core/Src/main.o"
arm-none-eabi-gcc "../Core/Src/test.c" -mcpu=cortex-m4 -std=gnu11 -g3 -DDEBUG -DUSE_HAL_DRIVER -DSTM32F407xx -c -I../Core/Inc -I../Drivers/STM32F4xx_HAL_Driver/Inc -I../Drivers/STM32F4xx_HAL_Driver/Inc/Legacy -I../Drivers/CMSIS/Device/ST/STM32F4xx/Include -I../Drivers/CMSIS/Include -O0 -ffunction-sections -fdata-sections -Wall -u _printf_float -fstack-usage -fcyclomatic-complexity -MMD -MP -MF"Core/Src/test.d" -MT"Core/Src/test.o" --specs=nano.specs -mfpu=fpv4-sp-d16 -mfloat-abi=hard -mthumb -o "Core/Src/test.o"
../Core/Src/main.c: In function 'main':
../Core/Src/main.c:214:25: warning: pointer targets in passing argument 3 of 'OLED_ShowString' differ in signedness [-Wpointer-sign]
  214 |   OLED_ShowString(0, 0, "Press USER btn");
      |                         ^~~~~~~~~~~~~~~~
      |                         |
      |                         char *
In file included from ../Core/Src/main.c:25:
../Core/Inc/oled.h:44:59: note: expected 'const uint8_t *' {aka 'const unsigned char *'} but argument is of type 'char *'
   44 | void OLED_ShowString(uint8_t x, uint8_t y, const uint8_t *p);
      |                                            ~~~~~~~~~~~~~~~^
../Core/Src/main.c:215:26: warning: pointer targets in passing argument 3 of 'OLED_ShowString' differ in signedness [-Wpointer-sign]
  215 |   OLED_ShowString(0, 15, "to continue");
      |                          ^~~~~~~~~~~~~
      |                          |
      |                          char *
../Core/Inc/oled.h:44:59: note: expected 'const uint8_t *' {aka 'const unsigned char *'} but argument is of type 'char *'
   44 | void OLED_ShowString(uint8_t x, uint8_t y, const uint8_t *p);
      |                                            ~~~~~~~~~~~~~~~^
../Core/Src/test.c: In function 'task_A1':
../Core/Src/test.c:15:17: warning: implicit declaration of function 'servo_set_val'; did you mean 'servo_set_dir'? [-Wimplicit-function-declaration]
   15 |                 servo_set_val(LEFT);
      |                 ^~~~~~~~~~~~~
      |                 servo_set_dir
../Core/Src/test.c:18:39: warning: pointer targets in passing argument 3 of 'OLED_ShowString' differ in signedness [-Wpointer-sign]
   18 |                 OLED_ShowString(0, 0, "Left");
      |                                       ^~~~~~
      |                                       |
      |                                       char *
In file included from ../Core/Inc/test.h:12,
                 from ../Core/Src/test.c:8:
../Core/Inc/oled.h:44:59: note: expected 'const uint8_t *' {aka 'const unsigned char *'} but argument is of type 'char *'
   44 | void OLED_ShowString(uint8_t x, uint8_t y, const uint8_t *p);
      |                                            ~~~~~~~~~~~~~~~^
../Core/Src/test.c:20:17: warning: implicit declaration of function 'motor_forward_left'; did you mean 'motor_forward'? [-Wimplicit-function-declaration]
   20 |                 motor_forward_left(90);
      |                 ^~~~~~~~~~~~~~~~~~
      |                 motor_forward
../Core/Src/test.c: In function 'task_A4_right':
../Core/Src/test.c:50:19: warning: implicit declaration of function 'motor_forward_right'; did you mean 'forward_right'? [-Wimplicit-function-declaration]
   50 |                   motor_forward_right(90);
      |                   ^~~~~~~~~~~~~~~~~~~
      |                   forward_right
../Core/Src/test.c: In function 'abhinav_task':
../Core/Src/test.c:64:17: warning: implicit declaration of function 'motor_backward_inf'; did you mean 'motor_backward'? [-Wimplicit-function-declaration]
   64 |                 motor_backward_inf();
      |                 ^~~~~~~~~~~~~~~~~~
      |                 motor_backward
../Core/Src/test.c: In function 'moving_task':
../Core/Src/test.c:84:39: warning: pointer targets in passing argument 3 of 'OLED_ShowString' differ in signedness [-Wpointer-sign]
   84 |                 OLED_ShowString(0, 0, "Forward");
      |                                       ^~~~~~~~~
      |                                       |
      |                                       char *
../Core/Inc/oled.h:44:59: note: expected 'const uint8_t *' {aka 'const unsigned char *'} but argument is of type 'char *'
   44 | void OLED_ShowString(uint8_t x, uint8_t y, const uint8_t *p);
      |                                            ~~~~~~~~~~~~~~~^
../Core/Src/test.c:91:39: warning: pointer targets in passing argument 3 of 'OLED_ShowString' differ in signedness [-Wpointer-sign]
   91 |                 OLED_ShowString(0, 0, "Backward");
      |                                       ^~~~~~~~~~
      |                                       |
      |                                       char *
../Core/Inc/oled.h:44:59: note: expected 'const uint8_t *' {aka 'const unsigned char *'} but argument is of type 'char *'
   44 | void OLED_ShowString(uint8_t x, uint8_t y, const uint8_t *p);
      |                                            ~~~~~~~~~~~~~~~^
../Core/Src/test.c:98:39: warning: pointer targets in passing argument 3 of 'OLED_ShowString' differ in signedness [-Wpointer-sign]
   98 |                 OLED_ShowString(0, 0, "Left");
      |                                       ^~~~~~
      |                                       |
      |                                       char *
../Core/Inc/oled.h:44:59: note: expected 'const uint8_t *' {aka 'const unsigned char *'} but argument is of type 'char *'
   44 | void OLED_ShowString(uint8_t x, uint8_t y, const uint8_t *p);
      |                                            ~~~~~~~~~~~~~~~^
../Core/Src/test.c:105:39: warning: pointer targets in passing argument 3 of 'OLED_ShowString' differ in signedness [-Wpointer-sign]
  105 |                 OLED_ShowString(0, 0, "Right");
      |                                       ^~~~~~~
      |                                       |
      |                                       char *
../Core/Inc/oled.h:44:59: note: expected 'const uint8_t *' {aka 'const unsigned char *'} but argument is of type 'char *'
   44 | void OLED_ShowString(uint8_t x, uint8_t y, const uint8_t *p);
      |                                            ~~~~~~~~~~~~~~~^
../Core/Src/test.c: In function 'ultrasonic_task':
../Core/Src/test.c:139:26: warning: pointer targets in passing argument 3 of 'print_OLED' differ in signedness [-Wpointer-sign]
  139 |         print_OLED(0, 0, "tc1:", false, 0);
      |                          ^~~~~~
      |                          |
      |                          char *
In file included from ../Core/Inc/test.h:13:
../Core/Inc/helper.h:30:40: note: expected 'uint8_t *' {aka 'unsigned char *'} but argument is of type 'char *'
   30 | void print_OLED(int x, int y, uint8_t* msg, bool var_exist, int32_t val);
      |                               ~~~~~~~~~^~~
../Core/Src/test.c:140:27: warning: pointer targets in passing argument 3 of 'print_OLED' differ in signedness [-Wpointer-sign]
  140 |         print_OLED(0, 15, "tc2:", false, 0);
      |                           ^~~~~~
      |                           |
      |                           char *
../Core/Inc/helper.h:30:40: note: expected 'uint8_t *' {aka 'unsigned char *'} but argument is of type 'char *'
   30 | void print_OLED(int x, int y, uint8_t* msg, bool var_exist, int32_t val);
      |                               ~~~~~~~~~^~~
../Core/Src/test.c:141:27: warning: pointer targets in passing argument 3 of 'print_OLED' differ in signedness [-Wpointer-sign]
  141 |         print_OLED(0, 30, "echo:", false, 0);
      |                           ^~~~~~~
      |                           |
      |                           char *
../Core/Inc/helper.h:30:40: note: expected 'uint8_t *' {aka 'unsigned char *'} but argument is of type 'char *'
   30 | void print_OLED(int x, int y, uint8_t* msg, bool var_exist, int32_t val);
      |                               ~~~~~~~~~^~~
../Core/Src/test.c:142:27: warning: pointer targets in passing argument 3 of 'print_OLED' differ in signedness [-Wpointer-sign]
  142 |         print_OLED(0, 45, "dist:", false, 0);
      |                           ^~~~~~~
      |                           |
      |                           char *
../Core/Inc/helper.h:30:40: note: expected 'uint8_t *' {aka 'unsigned char *'} but argument is of type 'char *'
   30 | void print_OLED(int x, int y, uint8_t* msg, bool var_exist, int32_t val);
      |                               ~~~~~~~~~^~~
../Core/Src/test.c:145:17: warning: implicit declaration of function 'HCSR04_Read' [-Wimplicit-function-declaration]
  145 |                 HCSR04_Read();
      |                 ^~~~~~~~~~~
../Core/Src/test.c:147:35: warning: pointer targets in passing argument 3 of 'print_OLED' differ in signedness [-Wpointer-sign]
  147 |                 print_OLED(40, 0, "%u", true, tc1);
      |                                   ^~~~
      |                                   |
      |                                   char *
../Core/Inc/helper.h:30:40: note: expected 'uint8_t *' {aka 'unsigned char *'} but argument is of type 'char *'
   30 | void print_OLED(int x, int y, uint8_t* msg, bool var_exist, int32_t val);
      |                               ~~~~~~~~~^~~
../Core/Src/test.c:148:36: warning: pointer targets in passing argument 3 of 'print_OLED' differ in signedness [-Wpointer-sign]
  148 |                 print_OLED(40, 15, "%u", true, tc2);
      |                                    ^~~~
      |                                    |
      |                                    char *
../Core/Inc/helper.h:30:40: note: expected 'uint8_t *' {aka 'unsigned char *'} but argument is of type 'char *'
   30 | void print_OLED(int x, int y, uint8_t* msg, bool var_exist, int32_t val);
      |                               ~~~~~~~~~^~~
../Core/Src/test.c:149:36: warning: pointer targets in passing argument 3 of 'print_OLED' differ in signedness [-Wpointer-sign]
  149 |                 print_OLED(40, 30, "%u", true, echo);
      |                                    ^~~~
      |                                    |
      |                                    char *
../Core/Inc/helper.h:30:40: note: expected 'uint8_t *' {aka 'unsigned char *'} but argument is of type 'char *'
   30 | void print_OLED(int x, int y, uint8_t* msg, bool var_exist, int32_t val);
      |                               ~~~~~~~~~^~~
../Core/Src/test.c:150:36: warning: pointer targets in passing argument 3 of 'print_OLED' differ in signedness [-Wpointer-sign]
  150 |                 print_OLED(40, 45, "%u", true, dist);
      |                                    ^~~~
      |                                    |
      |                                    char *
../Core/Inc/helper.h:30:40: note: expected 'uint8_t *' {aka 'unsigned char *'} but argument is of type 'char *'
   30 | void print_OLED(int x, int y, uint8_t* msg, bool var_exist, int32_t val);
      |                               ~~~~~~~~~^~~
../Core/Src/test.c: In function 'gyroscope_task':
../Core/Src/test.c:168:43: warning: pointer targets in passing argument 3 of 'print_OLED' differ in signedness [-Wpointer-sign]
  168 |                         print_OLED(50, 0, "%d", true, gyroZ);
      |                                           ^~~~
      |                                           |
      |                                           char *
../Core/Inc/helper.h:30:40: note: expected 'uint8_t *' {aka 'unsigned char *'} but argument is of type 'char *'
   30 | void print_OLED(int x, int y, uint8_t* msg, bool var_exist, int32_t val);
      |                               ~~~~~~~~~^~~
../Core/Src/test.c:169:44: warning: pointer targets in passing argument 3 of 'print_OLED' differ in signedness [-Wpointer-sign]
  169 |                         print_OLED(70, 15, "%d", true, gyro_angle);
      |                                            ^~~~
      |                                            |
      |                                            char *
../Core/Inc/helper.h:30:40: note: expected 'uint8_t *' {aka 'unsigned char *'} but argument is of type 'char *'
   30 | void print_OLED(int x, int y, uint8_t* msg, bool var_exist, int32_t val);
      |                               ~~~~~~~~~^~~
../Core/Src/test.c:170:56: warning: implicit declaration of function 'abs' [-Wimplicit-function-declaration]
  170 |                         print_OLED(50, 30, "%d", true, abs(gyro_angle - target));
      |                                                        ^~~
../Core/Src/test.c:9:1: note: include '<stdlib.h>' or provide a declaration of 'abs'
    8 | #include "test.h"
  +++ |+#include <stdlib.h>
    9 | 
../Core/Src/test.c:170:71: warning: 'abs' argument 1 type is 'long int' where 'int' is expected in a call to built-in function declared without prototype [-Wbuiltin-declaration-mismatch]
  170 |                         print_OLED(50, 30, "%d", true, abs(gyro_angle - target));
      |                                                            ~~~~~~~~~~~^~~~~~~~
<built-in>: note: built-in 'abs' declared here
../Core/Src/test.c:170:44: warning: pointer targets in passing argument 3 of 'print_OLED' differ in signedness [-Wpointer-sign]
  170 |                         print_OLED(50, 30, "%d", true, abs(gyro_angle - target));
      |                                            ^~~~
      |                                            |
      |                                            char *
../Core/Inc/helper.h:30:40: note: expected 'uint8_t *' {aka 'unsigned char *'} but argument is of type 'char *'
   30 | void print_OLED(int x, int y, uint8_t* msg, bool var_exist, int32_t val);
      |                               ~~~~~~~~~^~~
../Core/Src/test.c:172:51: warning: 'abs' argument 1 type is 'long int' where 'int' is expected in a call to built-in function declared without prototype [-Wbuiltin-declaration-mismatch]
  172 |                         if (abs((int)(gyro_angle) - target) < 1)
      |                                 ~~~~~~~~~~~~~~~~~~^~~~~~~~
<built-in>: note: built-in 'abs' declared here
../Core/Src/test.c:180:26: warning: pointer targets in passing argument 3 of 'print_OLED' differ in signedness [-Wpointer-sign]
  180 |         print_OLED(0, 0, "Done", false, 0);
      |                          ^~~~~~
      |                          |
      |                          char *
../Core/Inc/helper.h:30:40: note: expected 'uint8_t *' {aka 'unsigned char *'} but argument is of type 'char *'
   30 | void print_OLED(int x, int y, uint8_t* msg, bool var_exist, int32_t val);
      |                               ~~~~~~~~~^~~
../Core/Src/test.c: In function 'UART3_task':
../Core/Src/test.c:184:26: warning: pointer targets in passing argument 3 of 'print_OLED' differ in signedness [-Wpointer-sign]
  184 |         print_OLED(0, 0, "cmd_cnt: %u", true, cmd_cnt);
      |                          ^~~~~~~~~~~~~
      |                          |
      |                          char *
../Core/Inc/helper.h:30:40: note: expected 'uint8_t *' {aka 'unsigned char *'} but argument is of type 'char *'
   30 | void print_OLED(int x, int y, uint8_t* msg, bool var_exist, int32_t val);
      |                               ~~~~~~~~~^~~
../Core/Src/test.c: In function 'count_gyro_task':
../Core/Src/test.c:207:27: warning: pointer targets in passing argument 3 of 'print_OLED' differ in signedness [-Wpointer-sign]
  207 |         print_OLED(50, 0, "%d", true, gyroZ);
      |                           ^~~~
      |                           |
      |                           char *
../Core/Inc/helper.h:30:40: note: expected 'uint8_t *' {aka 'unsigned char *'} but argument is of type 'char *'
   30 | void print_OLED(int x, int y, uint8_t* msg, bool var_exist, int32_t val);
      |                               ~~~~~~~~~^~~
arm-none-eabi-gcc -o "MDP_STM32.elf" @"objects.list"   -mcpu=cortex-m4 -T"D:\3. CE Timetable and Curriculum\7. AY2023-2024 Sem 1 (Year 4)\1. SC2079 - Multidisciplinary Design Project\4. Project\SC2079_GROUP13\Hardware_STM\MDP_STM32\STM32F407VETX_FLASH.ld" --specs=nosys.specs -Wl,-Map="MDP_STM32.map" -Wl,--gc-sections -static -u _printf_float --specs=nano.specs -mfpu=fpv4-sp-d16 -mfloat-abi=hard -mthumb -Wl,--start-group -lc -lm -Wl,--end-group
Finished building target: MDP_STM32.elf
 
arm-none-eabi-size  MDP_STM32.elf 
arm-none-eabi-objdump -h -S MDP_STM32.elf  > "MDP_STM32.list"
   text	   data	    bss	    dec	    hex	filename
  43888	    476	   4612	  48976	   bf50	MDP_STM32.elf
Finished building: default.size.stdout
 
Finished building: MDP_STM32.list
 
13:46:04 **** Incremental Build of configuration Debug for project MDP_STM32 ****
make -j8 all 
arm-none-eabi-size  MDP_STM32.elf 
   text	   data	    bss	    dec	    hex	filename
  43888	    476	   4612	  48976	   bf50	MDP_STM32.elf
Finished building: default.size.stdout
 
13:46:24 **** Incremental Build of configuration Debug for project MDP_STM32 ****
make -j8 all 
arm-none-eabi-size  MDP_STM32.elf 
   text	   data	    bss	    dec	    hex	filename
  43888	    476	   4612	  48976	   bf50	MDP_STM32.elf
Finished building: default.size.stdout
 
14:24:06 **** Incremental Build of configuration Debug for project MDP_STM32 ****
make -j8 all 
arm-none-eabi-gcc "../Core/Src/main.c" -mcpu=cortex-m4 -std=gnu11 -g3 -DDEBUG -DUSE_HAL_DRIVER -DSTM32F407xx -c -I../Core/Inc -I../Drivers/STM32F4xx_HAL_Driver/Inc -I../Drivers/STM32F4xx_HAL_Driver/Inc/Legacy -I../Drivers/CMSIS/Device/ST/STM32F4xx/Include -I../Drivers/CMSIS/Include -O0 -ffunction-sections -fdata-sections -Wall -u _printf_float -fstack-usage -fcyclomatic-complexity -MMD -MP -MF"Core/Src/main.d" -MT"Core/Src/main.o" --specs=nano.specs -mfpu=fpv4-sp-d16 -mfloat-abi=hard -mthumb -o "Core/Src/main.o"
../Core/Src/main.c: In function 'HAL_TIM_IC_CaptureCallback':
../Core/Src/main.c:118:20: warning: pointer targets in passing argument 3 of 'print_OLED' differ in signedness [-Wpointer-sign]
  118 |   print_OLED(0, 0, "Enter capture", false, 0);
      |                    ^~~~~~~~~~~~~~~
      |                    |
      |                    char *
In file included from ../Core/Src/main.c:26:
../Core/Inc/helper.h:30:40: note: expected 'uint8_t *' {aka 'unsigned char *'} but argument is of type 'char *'
   30 | void print_OLED(int x, int y, uint8_t* msg, bool var_exist, int32_t val);
      |                               ~~~~~~~~~^~~
../Core/Src/main.c: In function 'main':
../Core/Src/main.c:199:25: warning: pointer targets in passing argument 3 of 'OLED_ShowString' differ in signedness [-Wpointer-sign]
  199 |   OLED_ShowString(0, 0, "Press USER btn");
      |                         ^~~~~~~~~~~~~~~~
      |                         |
      |                         char *
In file included from ../Core/Src/main.c:25:
../Core/Inc/oled.h:44:59: note: expected 'const uint8_t *' {aka 'const unsigned char *'} but argument is of type 'char *'
   44 | void OLED_ShowString(uint8_t x, uint8_t y, const uint8_t *p);
      |                                            ~~~~~~~~~~~~~~~^
../Core/Src/main.c:200:26: warning: pointer targets in passing argument 3 of 'OLED_ShowString' differ in signedness [-Wpointer-sign]
  200 |   OLED_ShowString(0, 15, "to continue");
      |                          ^~~~~~~~~~~~~
      |                          |
      |                          char *
../Core/Inc/oled.h:44:59: note: expected 'const uint8_t *' {aka 'const unsigned char *'} but argument is of type 'char *'
   44 | void OLED_ShowString(uint8_t x, uint8_t y, const uint8_t *p);
      |                                            ~~~~~~~~~~~~~~~^
../Core/Src/main.c:212:26: warning: pointer targets in passing argument 3 of 'print_OLED' differ in signedness [-Wpointer-sign]
  212 |         print_OLED(0, 0, "tc1:", false, 0);
      |                          ^~~~~~
      |                          |
      |                          char *
../Core/Inc/helper.h:30:40: note: expected 'uint8_t *' {aka 'unsigned char *'} but argument is of type 'char *'
   30 | void print_OLED(int x, int y, uint8_t* msg, bool var_exist, int32_t val);
      |                               ~~~~~~~~~^~~
../Core/Src/main.c:213:27: warning: pointer targets in passing argument 3 of 'print_OLED' differ in signedness [-Wpointer-sign]
  213 |         print_OLED(0, 15, "tc2:", false, 0);
      |                           ^~~~~~
      |                           |
      |                           char *
../Core/Inc/helper.h:30:40: note: expected 'uint8_t *' {aka 'unsigned char *'} but argument is of type 'char *'
   30 | void print_OLED(int x, int y, uint8_t* msg, bool var_exist, int32_t val);
      |                               ~~~~~~~~~^~~
../Core/Src/main.c:214:27: warning: pointer targets in passing argument 3 of 'print_OLED' differ in signedness [-Wpointer-sign]
  214 |         print_OLED(0, 30, "echo:", false, 0);
      |                           ^~~~~~~
      |                           |
      |                           char *
../Core/Inc/helper.h:30:40: note: expected 'uint8_t *' {aka 'unsigned char *'} but argument is of type 'char *'
   30 | void print_OLED(int x, int y, uint8_t* msg, bool var_exist, int32_t val);
      |                               ~~~~~~~~~^~~
../Core/Src/main.c:215:27: warning: pointer targets in passing argument 3 of 'print_OLED' differ in signedness [-Wpointer-sign]
  215 |         print_OLED(0, 45, "dist:", false, 0);
      |                           ^~~~~~~
      |                           |
      |                           char *
../Core/Inc/helper.h:30:40: note: expected 'uint8_t *' {aka 'unsigned char *'} but argument is of type 'char *'
   30 | void print_OLED(int x, int y, uint8_t* msg, bool var_exist, int32_t val);
      |                               ~~~~~~~~~^~~
../Core/Src/main.c:220:35: warning: pointer targets in passing argument 3 of 'print_OLED' differ in signedness [-Wpointer-sign]
  220 |                 print_OLED(40, 0, "%u", true, tc1);
      |                                   ^~~~
      |                                   |
      |                                   char *
../Core/Inc/helper.h:30:40: note: expected 'uint8_t *' {aka 'unsigned char *'} but argument is of type 'char *'
   30 | void print_OLED(int x, int y, uint8_t* msg, bool var_exist, int32_t val);
      |                               ~~~~~~~~~^~~
../Core/Src/main.c:221:36: warning: pointer targets in passing argument 3 of 'print_OLED' differ in signedness [-Wpointer-sign]
  221 |                 print_OLED(40, 15, "%u", true, tc2);
      |                                    ^~~~
      |                                    |
      |                                    char *
../Core/Inc/helper.h:30:40: note: expected 'uint8_t *' {aka 'unsigned char *'} but argument is of type 'char *'
   30 | void print_OLED(int x, int y, uint8_t* msg, bool var_exist, int32_t val);
      |                               ~~~~~~~~~^~~
../Core/Src/main.c:222:36: warning: pointer targets in passing argument 3 of 'print_OLED' differ in signedness [-Wpointer-sign]
  222 |                 print_OLED(40, 30, "%u", true, echo);
      |                                    ^~~~
      |                                    |
      |                                    char *
../Core/Inc/helper.h:30:40: note: expected 'uint8_t *' {aka 'unsigned char *'} but argument is of type 'char *'
   30 | void print_OLED(int x, int y, uint8_t* msg, bool var_exist, int32_t val);
      |                               ~~~~~~~~~^~~
../Core/Src/main.c:223:36: warning: pointer targets in passing argument 3 of 'print_OLED' differ in signedness [-Wpointer-sign]
  223 |                 print_OLED(40, 45, "%.3f", true, dist);
      |                                    ^~~~~~
      |                                    |
      |                                    char *
../Core/Inc/helper.h:30:40: note: expected 'uint8_t *' {aka 'unsigned char *'} but argument is of type 'char *'
   30 | void print_OLED(int x, int y, uint8_t* msg, bool var_exist, int32_t val);
      |                               ~~~~~~~~~^~~
arm-none-eabi-gcc -o "MDP_STM32.elf" @"objects.list"   -mcpu=cortex-m4 -T"D:\3. CE Timetable and Curriculum\7. AY2023-2024 Sem 1 (Year 4)\1. SC2079 - Multidisciplinary Design Project\4. Project\SC2079_GROUP13\Hardware_STM\MDP_STM32\STM32F407VETX_FLASH.ld" --specs=nosys.specs -Wl,-Map="MDP_STM32.map" -Wl,--gc-sections -static -u _printf_float --specs=nano.specs -mfpu=fpv4-sp-d16 -mfloat-abi=hard -mthumb -Wl,--start-group -lc -lm -Wl,--end-group
Finished building target: MDP_STM32.elf
 
arm-none-eabi-size  MDP_STM32.elf 
arm-none-eabi-objdump -h -S MDP_STM32.elf  > "MDP_STM32.list"
   text	   data	    bss	    dec	    hex	filename
  43608	    476	   4612	  48696	   be38	MDP_STM32.elf
Finished building: default.size.stdout
 
Finished building: MDP_STM32.list
 
